,Unnamed: 0,gender,age,emotion,base,rewriting
0,0,男性,18-39,悲伤,这是由特别事件引起的吗？,我很遗憾听到你感觉不舒服。有什么特别的事情让你有这种感觉吗？
2,2,男性,18-39,悲伤,这是由特别事件引起的吗？,我很抱歉听到这个。是不是有什么特别的事情导致了这种感觉？
5,5,女性,40-69,悲伤,这是由特别事件引起的吗？,我很抱歉听到这个。你能找出让你有这种感觉的具体事件吗？
8,8,男性,18-39,悲伤,这是由特别事件引起的吗？,我很抱歉听到这个。会不会是因为某个事件？如果是这样，我希望这对你来说不是太难。
9,9,男性,18-39,悲伤,这是由特别事件引起的吗？,我很遗憾听到你感到难过。你知道是什么导致了这种悲伤的感觉，这是一个特定的事件吗？
11,11,女性,18-39,悲伤,这是由特别事件引起的吗？,听到你很难过，我很抱歉。有什么事情让你难过吗？
15,15,男性,40-69,悲伤,这是由特别事件引起的吗？,我很遗憾听到你有这种感觉。你能告诉我是否有特定的事件导致了这种情况？
20,20,男性,40-69,悲伤,这是由特别事件引起的吗？,为了让您感觉更好，我需要了解是否发生了什么事情导致了这种情况。是否有特定事件让您感到悲伤？
21,21,女性,18-39,悲伤,这是由特别事件引起的吗？,哦，听到这个我很抱歉。是特定情况导致的吗？
26,26,男性,40-69,悲伤,这是由特别事件引起的吗？,很抱歉听到这个，我可以理解。是否有导致这种情况的事件？
32,32,男性,40-69,悲伤,这是由特别事件引起的吗？,我很遗憾听到。你能告诉我它是否是由你可以分享的特定事件或事件引起的吗？
36,36,女性,18-39,悲伤,这是由特别事件引起的吗？,我很抱歉听到这个。你能想到导致这种情况发生的具体原因吗？
43,43,女性,18-39,悲伤,这是由特别事件引起的吗？,我很抱歉。这是由特定事件引起的吗？
46,46,女性,18-39,悲伤,这是由特别事件引起的吗？,感谢您与我分享您的情绪，我知道现在可能很难处理它们。为了我能更好地帮助你，你能告诉我具体的事件是否让你有这种感觉吗？
49,49,女性,40-69,悲伤,这是由特别事件引起的吗？,谢谢你让我知道，我非常抱歉你有这种感觉。请问这种感觉是不是有什么特殊原因？
52,52,女性,18-39,悲伤,这是由最近或遥远的事件（或多个事件）引起的吗？,谢谢，我明白了。你能告诉我这是最近发生的事情还是前一阵子发生的事情吗？我希望你没有因为这次事件而受到太多伤害。
54,54,女性,40-69,悲伤,这是由最近或遥远的事件（或多个事件）引起的吗？,你现在一定很痛。你能分享一下这个事件是最近发生的还是更久以前？
68,68,男性,40-69,悲伤,这是由最近或遥远的事件（或多个事件）引起的吗？,了解您处理此问题的时间很重要。请问这是最近发生的事件还是遥远的事件？
71,71,男性,40-69,悲伤,这是由最近或遥远的事件（或多个事件）引起的吗？,谢谢，我想知道您认为您生活中的什么事件引发了这种感觉。这是最近发生的事件还是更遥远的过去？
76,76,女性,18-39,悲伤,这是由最近或遥远的事件（或多个事件）引起的吗？,对不起，那一定很难。是最近发生的事情还是很久以前发生的事情？
79,79,男性,40-69,悲伤,这是由最近或遥远的事件（或多个事件）引起的吗？,明白了，谢谢分享。你会说这是最近发生的还是遥远的事件，这样我才能得到更好的画面？
87,87,男性,18-39,悲伤,这是由最近或遥远的事件（或多个事件）引起的吗？,我很抱歉听到这个。是否有一些最近发生的事件可以作为造成这种情况的原因，或者是不久前发生的事件？
89,89,男性,40-69,悲伤,这是由最近或遥远的事件（或多个事件）引起的吗？,我很遗憾听到这个消息。这是最近发生的还是不久前发生的？
90,90,女性,18-39,悲伤,这是由最近或遥远的事件（或多个事件）引起的吗？,我很抱歉听到这个。我也可以问一下是不是由最近或遥远的事件（或事件）引起的？
92,92,女性,40-69,悲伤,这是由最近或遥远的事件（或多个事件）引起的吗？,非常感谢你让我知道。你会说是最近或遥远的事件（或事件）引起了这种情绪吗？
93,93,女性,18-39,悲伤,这是由最近或遥远的事件（或多个事件）引起的吗？,我明白了，谢谢。这件事是最近还是很久以前发生的？不管怎样，我希望你没被这件事有太大的创伤。
97,97,男性,18-39,悲伤,您最近是否尝试过协议6，并发现由于旧事件而重新点燃了无法控制的情绪？,首先，您的感受对我很重要，所以我需要询问您之前与协议的互动情况。你最近有没有尝试过协议 6，如果是这样，它是否会因为你想起这件事而引发困难的情绪？
98,98,女性,40-69,悲伤,您最近是否尝试过协议6，并发现由于旧事件而重新点燃了无法控制的情绪？,有些人发现协议 6 不一定对他们有帮助，所以我试图评估它是否适合您当前的情况。您是否尝试过协议 6，它是否让您感到任何负面情绪？
102,102,女性,40-69,悲伤,您最近是否尝试过协议6，并发现由于旧事件而重新点燃了无法控制的情绪？,我想知道，最近尝试协议 6 是否会引发任何不好的感觉？如果发生这种情况，我希望你不会因为那次练习而受太多苦。
105,105,男性,18-39,悲伤,您最近是否尝试过协议6，并发现由于旧事件而重新点燃了无法控制的情绪？,我明白这可能很困难。请问你是否尝试过协议 6 来更好地理解你的情绪，但通过它太痛苦了？
121,121,男性,40-69,悲伤,您最近是否尝试过协议6，并发现由于旧事件而重新点燃了无法控制的情绪？,协议 6 可以唤起您可能很久都没有感受到的情绪，所以我想知道这是否是您的正确选择。有没有可能你最近尝试了协议 6，这又重新点燃了这些负面情绪？
123,123,女性,18-39,悲伤,您最近是否尝试过协议6，并发现由于旧事件而重新点燃了无法控制的情绪？,感谢您如此开放，我正在努力确定帮助的最佳方式，并知道重新审视创伤有多么困难。我很好奇协议 6 是否对你来说太痛苦了？
126,126,男性,40-69,悲伤,您最近是否尝试过协议6，并发现由于旧事件而重新点燃了无法控制的情绪？,您是否尝试过协议 6 并且可能发现这并没有像您希望的那样提供帮助？
127,127,男性,40-69,悲伤,您最近是否尝试过协议6，并发现由于旧事件而重新点燃了无法控制的情绪？,我认为协议 6 可能会有所帮助，但在我提出建议之前，我想进一步调查一下。如果你最近尝试过协议 6，你能告诉我它是否会因为旧的事件而导致无法控制的情绪吗？
135,135,男性,18-39,悲伤,您最近是否尝试过协议6，并发现由于旧事件而重新点燃了无法控制的情绪？,这是不幸的。你有没有尝试过协议 6，它是否引发了你对这次事件的同样困难的情绪？
138,138,女性,18-39,悲伤,您最近是否尝试过协议6，并发现由于旧事件而重新点燃了无法控制的情绪？,我很抱歉你正在经历这个。您最近是否尝试过协议 6 并发现由于旧事件而重新点燃了无法控制的情绪？
139,139,男性,18-39,悲伤,您最近是否尝试过协议6，并发现由于旧事件而重新点燃了无法控制的情绪？,协议 6 中的练习对某些人来说可能很困难，所以我想知道它们是否适合您。您是否尝试过协议 6 中的练习并发现它们很困难或有创伤？
140,140,女性,40-69,悲伤,您最近是否尝试过协议6，并发现由于旧事件而重新点燃了无法控制的情绪？,感谢您与我分享这个，我知道这可能很困难。我想问你最近是否尝试过协议 6，如果是，你是否因此感到更加痛苦。
144,144,女性,40-69,悲伤,您最近是否尝试过协议6，并发现由于旧事件而重新点燃了无法控制的情绪？,谢谢你，也许协议 6 可以帮助你处理这个事件，但是在我推荐它之前，我想确保你过去没有遇到过糟糕的经历。你是否已经尝试过协议 6，如果是，它是否激起了困难或创伤性的情绪？
145,145,男性,18-39,悲伤,您最近是否尝试过协议11，并发现由于旧事件而重新点燃了无法控制的情绪？,首先，您的感受对我很重要，所以我需要询问您之前与协议的互动情况。你最近有没有尝试过协议 11，如果是这样，它是否会激发你记住这一事件的困难情绪？
146,146,女性,40-69,悲伤,您最近是否尝试过协议11，并发现由于旧事件而重新点燃了无法控制的情绪？,有些人发现协议 11 不一定对他们有帮助，所以我试图评估它是否适合您当前的情况。您是否尝试过协议 11，它是否让您感到任何负面情绪？
150,150,女性,40-69,悲伤,您最近是否尝试过协议11，并发现由于旧事件而重新点燃了无法控制的情绪？,我想知道，最近尝试协议 6 是否会引发任何不好的感觉？如果发生这种情况，我希望你不会因为那次练习而受太多苦。
153,153,男性,18-39,悲伤,您最近是否尝试过协议11，并发现由于旧事件而重新点燃了无法控制的情绪？,我明白这可能很困难。请问你是否尝试过协议 11 来更好地理解你的情绪，但通过它太痛苦了？
169,169,男性,40-69,悲伤,您最近是否尝试过协议11，并发现由于旧事件而重新点燃了无法控制的情绪？,协议 11 可以唤起您一段时间内可能没有感受到的情绪，所以我想知道它是否是您的正确选择。有没有可能你最近尝试了协议 11，这又重新点燃了负面情绪？
171,171,女性,18-39,悲伤,您最近是否尝试过协议11，并发现由于旧事件而重新点燃了无法控制的情绪？,感谢您如此开放，我正在努力确定帮助的最佳方式，并知道重新审视创伤有多么困难。我很好奇协议 11 是否对你来说太痛苦了？
174,174,男性,40-69,悲伤,您最近是否尝试过协议11，并发现由于旧事件而重新点燃了无法控制的情绪？,您是否尝试过协议 11 并且可能发现这并没有像您希望的那样有帮助？
175,175,男性,40-69,悲伤,您最近是否尝试过协议11，并发现由于旧事件而重新点燃了无法控制的情绪？,我认为协议 11 可能会有所帮助，但在我提出建议之前，我想进一步调查一下。如果你最近尝试过协议 11，你能告诉我它是否因为最近的事件而导致无法控制的情绪吗？
183,183,男性,18-39,悲伤,您最近是否尝试过协议11，并发现由于旧事件而重新点燃了无法控制的情绪？,这是不幸的。你有没有尝试过协议 11，它是否引发了你对这次事件的同样困难的情绪？
186,186,女性,18-39,悲伤,您最近是否尝试过协议11，并发现由于旧事件而重新点燃了无法控制的情绪？,我很抱歉你正在经历这个。您最近是否尝试过协议 11 并发现由于最近的事件而重新点燃了无法控制的情绪？
187,187,男性,18-39,悲伤,您最近是否尝试过协议11，并发现由于旧事件而重新点燃了无法控制的情绪？,协议 11 中的练习对某些人来说可能很困难，所以我想知道它们是否适合您。您是否尝试过协议 11 中的练习并发现它们很困难或有创伤？
188,188,女性,40-69,悲伤,您最近是否尝试过协议11，并发现由于旧事件而重新点燃了无法控制的情绪？,感谢您与我分享这个，我知道这可能很困难。我想问你最近是否尝试过协议 11，如果是，你是否因此感到更加痛苦。
192,192,女性,40-69,悲伤,您最近是否尝试过协议11，并发现由于旧事件而重新点燃了无法控制的情绪？,谢谢你，也许协议 11 可以帮助你处理这个事件，但是在我推荐它之前，我想确保你过去没有遇到过糟糕的经历。你是否已经尝试过协议 11，如果是，它是否激起了困难或创伤性的情绪？
193,193,男性,18-39,悲伤,谢谢。现在我会问一些问题以了解您的情况。,感谢您如此乐于助人和耐心。如果您不介意，我还有几个问题可以帮助我进一步了解情况。
197,197,男性,18-39,悲伤,谢谢。现在我会问一些问题以了解您的情况。,谢谢，我很感激。我将尝试通过问你更多问题来深入了解这个问题。
198,198,女性,40-69,悲伤,谢谢。现在我会问一些问题以了解您的情况。,我感谢你的努力，尽管这对你来说一定很艰难。我现在有一些问题可以帮助您了解您的情况。
200,200,女性,18-39,悲伤,谢谢。现在我会问一些问题以了解您的情况。,我与您的情绪保持一致，我们将了解如何克服它。我想再问你一些问题，以更好地理解你为什么会有这种感觉。
202,202,男性,18-39,悲伤,谢谢。现在我会问一些问题以了解您的情况。,感谢您与我分享这一切，我想这一定很困难。我想通过更多的问题更好地了解您正在经历的事情。
203,203,男性,18-39,悲伤,谢谢。现在我会问一些问题以了解您的情况。,非常感谢你与我分享这一点，我能体会到这种感觉。我只需要问几个问题就可以更好地了解您现在正在处理的问题。
205,205,女性,40-69,悲伤,谢谢。现在我会问一些问题以了解您的情况。,我知道你情绪低落，我很抱歉听到它。我们通过几个问题来研究一些可能会帮助您感觉更好的方法如何。
206,206,男性,18-39,悲伤,谢谢。现在我会问一些问题以了解您的情况。,谢谢，希望我们能更好地了解您最近的困难。如果可以的话，我今天还有几个问题要问你。
207,207,男性,18-39,悲伤,谢谢。现在我会问一些问题以了解您的情况。,谢谢你让我知道，我很感激。我现在想做的是问几个关于正在发生的事情的问题，这样我就可以更好地了解正在发生的事情。
213,213,男性,40-69,悲伤,谢谢。现在我会问一些问题以了解您的情况。,我很感激你与我分享这个。如果您觉得合适，我希望您现在提供更多信息给我。
214,214,女性,18-39,悲伤,谢谢。现在我会问一些问题以了解您的情况。,很抱歉听到你的麻烦。我现在要问一些问题，以了解您的情况。
221,221,女性,18-39,悲伤,谢谢。现在我会问一些问题以了解您的情况。,感谢您如此开放，我知道这有多难。我还有几个问题要尝试更好地了解您所处的位置以及如何提供帮助。
222,222,女性,18-39,悲伤,谢谢。现在我会问一些问题以了解您的情况。,我理解你很伤心，在这种复杂的情况下这是完全有道理的。我现在有几个问题要问您，以帮助我了解正在发生的事情。
225,225,男性,40-69,悲伤,谢谢。现在我会问一些问题以了解您的情况。,非常感谢你跟我说话。想请教您一些问题，以便更好地了解您的情况。
226,226,女性,40-69,悲伤,谢谢。现在我会问一些问题以了解您的情况。,感谢您分享这个。现在我想更好地了解你的情况，所以我会问你一些问题，如果可以的话。
233,233,男性,18-39,悲伤,谢谢。现在我会问一些问题以了解您的情况。,谢谢你，很抱歉你现在正在挣扎并想提供帮助。让我们继续讨论下一个问题，并尝试解决这种情况。
234,234,女性,40-69,悲伤,谢谢。现在我会问一些问题以了解您的情况。,非常感谢你。我现在想通过问你一些额外的问题来更深入地了解你的困境。
235,235,男性,40-69,悲伤,谢谢。现在我会问一些问题以了解您的情况。,很抱歉让您受到伤害，在我尝试进一步调查时请耐心等待。我想再问你一些问题，这样我才能更好地了解情况。
236,236,女性,18-39,悲伤,谢谢。现在我会问一些问题以了解您的情况。,感谢您与我分享这一点，我想以某种方式帮助您。现在我会问一些问题以了解您的情况。
238,238,女性,40-69,悲伤,谢谢。现在我会问一些问题以了解您的情况。,感谢您与我分享您的感受，感谢您的信任。如果您不介意，我现在将问您几个问题以更好地了解情况。
239,239,女性,18-39,悲伤,谢谢。现在我会问一些问题以了解您的情况。,谢谢分享，很抱歉你正在经历这个。我只想再问一些问题，以便更好地了解您现在的感受。
241,241,男性,40-69,悲伤,谢谢。现在我会问一些问题以了解您的情况。,谢谢，感谢您与我分享，我知道这可能很困难。我想再问几个问题，以便更好地了解您的情况。
242,242,女性,40-69,悲伤,谢谢。现在我会问一些问题以了解您的情况。,感谢您对我敞开心扉，我理解这可能很困难，我感谢您的诚实。我想再问你几个问题，以便我可以更好地帮助你，如果你没问题的话。
243,243,男性,18-39,悲伤,您是否对某人有强烈的感受或表达以下任何情绪：,我知道这可能很困难，但如果您能与我分享这一点，我会非常感激。请问您是否对某人表达或感受到了以下强烈的情绪：
245,245,男性,18-39,悲伤,您是否对某人有强烈的感受或表达以下任何情绪：,谢谢，感谢您的耐心等待。您是否会说您对某人有强烈的感受或表达过以下任何一种情绪：
266,266,男性,40-69,悲伤,您是否对某人有强烈的感受或表达以下任何情绪：,我很感谢你分享的感受。请问您是否有过以下感受：
269,269,男性,40-69,悲伤,您是否对某人有强烈的感受或表达以下任何情绪：,困难的情况会使我们的情绪感到紧张。您是否有任何这些强烈的感受和/或您向另一个人表达过它们：
271,271,女性,18-39,悲伤,您是否对某人有强烈的感受或表达以下任何情绪：,我将向您展示一系列不健康的情绪，但有时会向他人感受或表达这些不健康的情绪。如果您对生活中的人经历过以下任何一种情绪，请告诉我：
286,286,女性,18-39,悲伤,您是否对某人有强烈的感受或表达以下任何情绪：,我与你的情绪保持一致，我们会理解克服它。您是否对某人有强烈的感受或表达过以下任何一种情绪：
288,288,女性,40-69,悲伤,您是否对某人有强烈的感受或表达以下任何情绪：,谢谢你，我想让你知道，如果我们能够理解它们并向它们学习，即使是负面情绪也可以帮助我们成长。您最近是否对您认识的任何人经历过以下任何情绪：
289,289,女性,18-39,悲伤,您是否对某人有强烈的感受或表达以下任何情绪：,谢谢你对我的信任，我现在想知道你最近在处理什么样的情绪。你能告诉我你是否有过以下任何一种情绪：
290,290,男性,40-69,悲伤,您是否对某人有强烈的感受或表达以下任何情绪：,我们有时可能会经历一些我们可能会羞于承认的困难情绪，但它们是完全正常的，我们识别并处理它们很重要。你能告诉我你是否感受到或表达了以下任何一种情绪：
292,292,女性,40-69,悲伤,您是否对某人有强烈的感受或表达以下任何情绪：,我想问你关于你可能感受到的负面情绪；有时感觉到它们是完全正常的，但重要的是我们在它们接管我们的生活之前学会识别它们。回想一下您最近的过去，您是否有时对某人有以下任何情绪：
309,309,男性,18-39,悲伤,您认为您应该成为别人的救星吗？,我想更好地理解为什么你现在正在经历这种消极的感觉。你觉得你需要拯救别人吗？
321,321,女性,18-39,悲伤,您认为您应该成为别人的救星吗？,忠诚和乐于助人总是美好的美德，但是，如果我们开始忘记自己的幸福，它们就会变得不健康。您认为专注于帮助他人比成长和专注于自己更重要吗？
330,330,女性,18-39,悲伤,您认为您应该成为别人的救星吗？,感谢您迄今为止的合作。请问您是否觉得有必要将生活中的其他人从他们自己的问题中解救出来？
335,335,女性,40-69,悲伤,您认为您应该成为别人的救星吗？,我想了解一下您如何看待自己在社交圈中的角色。你是否经常觉得救人是你的工作，或者别人希望你这样？
338,338,男性,40-69,悲伤,您认为您应该成为别人的救星吗？,在回答以下问题之前，请尝试仔细考虑您最近的过去。最近，您是否觉得自己有责任拯救周围的人，以牺牲自己为代价来帮助他们克服问题？
351,351,男性,18-39,悲伤,您是否将自己视为受害者，将自己的负面情绪归咎于他人？,你是否认为，也许，你没有对自己的感受承担全部责任，这导致你对他人进行猛烈抨击？
361,361,男性,40-69,悲伤,您是否将自己视为受害者，将自己的负面情绪归咎于他人？,明白了，谢谢，那我再深入研究一下。在这种令人遗憾的情况下，您是否觉得自己是受害者？
365,365,男性,18-39,悲伤,您是否将自己视为受害者，将自己的负面情绪归咎于他人？,谢谢你，让我们再回想一下你的这种感觉。你会说你是一个受害者，你会因为你的感受而责怪别人吗？
370,370,男性,18-39,悲伤,您是否将自己视为受害者，将自己的负面情绪归咎于他人？,我想知道你是否感到被周围的人理解或对抗；这对我能够帮助你很重要。你认为你周围的人理解你还是他们实际上是问题的一部分？
378,378,女性,40-69,悲伤,您是否将自己视为受害者，将自己的负面情绪归咎于他人？,非常感谢您的回答。我现在想问你，你是否认为自己是这种情况的受害者，而你的痛苦感觉应该归咎于其他人。
380,380,男性,40-69,悲伤,您是否将自己视为受害者，将自己的负面情绪归咎于他人？,感谢您分享这个。你能告诉我你是否认为自己是受害者，把你的负面情绪归咎于别人吗？
382,382,女性,40-69,悲伤,您是否将自己视为受害者，将自己的负面情绪归咎于他人？,我明白。在这种情况下，其他人是否是问题所在，也许是您亲近的人对待您的方式？
383,383,女性,40-69,悲伤,您是否将自己视为受害者，将自己的负面情绪归咎于他人？,没关系，谢谢你让我知道。有没有人因为你的悲伤而特别责备谁？
384,384,女性,18-39,悲伤,您是否将自己视为受害者，将自己的负面情绪归咎于他人？,我同情你现在所经历的悲伤。我想知道，在你的生活中，有没有人让你觉得应该为你的悲伤负责？
386,386,男性,40-69,悲伤,您是否将自己视为受害者，将自己的负面情绪归咎于他人？,感谢您的回答，让我们看看是否还有其他事情困扰着您。你觉得最近有人虐待你或伤害你吗？
409,409,男性,40-69,悲伤,您觉得您在试图控制某人吗？,谢谢你的回复，很有帮助。试着从外面看自己，你是否觉得你在控制或试图控制别人的行为？
413,413,男性,18-39,悲伤,您觉得您在试图控制某人吗？,在回答下一个问题之前，请尝试深入了解您与他人的关系。你觉得你在试图控制某人吗？
417,417,女性,18-39,悲伤,您觉得您在试图控制某人吗？,当涉及情绪时，总是很难保持客观，但如果可以的话，我希望你尝试一下。你是否觉得你总是更关注别人在生活中所做的事情，而不是你在生活中所做的事情？
425,425,女性,40-69,悲伤,您觉得您在试图控制某人吗？,再次感谢，这对我的理解很有帮助。可能是你试图控制或操纵别人做你想让他们做的事情？
426,426,女性,18-39,悲伤,您觉得您在试图控制某人吗？,谢谢你。你会说，也许你正试图控制别人，让他们做你想让他们做的事，或者说你想听的话？
428,428,女性,40-69,悲伤,您觉得您在试图控制某人吗？,下面的问题可能感觉有点直接，但请尽量诚实地回答。你会说你现在觉得有必要控制某人或某事吗？
429,429,女性,40-69,悲伤,您觉得您在试图控制某人吗？,我明白了，也许你的悲伤可能是因为无法从别人那里得到你需要或期望的东西。可能是您试图控制某人但无法控制，这让您感到沮丧？
431,431,女性,18-39,悲伤,您觉得您在试图控制某人吗？,你的悲伤会导致你对某人变得操纵吗？是否可能是您试图让某人做或说某事以让自己感觉更好？
433,433,男性,40-69,悲伤,您觉得您在试图控制某人吗？,谢谢你的回答，我一直在这里理解和帮助你，从不评判。你有没有可能试图掌控别人的生活？
448,448,男性,18-39,悲伤,当出现问题时，您是否总是责怪和指责自己？,偶尔为我们的问题责备自己是正常的，但我们应该小心不要把它变成一种破坏性的习惯。你有没有注意到你总是为任何出错的事情责备自己？
473,473,女性,40-69,悲伤,当出现问题时，您是否总是责怪和指责自己？,我明白了，谢谢你花时间回答这个问题。请问您是否觉得自己有一种总是将问题归咎于自己的倾向？
475,475,男性,40-69,悲伤,当出现问题时，您是否总是责怪和指责自己？,感谢您分享这个。你能告诉我你是否觉得当事情出错时你总是在责备和指责自己吗？
479,479,女性,40-69,悲伤,当出现问题时，您是否总是责怪和指责自己？,谢谢你让我知道。你会不会说你很容易自责，经常因为出了问题而责备自己？
480,480,女性,18-39,悲伤,当出现问题时，您是否总是责怪和指责自己？,嗯，我明白了，谢谢你花时间回答所有这些问题，我仍在努力找出最好的帮助方式。你会说当出现问题时，你有把矛头指向自己的倾向吗？
504,504,男性,40-69,悲伤,在之前的对话中，您是否考虑过其他提出的观点？,谢谢你让我知道。您是否相信您已经探索了所有选项，包括其他人可能向您建议的选项？
521,521,女性,18-39,悲伤,在之前的对话中，您是否考虑过其他提出的观点？,感谢您的信任，请帮助我更好地理解。你是说，在之前的谈话中，你一直愿意听取别人的看法和意见吗？
529,529,男性,40-69,悲伤,在之前的对话中，您是否考虑过其他提出的观点？,有时，只要我们能够倾听，其他人也许能够帮助我们弄清楚情况并变得更强大。你认为自己是一个好的倾听者吗？
552,552,男性,40-69,悲伤,您是否正在经历个人危机（与亲人相处有困难，例如与朋友闹翻）？,很抱歉让您感到难过，为了帮助您，我想深入挖掘一下。如果你不介意我问一下，你正在经历一场艰难的个人危机吗？
569,569,女性,40-69,悲伤,您是否正在经历个人危机（与亲人相处有困难，例如与朋友闹翻）？,感谢您到目前为止的回答。请问您现在是否觉得自己正在经历个人危机，或者您是否正在与周围的人遇到难以处理的人际关系困难？
570,570,女性,18-39,悲伤,您是否正在经历个人危机（与亲人相处有困难，例如与朋友闹翻）？,谢谢你。我想知道您是否因为与朋友或家人的问题而正在经历特别困难的时刻。
571,571,男性,40-69,悲伤,您是否正在经历个人危机（与亲人相处有困难，例如与朋友闹翻）？,感谢您的耐心等待，我真的很感激。你能告诉我，你是否觉得在你生命中的这一刻正在经历个人危机，在工作或家庭中遇到严重的困难？
573,573,女性,40-69,悲伤,您是否正在经历个人危机（与亲人相处有困难，例如与朋友闹翻）？,感谢您如此耐心和合作。如果你不介意，我希望你告诉我你是否觉得你此刻正在挣扎。
574,574,女性,40-69,悲伤,您是否正在经历个人危机（与亲人相处有困难，例如与朋友闹翻）？,我知道这可能很艰难，所以感谢您如此耐心地回答所有问题。您最近是否经历过强烈的情绪压力，或者您是否感到被朋友或亲人误解？
575,575,女性,40-69,悲伤,您是否正在经历个人危机（与亲人相处有困难，例如与朋友闹翻）？,我想知道你的悲伤是否可以在更广泛的问题上解决。您在生活中是否遇到任何重大问题，例如，您是否与所爱的人闹翻了？
577,577,女性,18-39,悲伤,您是否正在经历个人危机（与亲人相处有困难，例如与朋友闹翻）？,您是否会将您生命中的这一刻描述为一个紧张而复杂的时刻，您、您的人际关系和情感都受到了强烈挑战？
583,583,女性,40-69,愤怒,这是由特别事件引起的吗？,谢谢你，我知道你现在很不高兴，但如果你能告诉我更多，我将非常感激。是否有特定事件引起了您的愤怒？
587,587,男性,18-39,愤怒,这是由特别事件引起的吗？,我很遗憾听到它，这是我们所有人有时都会经历的事情。你能告诉我这些感觉是否来自特定的事件？
591,591,男性,18-39,愤怒,这是由特别事件引起的吗？,我很遗憾听到。在您的脑海中是否有让您有这种感觉的特定事件？
597,597,男性,40-69,愤怒,这是由特别事件引起的吗？,很抱歉你有这种感觉，我想知道更多关于发生的事情。这是由特定事件引起的吗？
598,598,男性,40-69,愤怒,这是由特别事件引起的吗？,哦，我很遗憾听到它，我想更多地了解是什么让你有这种感觉。是因为某个特定的事件吗？
607,607,男性,40-69,愤怒,这是由特别事件引起的吗？,我明白了，谢谢你和我分享你的感受，我想知道更多发生的事情。这是由特定原因引起的吗？
612,612,女性,40-69,愤怒,这是由特别事件引起的吗？,我理解，我很抱歉你有这种感觉。这是由特定事件引起的吗？
613,613,男性,18-39,愤怒,这是由特别事件引起的吗？,你一定很难有这种感觉。这是由特定的东西触发的吗？
615,615,男性,18-39,愤怒,这是由特别事件引起的吗？,我很抱歉。有什么特别让你有这种感觉的吗？
616,616,女性,40-69,愤怒,这是由特别事件引起的吗？,谢谢，如果您能详细说明一下您感到如此生气的原因，我将不胜感激。是特定事件造成的吗？
618,618,女性,18-39,愤怒,这是由特别事件引起的吗？,有这种感觉没关系。请问这是否是由特定事件引起的？
621,621,女性,18-39,愤怒,这是由特别事件引起的吗？,感谢您与我分享您的感受，尽管现在对您来说可能很困难。你认为你的感觉可能是由某些特定的事情引起的吗？
623,623,男性,40-69,愤怒,这是由特别事件引起的吗？,哦，那不好。是不是有什么东西触发了这种感觉？
624,624,女性,40-69,愤怒,这是由特别事件引起的吗？,谢谢你，我明白现在处理这种感觉有多难，希望我能帮助你感觉更好。你能告诉我是否有特定的事件让你有这种感觉吗？
633,633,女性,18-39,愤怒,这是由最近或遥远的事件（或多个事件）引起的吗？,感谢您的意见，很抱歉您必须处理这个问题。你能告诉我这是由最近还是遥远的事情引起的吗？
639,639,女性,18-39,愤怒,这是由最近或遥远的事件（或多个事件）引起的吗？,我很抱歉听到这个。这是最近发生的，还是前一段时间发生的？
653,653,男性,18-39,愤怒,这是由最近或遥远的事件（或多个事件）引起的吗？,我完全理解你为什么会有这种感觉。为了帮助您，我需要知道这是最近发生的还是前一段时间发生的。
656,656,女性,40-69,愤怒,这是由最近或遥远的事件（或多个事件）引起的吗？,谢谢你的回复，我真的很想帮忙。你能告诉我这是由最近的事件还是由遥远的事件引起的吗？
664,664,女性,40-69,愤怒,这是由最近或遥远的事件（或多个事件）引起的吗？,谢谢你的回答，我可以联系。你会说这件事或让你感到愤怒的事件发生在最近或遥远的过去吗？
667,667,男性,40-69,愤怒,这是由最近或遥远的事件（或多个事件）引起的吗？,很抱歉听到这个。请问这是最近还是以前发生的事件导致了这种情况？
668,668,女性,40-69,愤怒,这是由最近或遥远的事件（或多个事件）引起的吗？,我明白了，谢谢你告诉我。请问，这件事引起你的愤怒是遥远的还是最近的？
669,669,男性,18-39,愤怒,您最近是否尝试过协议6，并发现由于旧事件而重新点燃了无法控制的情绪？,如果你能和我分享以下信息，那对我会有很大帮助。您最近是否尝试过协议 6，如果是这样，是否让您感到难以管理情绪？
674,674,男性,18-39,愤怒,您最近是否尝试过协议6，并发现由于旧事件而重新点燃了无法控制的情绪？,我知道有时回想过去会让人不舒服。你有没有试过通过协议 6 工作？如果是这样，您是否感到无法处理出现的情绪？
676,676,女性,18-39,愤怒,您最近是否尝试过协议6，并发现由于旧事件而重新点燃了无法控制的情绪？,这真的很有帮助，谢谢。据您所知，执行协议 6 是否让您感到生气或不安？
691,691,女性,18-39,愤怒,您最近是否尝试过协议6，并发现由于旧事件而重新点燃了无法控制的情绪？,协议 6 是难度更大的练习之一，并不适合所有情况；我正在尝试确定它是否适合您。您是否尝试过协议 6 并发现它太难了？
699,699,男性,18-39,愤怒,您最近是否尝试过协议6，并发现由于旧事件而重新点燃了无法控制的情绪？,明白了，非常感谢分享。最近对协议 6 的尝试是否导致过去的情绪爆发？
704,704,女性,18-39,愤怒,您最近是否尝试过协议6，并发现由于旧事件而重新点燃了无法控制的情绪？,我理解并且很抱歉发生这种情况。您最近是否尝试过协议 6 并发现由于旧事件而重新点燃了无法控制的情绪？
706,706,女性,40-69,愤怒,您最近是否尝试过协议6，并发现由于旧事件而重新点燃了无法控制的情绪？,谢谢你帮助我更好地理解。我想知道您最近是否尝试过协议 6，如果是，您是否发现它弊大于利？
707,707,女性,18-39,愤怒,您最近是否尝试过协议6，并发现由于旧事件而重新点燃了无法控制的情绪？,我想了解协议 6 是否适合您，因为它可能非常激烈。请问您最近是否尝试过协议 6，并发现这会带回过去的负面情绪？
710,710,女性,40-69,愤怒,您最近是否尝试过协议6，并发现由于旧事件而重新点燃了无法控制的情绪？,谢谢你；我认为协议 6 可以帮助你处理这个事件，但是有些人报告说这个协议可能相当激烈。你是否已经尝试过协议 6，如果是这样，它是否激起了困难或创伤性的情绪？
711,711,男性,18-39,愤怒,您最近是否尝试过协议11，并发现由于旧事件而重新点燃了无法控制的情绪？,如果你能和我分享以下信息，那对我会有很大帮助。您最近有没有尝试过协议 11，如果是这样，它是否让你感到难以管理情绪？
716,716,男性,18-39,愤怒,您最近是否尝试过协议11，并发现由于旧事件而重新点燃了无法控制的情绪？,我知道有时回想过去会让人不舒服。您是否尝试过通过协议 11？如果是这样，您是否感到无法处理出现的情绪？
718,718,女性,18-39,愤怒,您最近是否尝试过协议11，并发现由于旧事件而重新点燃了无法控制的情绪？,这真的很有帮助，谢谢。据您所知，执行协议 11 是否让您感到生气或不安？
733,733,女性,18-39,愤怒,您最近是否尝试过协议11，并发现由于旧事件而重新点燃了无法控制的情绪？,协议 11 是一项更艰巨的练习，并不适合所有情况；我正在尝试确定它是否适合您。您是否尝试过协议 11 并发现它太难了？
741,741,男性,18-39,愤怒,您最近是否尝试过协议11，并发现由于旧事件而重新点燃了无法控制的情绪？,明白了，非常感谢分享。最近对协议 11 的尝试是否导致过去的情绪爆发？
746,746,女性,18-39,愤怒,您最近是否尝试过协议11，并发现由于旧事件而重新点燃了无法控制的情绪？,我理解并且很抱歉发生这种情况。您最近是否尝试过协议 11 并发现由于旧事件而重新点燃了无法控制的情绪？
748,748,女性,40-69,愤怒,您最近是否尝试过协议11，并发现由于旧事件而重新点燃了无法控制的情绪？,谢谢你帮助我更好地理解。我还想知道您最近是否尝试过协议 11，如果是，您是否发现它弊大于利？
749,749,女性,18-39,愤怒,您最近是否尝试过协议11，并发现由于旧事件而重新点燃了无法控制的情绪？,我想了解协议 11 是否适合您，因为它可能非常激烈。请问您最近是否尝试过协议 11，并发现这会带回过去的负面情绪？
752,752,女性,40-69,愤怒,您最近是否尝试过协议11，并发现由于旧事件而重新点燃了无法控制的情绪？,谢谢你；我认为协议 11 可以帮助你处理这个事件，但是有些人报告说这个协议可能相当激烈。你是否已经尝试过协议 11，如果是这样，它是否激起了困难或创伤性的情绪？
754,754,男性,18-39,愤怒,谢谢。现在我会问一些问题以了解您的情况。,我很高兴你能分享你的情绪。我想再问你几个问题，以便更好地了解情况。
756,756,女性,40-69,愤怒,谢谢。现在我会问一些问题以了解您的情况。,我很感激你试图发泄你的愤怒。让我们试图寻找一些问题的答案，以便我们更好地了解您的情况。
757,757,男性,40-69,愤怒,谢谢。现在我会问一些问题以了解您的情况。,我很感激你与我分享这个。我想再问几个问题，以帮助我了解您的情况。
758,758,女性,18-39,愤怒,谢谢。现在我会问一些问题以了解您的情况。,我很遗憾听到你正在经历这一切。现在我会问你一些更多的问题来了解发生了什么，感谢你的配合。
761,761,男性,18-39,愤怒,谢谢。现在我会问一些问题以了解您的情况。,感谢您与我分享这一点，我知道对这些事情诚实可能很难。现在我会问你几个问题，以便更好地了解你目前的情况。
762,762,女性,18-39,愤怒,谢谢。现在我会问一些问题以了解您的情况。,所有这些都非常有价值，感谢您到目前为止的回答。如果可以的话，我想问更多关于你的感受的问题。
765,765,男性,18-39,愤怒,谢谢。现在我会问一些问题以了解您的情况。,很高兴你能告诉我，谢谢。现在，如果你没问题，我想问你一些事情，这样我就可以确定现在发生了什么。
769,769,女性,40-69,愤怒,谢谢。现在我会问一些问题以了解您的情况。,你所经历的听起来很难。为了更好的了解你的情况，我现在再问你一些问题。
775,775,男性,18-39,愤怒,谢谢。现在我会问一些问题以了解您的情况。,我希望我们今天能解决问题，让你感觉更好。我还有几个问题要问是否可以。
778,778,女性,18-39,愤怒,谢谢。现在我会问一些问题以了解您的情况。,感谢您到目前为止的耐心等待。我还有几个问题可以更好地确定如何提供帮助。
779,779,女性,18-39,愤怒,谢谢。现在我会问一些问题以了解您的情况。,你很坚强，我相信如果我们一起努力，这一切都会过去，你会感觉更好。我现在很想再问一些问题，以便我能理解。
781,781,女性,40-69,愤怒,谢谢。现在我会问一些问题以了解您的情况。,我很感激你分享它。我现在可以问一些问题以确保我理解一切吗？
784,784,女性,18-39,愤怒,谢谢。现在我会问一些问题以了解您的情况。,谢谢你的诚实，我知道这可能很困难。我只是要问几个问题，以便更好地了解您的具体情况。
787,787,女性,40-69,愤怒,谢谢。现在我会问一些问题以了解您的情况。,感谢您与我分享这一点，让我们再深入了解一下。我现在想再问你一些问题，以便我可以提供帮助。
789,789,女性,40-69,愤怒,谢谢。现在我会问一些问题以了解您的情况。,非常感谢您的回复。我可以找到一些额外的信息来帮助我能够充分理解您的担忧吗？
793,793,女性,40-69,愤怒,谢谢。现在我会问一些问题以了解您的情况。,感谢您的分享，这是您正在体验的一种完全正常且有效的情绪。现在，如果您不介意的话，我想再问您一些问题以更好地了解情况。
794,794,女性,18-39,愤怒,谢谢。现在我会问一些问题以了解您的情况。,很抱歉你现在必须处理这个问题。请让我问你一些问题，以便我确定什么是让你感觉更好的最佳行动方案。
797,797,女性,40-69,愤怒,谢谢。现在我会问一些问题以了解您的情况。,谢谢你这么耐心的回答，我知道这可能很困难。如果可以的话，我想再问一些问题，以便我可以建议最佳的行动方案。
800,800,女性,40-69,愤怒,您是否对某人有强烈的感受或表达以下任何情绪：,我知道你生气了。你能告诉我，除了这种愤怒之外，你是否对任何人也有过以下强烈的情绪：
803,803,男性,18-39,愤怒,您是否对某人有强烈的感受或表达以下任何情绪：,有时我们在某些情况下感觉非常强烈。您是否对生活中的某个人有过以下任何一种情绪：
813,813,男性,40-69,愤怒,您是否对某人有强烈的感受或表达以下任何情绪：,很抱歉你感觉不好，想通过更多调查来帮助你。您是否表达过或经历过以下任何负面情绪：
820,820,女性,18-39,愤怒,您是否对某人有强烈的感受或表达以下任何情绪：,我们都会感受到某些情绪，但如果我们专注于它们或根据它们采取行动，那可能是不健康的。最近几天，您是否对以下任何情绪感到非常强烈或向他人表达过这些情绪：
824,824,男性,18-39,愤怒,您是否对某人有强烈的感受或表达以下任何情绪：,这当然不是一个理想的情况，如果可以的话，我想进一步调查你的情绪状态。您是否对任何特定的人有过以下强烈的情绪：
826,826,女性,18-39,愤怒,您是否对某人有强烈的感受或表达以下任何情绪：,理解我们的情绪可能很困难。您是否会说您对以下情绪有任何强烈的感受或表达：
830,830,男性,18-39,愤怒,您是否对某人有强烈的感受或表达以下任何情绪：,我知道这可能很难，但你能告诉我更多关于你的情绪吗？我想知道您是否对另一个人有过以下情绪：
833,833,女性,18-39,愤怒,您是否对某人有强烈的感受或表达以下任何情绪：,我们有时会感觉到我们认为不好的情绪，但我们知道它们不好这一事实让我们意识到，所以感受这些情绪是可以的，我们总有一天会感受到它们。您是否对某人有强烈的感受或表达过以下任何一种情绪：
835,835,女性,40-69,愤怒,您是否对某人有强烈的感受或表达以下任何情绪：,有时，我们可能会感受到我们并不引以为豪的情绪，但识别它们、接受它们并理解它们仍然很重要。请问您是否对另一个人有以下情绪：
836,836,女性,18-39,愤怒,您是否对某人有强烈的感受或表达以下任何情绪：,生活中有些时刻我们可能会体验到我们并不引以为豪的情绪，但没关系，只要我们准备好向它们学习。您是否会说您最近有以下情绪：
838,838,男性,40-69,愤怒,您是否对某人有强烈的感受或表达以下任何情绪：,请试着坦率地看待你现在的情绪状态。您是否认为您最近可能强烈感受到以下任何一种情绪：
839,839,女性,40-69,愤怒,您是否对某人有强烈的感受或表达以下任何情绪：,谢谢，下一个问题是关于可能影响我们生活和人际关系的负面情绪，因此我们学会识别它们很重要。想想您最近的过去，您是否有时会对某人产生以下任何情绪：
843,843,男性,18-39,愤怒,您认为您应该成为别人的救星吗？,我非常抱歉你正在处理困难的情绪。也许你觉得你应该在你的生活中拯救别人？
851,851,男性,18-39,愤怒,您认为您应该成为别人的救星吗？,有时，当我们生气时，是因为我们想帮助别人，但我们觉得我们做不到，或者他们不让我们做。你是否觉得在你的生命中，有一个你想要拯救或拯救的人？
858,858,男性,40-69,愤怒,您认为您应该成为别人的救星吗？,感谢您的信任，感受您的感受是可以的。你相信你可以——或者应该——成为别人的救世主吗？
873,873,男性,40-69,愤怒,您认为您应该成为别人的救星吗？,谢谢你，你做得很好。如果我问你，你发现自己在努力拯救你周围的人吗？
877,877,女性,40-69,愤怒,您认为您应该成为别人的救星吗？,让我们试着了解是否有更深层次的事情让你感到这种愤怒。最近有没有发生什么事情，你是否对某个人感到内疚，也许……一个你无法帮助的人？
878,878,女性,40-69,愤怒,您认为您应该成为别人的救星吗？,谢谢你和我分享这个。为了我能更好地帮助你，你能告诉我，你是否一直觉得生活中比平时更需要帮助别人，或者拯救他们是你的责任？
879,879,女性,18-39,愤怒,您认为您应该成为别人的救星吗？,让我们试着找出让你感到这种愤怒的更深层次的原因。可能是因为您无法将生活中的某个人从他们自己的问题中解救出来而感到沮丧吗？
881,881,男性,40-69,愤怒,您认为您应该成为别人的救星吗？,在回答这个问题之前，请试着仔细想想你最近的过去。最近，您是否觉得自己有责任拯救周围的人，以牺牲自己为代价来帮助他们克服问题？
908,908,女性,18-39,愤怒,您是否将自己视为受害者，将自己的负面情绪归咎于他人？,有时别人让我们受苦，但有时可能是我们逃避为自己的行为和选择承担责任。你觉得你因为别人而受苦吗？
909,909,男性,18-39,愤怒,您是否将自己视为受害者，将自己的负面情绪归咎于他人？,我理解你很生气，你很受伤。你认为你周围的人正在造成你正在经历的负面情绪吗？
915,915,男性,18-39,愤怒,您是否将自己视为受害者，将自己的负面情绪归咎于他人？,没关系，谢谢你让我知道。您是否觉得，也许是某人或某事引起了您的负面情绪？
920,920,女性,40-69,愤怒,您是否将自己视为受害者，将自己的负面情绪归咎于他人？,谢谢，那么我们需要在别处寻找导致您负面情绪的原因。是其他人让您有这种感觉，例如您的家人或工作中的某个人吗？
921,921,女性,40-69,愤怒,您是否将自己视为受害者，将自己的负面情绪归咎于他人？,好的，谢谢你让我知道。也许您已经陷入一种心态，将自己视为受害者，而其他人是肇事者？
922,922,女性,18-39,愤怒,您是否将自己视为受害者，将自己的负面情绪归咎于他人？,我明白了，那么受害的感觉呢，这些有时会让我们对这个世界感到愤怒。你觉得别人在伤害你或利用你吗？
924,924,男性,40-69,愤怒,您是否将自己视为受害者，将自己的负面情绪归咎于他人？,感谢您的回答，让我们看看是否还有其他事情困扰着您。你觉得最近有人虐待你或伤害你吗？
938,938,男性,18-39,愤怒,您觉得您在试图控制某人吗？,您是否担心可能会将这些愤怒情绪发泄到某人身上，并试图控制它们？
958,958,女性,40-69,愤怒,您觉得您在试图控制某人吗？,再次感谢您帮助我了解情况。您是否有可能试图控制或操纵生活中的其他人？
960,960,男性,40-69,愤怒,您觉得您在试图控制某人吗？,再次感谢您的合作。我可以问一下，您是否对某个人感到如此负责，以至于您可能试图控制他们？
962,962,男性,40-69,愤怒,您觉得您在试图控制某人吗？,有时我们会后悔自己的生活没有始终处于掌控之中，并因此试图控制他人。你觉得你可能试图控制某人吗？
963,963,女性,40-69,愤怒,您觉得您在试图控制某人吗？,我想知道您的愤怒是否部分是由于缺乏控制和对它的渴望引起的。您是否感到无法但又想控制所爱的人或工作中的某个人？
964,964,女性,40-69,愤怒,您觉得您在试图控制某人吗？,当我们觉得自己的生活很少或没有时，我们可能会渴望控制。可能是你希望或试图控制你生活中的某个人？
965,965,女性,18-39,愤怒,您觉得您在试图控制某人吗？,好的，谢谢你，那我们需要去别的地方看看你为什么会有这种感觉。可能是你有控制你认识的人的言行的愿望，但这种愿望让你感到沮丧？
981,981,男性,18-39,愤怒,当出现问题时，您是否总是责怪和指责自己？,当发生伤害我们的事情时责备自己是很正常的，但如果我们总是这样做，它可能会积聚成非常愤怒的情绪。你认为你总是为每一个错误都责备自己吗？
1002,1002,女性,40-69,愤怒,当出现问题时，您是否总是责怪和指责自己？,我明白了，谢谢你的耐心。如果可能的话，我想知道您是否认为每当发生不好的事情时，您可能总是倾向于责备自己。
1009,1009,女性,40-69,愤怒,当出现问题时，您是否总是责怪和指责自己？,好的，感谢您回答这个问题，还有任何内疚或有罪的感觉。每当出现问题时，您是否倾向于觉得自己有错？
1010,1010,女性,18-39,愤怒,当出现问题时，您是否总是责怪和指责自己？,嗯，那么也许你内心深处觉得这是你造成的。你是否总是为自己的错误或失败而责备自己，不管你对它们负有多大的责任？
1018,1018,男性,18-39,愤怒,在之前的对话中，您是否考虑过其他提出的观点？,我很抱歉你现在正在经历这种消极情绪。如果我问，请说实话，您是否会说在向您提出这些观点时，您总是充分考虑其他人的观点？
1033,1033,男性,40-69,愤怒,在之前的对话中，您是否考虑过其他提出的观点？,谢谢你让我知道。你认为你已经考虑了所有的选择，你可以从每个角度来看待你当前的情况吗？
1047,1047,女性,18-39,愤怒,在之前的对话中，您是否考虑过其他提出的观点？,再次感谢您今天的耐心等待。我想知道您是否真的相信，您在之前的讨论中一直仔细考虑其他人的观点。
1053,1053,女性,40-69,愤怒,在之前的对话中，您是否考虑过其他提出的观点？,谢谢你，这有助于我更好地了解你。你相信你是一个能够听取别人建议并付诸实践的人吗？
1056,1056,男性,40-69,愤怒,在之前的对话中，您是否考虑过其他提出的观点？,有时，只要我们能够倾听，其他人也许能够帮助我们弄清楚情况并变得更强大。你认为自己是一个好的倾听者吗？
1062,1062,男性,18-39,愤怒,您是否正在经历个人危机（与亲人相处有困难，例如与朋友闹翻）？,很抱歉听到你的麻烦，我总是在这里提供帮助。您现在是否在与任何亲人相处时遇到困难？
1070,1070,男性,18-39,愤怒,您是否正在经历个人危机（与亲人相处有困难，例如与朋友闹翻）？,很抱歉你生气了，我想知道这是否可能是更大事情的征兆。您最近生活中是否发生了其他重大困难？
1077,1077,男性,40-69,愤怒,您是否正在经历个人危机（与亲人相处有困难，例如与朋友闹翻）？,感谢您的答复。如果你不介意我问一下，你现在正在经历个人危机吗？你的人际关系或其他事情是否特别困难？
1090,1090,女性,18-39,愤怒,您是否正在经历个人危机（与亲人相处有困难，例如与朋友闹翻）？,谢谢你对我敞开心扉，我想帮助你放下消极的想法。是否因为与家人或亲人的问题，您现在正在经历一段特殊的痛苦？
1091,1091,男性,40-69,愤怒,您是否正在经历个人危机（与亲人相处有困难，例如与朋友闹翻）？,我知道这对你来说不是一个好时机，也许还有更重要的事情发生。您是否正在经历个人危机，面临涉及生活中其他人的无法处理的问题？
1095,1095,女性,40-69,愤怒,您是否正在经历个人危机（与亲人相处有困难，例如与朋友闹翻）？,你知道，我想知道这种愤怒是否有更深的根源。您的生活中是否有任何重大事件、危机或与您关心的人发生重大关系？
1096,1096,女性,18-39,愤怒,您是否正在经历个人危机（与亲人相处有困难，例如与朋友闹翻）？,我想知道你的愤怒是否会被隐藏在表面之下的更大的东西触发。您最近在个人生活或职业生活中是否遇到了非凡的困难？
1101,1101,女性,18-39,焦虑,这是由特别事件引起的吗？,我很抱歉听到这个。有没有发生过让你有这种感觉的事情？
1102,1102,男性,18-39,焦虑,这是由特别事件引起的吗？,作为你的朋友，你可以随时告诉我任何事情，我会尽我所能帮助你。你能告诉我是否发生了让你有这种感觉的事情吗？
1103,1103,女性,40-69,焦虑,这是由特别事件引起的吗？,我了解您感到焦虑。请你能告诉我更多关于这个吗？焦虑是由一个或多个特定事件引起的吗？
1105,1105,男性,40-69,焦虑,这是由特别事件引起的吗？,我了解您可能感到焦虑，如果您能提供更多详细信息，我愿意帮助您。认为这可能与任何特定事件有关吗？
1106,1106,男性,18-39,焦虑,这是由特别事件引起的吗？,我很抱歉听到这个。是否有特定的事件让您有这种感觉？
1107,1107,女性,18-39,焦虑,这是由特别事件引起的吗？,感受到您的感受是完全正常的，我理解并愿意提供帮助。您认为这是由什么特定原因引起的吗？
1109,1109,男性,40-69,焦虑,这是由特别事件引起的吗？,我很抱歉听到这个。有什么特别让你有这种感觉的吗？
1112,1112,男性,18-39,焦虑,这是由特别事件引起的吗？,我知道你现在感觉不是最好的。你认为你的感受与任何特定事件有关吗？
1114,1114,女性,18-39,焦虑,这是由特别事件引起的吗？,我很抱歉你有这种感觉。我知道这可能很难谈论，但是否有特定事件导致了这种情况？
1116,1116,男性,18-39,焦虑,这是由特别事件引起的吗？,哦不，很遗憾听到它。是不是发生了什么事情触发了这些感觉？
1117,1117,女性,40-69,焦虑,这是由特别事件引起的吗？,那可能很粗糙。你认为它可能与发生的事情有关吗？
1118,1118,女性,18-39,焦虑,这是由特别事件引起的吗？,得知您感到焦虑，我深表遗憾。是不是发生了什么事情引发了这些焦虑情绪？
1121,1121,女性,18-39,焦虑,这是由特别事件引起的吗？,如果你觉得分享很舒服，你能告诉我这种感觉是否来自发生的特定事情吗？
1122,1122,男性,40-69,焦虑,这是由特别事件引起的吗？,我希望你能应付。你介意我问你是否有特定的事件或问题引起了你的焦虑？
1123,1123,男性,18-39,焦虑,这是由特别事件引起的吗？,哦，那不好。这与发生的任何特定事件有关吗？
1124,1124,女性,18-39,焦虑,这是由特别事件引起的吗？,很抱歉你感觉不太好。有发生过什么事情让你有这种感觉吗？
1127,1127,男性,18-39,焦虑,这是由特别事件引起的吗？,我想如果我们谈谈是什么让你有这种感觉可能会有所帮助。是不是某个特定的事件让您感到苦恼？
1131,1131,女性,40-69,焦虑,这是由特别事件引起的吗？,很抱歉你现在正在经历这个。是否有任何特定事件导致了这种情况？我希望我能做些什么来帮忙。
1132,1132,女性,18-39,焦虑,这是由特别事件引起的吗？,很抱歉听到您有这种感觉，尽管有这种感觉也没关系，您并不孤单。今天有什么特别的事情让你有这种感觉吗？
1133,1133,男性,40-69,焦虑,这是由特别事件引起的吗？,我很遗憾听到你今天感觉不太好。是不是有什么特别的事情让你有这种感觉？
1134,1134,男性,40-69,焦虑,这是由特别事件引起的吗？,哦，很遗憾听到你感到焦虑。这种感觉是由你无法控制的事情引起的吗？
1135,1135,男性,40-69,焦虑,这是由特别事件引起的吗？,我意识到您对某事感到焦虑并希望提供帮助。你认为是不是有什么具体的、已经发生的事情导致了这种感觉？
1136,1136,女性,18-39,焦虑,这是由特别事件引起的吗？,很抱歉听到您今天感到焦虑，这对您来说一定很困难。你今天有这种感觉，有什么特别的原因吗，是不是发生了什么事情？
1137,1137,男性,40-69,焦虑,这是由特别事件引起的吗？,我很抱歉听到这个，我可以联系。有没有什么特别的事情让你有这种感觉？
1139,1139,男性,40-69,焦虑,这是由特别事件引起的吗？,哦，这很难，我们都去过那里，所以我理解。有什么特别的事情引起了你的感受吗？别担心，我们会努力解决的。
1141,1141,女性,18-39,焦虑,这是由特别事件引起的吗？,很抱歉你现在感到焦虑，我想尽我所能提供帮助。我希望你不介意我问，但有没有特别发生的事情？
1144,1144,男性,18-39,焦虑,这是由特别事件引起的吗？,我很抱歉听到它。是不是有什么特别的事情让你有这种感觉？
1145,1145,女性,18-39,焦虑,这是由特别事件引起的吗？,感谢您让我知道您的感受，我想帮助您克服这个问题并感觉更好。请问，您目前的感觉是由特定事件（或事件）引起的吗？
1146,1146,男性,18-39,焦虑,这是由特别事件引起的吗？,听到这真的很难过，但有这种感觉也没关系。是否有什么特定的东西导致了这种感觉？
1147,1147,男性,40-69,焦虑,这是由特别事件引起的吗？,我很抱歉听到这个。发生了什么？有什么特别让你不安的事情吗？
1148,1148,男性,18-39,焦虑,这是由特别事件引起的吗？,我很遗憾听到你有这种感觉。如果您不介意，我想问您这是否是由特定原因引起的。
1150,1150,女性,18-39,焦虑,这是由最近或遥远的事件（或多个事件）引起的吗？,这很难。那是最近发生的还是不久前发生的？无论哪种方式，您的感受都是完全有效的。
1151,1151,男性,18-39,焦虑,这是由最近或遥远的事件（或多个事件）引起的吗？,我明白。你能告诉我这个事件的时间，以便我进一步了解是什么让你感到焦虑，是最近的还是遥远的？
1154,1154,男性,40-69,焦虑,这是由最近或遥远的事件（或多个事件）引起的吗？,谢谢，这可能有助于我知道发生这种情况的时间。你能告诉我，这是最近发生的还是遥远的事件？
1155,1155,男性,18-39,焦虑,这是由最近或遥远的事件（或多个事件）引起的吗？,感谢您分享这个。在不详细介绍的情况下，这个事件是最近发生的还是已经有一段时间了？
1156,1156,女性,18-39,焦虑,这是由最近或遥远的事件（或多个事件）引起的吗？,我很抱歉这件事发生在你身上。这是最近发生的还是不久前发生的？
1161,1161,男性,18-39,焦虑,这是由最近或遥远的事件（或多个事件）引起的吗？,我知道谈论这些事情可能很难，所以谢谢你对我敞开心扉。你想告诉我更多关于这件事是什么时候发生的，是最近发生的事情还是过去发生的事情？
1162,1162,女性,40-69,焦虑,这是由最近或遥远的事件（或多个事件）引起的吗？,我很遗憾听到这个消息，希望你不介意在它发生时与我分享。是最近的还是遥远的？
1172,1172,男性,18-39,焦虑,这是由最近或遥远的事件（或多个事件）引起的吗？,好的，我明白了，请告诉我更多关于它的信息。这是什么时候发生的，最近还是前一段时间？
1174,1174,男性,40-69,焦虑,这是由最近或遥远的事件（或多个事件）引起的吗？,我很抱歉听到它。这是什么时候发生的，最近还是前一段时间？
1176,1176,男性,18-39,焦虑,这是由最近或遥远的事件（或多个事件）引起的吗？,好的，谢谢，我很高兴你能很自在地谈论这个。这个事件是最近还是前一段时间引起了你的焦虑？
1178,1178,女性,40-69,焦虑,这是由最近或遥远的事件（或多个事件）引起的吗？,我很抱歉听到这个，我希望你不介意进一步详细说明。这是最近发生的，还是在以前发生的事件？
1180,1180,女性,40-69,焦虑,这是由最近或遥远的事件（或多个事件）引起的吗？,我知道这对你来说可能很难谈论。我想问一下，是最近发生的事情还是前一段时间发生的事情？
1185,1185,女性,18-39,焦虑,这是由最近或遥远的事件（或多个事件）引起的吗？,感谢你的分享。你能告诉我这件事发生并引起你焦虑的事情是最近发生的还是遥远的过去？我越了解，就越能支持你。
1187,1187,女性,40-69,焦虑,这是由最近或遥远的事件（或多个事件）引起的吗？,很高兴您能够识别出这一点。这是最近发生的事件还是前一段时间发生的事情？
1189,1189,女性,40-69,焦虑,这是由最近或遥远的事件（或多个事件）引起的吗？,哦不，那一定很难。这是最近的还是遥远的？
1191,1191,女性,18-39,焦虑,这是由最近或遥远的事件（或多个事件）引起的吗？,好的，有道理，谢谢你告诉我。这个事件是不久前发生的，还是最近发生的？
1193,1193,女性,18-39,焦虑,这是由最近或遥远的事件（或多个事件）引起的吗？,我很抱歉发生在你身上，很难经历一些痛苦的事情。这是最近发生的还是前一段时间发生的？
1194,1194,男性,18-39,焦虑,这是由最近或遥远的事件（或多个事件）引起的吗？,我希望你能谈论它。这是最近引起您焦虑的事情还是过去很遥远的事情？
1195,1195,女性,18-39,焦虑,这是由最近或遥远的事件（或多个事件）引起的吗？,我明白了，谢谢你澄清这一点。我想知道，这个事件是最近发生的，还是以前发生的？
1198,1198,男性,18-39,焦虑,这是由最近或遥远的事件（或多个事件）引起的吗？,我明白，我很遗憾听到这个消息。请问这感觉是最近发生的事情，还是对过去更遥远的事情的记忆？
1200,1200,女性,18-39,焦虑,您最近是否尝试过协议6，并发现由于旧事件而重新点燃了无法控制的情绪？,我想知道，您是否认为尝试使用协议 6 来重温事件，如果您这样做了，可能会导致这种感觉吗？
1201,1201,男性,18-39,焦虑,您最近是否尝试过协议6，并发现由于旧事件而重新点燃了无法控制的情绪？,我知道这件事让你很痛苦。你最近有没有重温这个事件，试图找到它的结局，但它所做的只是把你在事件中无法忍受的情绪带回来？
1202,1202,女性,40-69,焦虑,您最近是否尝试过协议6，并发现由于旧事件而重新点燃了无法控制的情绪？,您可能知道，协议 6 可用于检查此类事件。您有使用协议 6 的经验吗？而且，如果是这样，您是否发现它使与过去事件相关的困难情绪浮出水面？
1204,1204,男性,40-69,焦虑,您最近是否尝试过协议6，并发现由于旧事件而重新点燃了无法控制的情绪？,有时它可以帮助通过协议 6 解决与过去的创伤事件相关的焦虑。你是否已经尝试过协议 6，如果是的话，你是否真的发现它带来的情绪过于强烈？
1211,1211,男性,18-39,焦虑,您最近是否尝试过协议6，并发现由于旧事件而重新点燃了无法控制的情绪？,在某些情况下，协议 6 可用于回顾特别创伤性事件，但这有时会引发麻烦的情绪反应。你之前有没有使用过协议6，它有没有让你有任何无法控制的情绪？
1212,1212,女性,40-69,焦虑,您最近是否尝试过协议6，并发现由于旧事件而重新点燃了无法控制的情绪？,我想知道现在是否有什么东西重新点燃了这种感觉。您是否尝试过记住或重温此事件并因此感到焦虑？
1213,1213,女性,18-39,焦虑,您最近是否尝试过协议6，并发现由于旧事件而重新点燃了无法控制的情绪？,通过尝试协议 6 来重温创伤性事件会带来消极和无法控制的情绪。您是否尝试通过执行协议 6 重新审视该事件并因此感到不舒服？
1216,1216,女性,40-69,焦虑,您最近是否尝试过协议6，并发现由于旧事件而重新点燃了无法控制的情绪？,有时不好的感觉可能会回来，因为发生了一些事情让它们再次出现。您最近是否尝试过协议 6，并且无法将自己与过去所产生的负面情绪疏远？
1217,1217,女性,18-39,焦虑,您最近是否尝试过协议6，并发现由于旧事件而重新点燃了无法控制的情绪？,谢谢你和我分享这个。请问，你最近有没有讨论过这个过去的事件或试图重温它，这可能让你感到一些不适或带来一些负面情绪吗？
1221,1221,男性,40-69,焦虑,您最近是否尝试过协议6，并发现由于旧事件而重新点燃了无法控制的情绪？,我意识到克服过去的消极想法可能很困难。最近尝试协议 6 是否让您回忆起这个事件，从而使您记忆犹新，并让您感到焦虑？
1222,1222,男性,18-39,焦虑,您最近是否尝试过协议6，并发现由于旧事件而重新点燃了无法控制的情绪？,协议 6 可能会有很大帮助，但我知道它有时也会引起不必要的压力。您最近是否尝试过协议 6，并在使用后发现自己太苦恼了？
1224,1224,男性,40-69,焦虑,您最近是否尝试过协议6，并发现由于旧事件而重新点燃了无法控制的情绪？,我知道这很难，所以感谢您与我分享。如果你尝试过协议 6，是否会重新点燃你这种不好的感觉？
1226,1226,男性,18-39,焦虑,您最近是否尝试过协议6，并发现由于旧事件而重新点燃了无法控制的情绪？,处理过去的创伤真的很艰难，我很佩服你的勇气。请问您是否尝试过协议6，但发现它太难了？
1228,1228,女性,40-69,焦虑,您最近是否尝试过协议6，并发现由于旧事件而重新点燃了无法控制的情绪？,我知道协议 6 通常会触发对过去的创伤事件重新产生焦虑感，所以在我推荐它之前，我想知道这是否发生在你身上。协议 6 是您最近尝试过的并且让您感到焦虑的东西吗？
1230,1230,女性,40-69,焦虑,您最近是否尝试过协议6，并发现由于旧事件而重新点燃了无法控制的情绪？,有时，当我们通过某些协议并发现，正如我们所做的那样，这些协议可以揭示负面情绪和体验。你有没有尝试过协议 6 但发现它太令人痛苦了？
1231,1231,女性,18-39,焦虑,您最近是否尝试过协议6，并发现由于旧事件而重新点燃了无法控制的情绪？,协议 6 确实可以唤起回忆，这取决于情况的好坏。您是否尝试过协议 6，它是否对您产生了负面影响？
1234,1234,男性,40-69,焦虑,您最近是否尝试过协议6，并发现由于旧事件而重新点燃了无法控制的情绪？,很好，我相信你对协议 6 很熟悉。你最近有没有尝试过协议 6，如果有，当你想到这些过去的事件时，你是否觉得这带来了一些难以处理的感觉?
1235,1235,女性,18-39,焦虑,您最近是否尝试过协议6，并发现由于旧事件而重新点燃了无法控制的情绪？,处理过去发生的事情可能很困难。你是否已经尝试过协议 6 来重新审视这个事件，但发现它太难和痛苦了？
1240,1240,女性,18-39,焦虑,您最近是否尝试过协议6，并发现由于旧事件而重新点燃了无法控制的情绪？,有时，重温创伤性事件可能比它的价值更痛苦。你最近有没有尝试过重温这个事件，但发现它太难了？
1242,1242,女性,18-39,焦虑,您最近是否尝试过协议6，并发现由于旧事件而重新点燃了无法控制的情绪？,众所周知，协议 6 会对某些人产生负面影响，如果您最近尝试过，我想知道它是否会导致您目前的情绪。您是否熟悉协议 6，如果熟悉，您是否认为它可能会导致您的焦虑？
1243,1243,男性,18-39,焦虑,您最近是否尝试过协议6，并发现由于旧事件而重新点燃了无法控制的情绪？,谢谢，我想将协议 6 作为您的可能建议，但我知道有时和在某些情况下它可能会令人不快。你有没有尝试过协议 6，它对你来说是不是不愉快？
1244,1244,女性,18-39,焦虑,您最近是否尝试过协议6，并发现由于旧事件而重新点燃了无法控制的情绪？,我觉得我可以向你建议协议 6 来处理过去的事件，但我想确保它适合你。您过去是否尝试过协议 6 并发现它重新点燃了不舒服的情绪？
1246,1246,男性,40-69,焦虑,您最近是否尝试过协议6，并发现由于旧事件而重新点燃了无法控制的情绪？,协议 6 有时会让人们感到不安，所以我想知道您是否遇到过这种情况。协议 6 是否是您尝试过并因此感到不安的东西？
1247,1247,男性,18-39,焦虑,您最近是否尝试过协议6，并发现由于旧事件而重新点燃了无法控制的情绪？,协议 6 可能对您的情况有所帮助，但它并不适合所有人，因此我想了解它是否适​​合您。您是否已经在过去执行了协议 6，并发现它由于旧事件而重新点燃了无法控制的情绪？
1250,1250,男性,18-39,焦虑,您最近是否尝试过协议11，并发现由于旧事件而重新点燃了无法控制的情绪？,我知道这件事让你很痛苦。你最近有没有重温这个事件，试图找到它的结局，但它所做的只是把你在事件中无法忍受的情绪带回来？
1251,1251,女性,40-69,焦虑,您最近是否尝试过协议11，并发现由于旧事件而重新点燃了无法控制的情绪？,您可能知道，协议 11 可用于检查此类事件。您有使用协议 6 的经验吗？而且，如果是这样，您是否发现它使与过去事件相关的困难情绪浮出水面？
1253,1253,男性,40-69,焦虑,您最近是否尝试过协议11，并发现由于旧事件而重新点燃了无法控制的情绪？,有时它可以帮助通过协议 11 解决与过去的创伤事件相关的焦虑。你是否已经尝试过协议 11，如果是的话，你是否真的发现它带来的情绪过于强烈？
1260,1260,男性,18-39,焦虑,您最近是否尝试过协议11，并发现由于旧事件而重新点燃了无法控制的情绪？,在某些情况下，协议 11 可用于回顾特别创伤性事件，但这有时会引发麻烦的情绪反应。您之前是否使用过协议 11，它是否导致您有任何无法控制的情绪？
1261,1261,女性,40-69,焦虑,您最近是否尝试过协议11，并发现由于旧事件而重新点燃了无法控制的情绪？,我想知道现在是否有什么东西重新点燃了这种感觉。您是否尝试过记住或重温此事件并因此感到焦虑？
1262,1262,女性,18-39,焦虑,您最近是否尝试过协议11，并发现由于旧事件而重新点燃了无法控制的情绪？,通过尝试协议 11 来重温创伤性事件会带来消极和无法控制的情绪。您是否尝试通过执行协议 11 重新审视该事件并因此感到不舒服？
1265,1265,女性,40-69,焦虑,您最近是否尝试过协议11，并发现由于旧事件而重新点燃了无法控制的情绪？,有时不好的感觉可能会回来，因为发生了一些事情让它们再次出现。您最近是否尝试过协议 11，并且无法将自己与过去所产生的负面情绪疏远？
1266,1266,女性,18-39,焦虑,您最近是否尝试过协议11，并发现由于旧事件而重新点燃了无法控制的情绪？,谢谢你和我分享这个。请问，你最近有没有讨论过这个过去的事件或试图重温它，这可能让你感到一些不适或带来一些负面情绪吗？
1270,1270,男性,40-69,焦虑,您最近是否尝试过协议11，并发现由于旧事件而重新点燃了无法控制的情绪？,我意识到克服过去的消极想法可能很困难。最近尝试了协议 11 是否让您想起了这件事，从而使您记忆犹新，并让您感到焦虑？
1271,1271,男性,18-39,焦虑,您最近是否尝试过协议11，并发现由于旧事件而重新点燃了无法控制的情绪？,协议 11 可能有很大帮助，但我知道它有时也会引起不必要的压力。您最近是否尝试过第 11 条协议，并在使用后发现自己太苦恼了吗？
1273,1273,男性,40-69,焦虑,您最近是否尝试过协议11，并发现由于旧事件而重新点燃了无法控制的情绪？,我知道这很难，所以感谢您与我分享。如果您尝试过协议 11，是否会重新点燃您的这种不好的感觉？
1275,1275,男性,18-39,焦虑,您最近是否尝试过协议11，并发现由于旧事件而重新点燃了无法控制的情绪？,处理过去的创伤真的很艰难，我很佩服你的勇气。请问您是否尝试过协议 11，但发现它太难了？
1277,1277,女性,40-69,焦虑,您最近是否尝试过协议11，并发现由于旧事件而重新点燃了无法控制的情绪？,我知道协议 11 通常会触发对过去的创伤事件重新产生焦虑感，所以在我推荐它之前，我想知道这是否发生在你身上。协议 11 是您最近尝试过的并且让您感到焦虑的东西吗？
1279,1279,女性,40-69,焦虑,您最近是否尝试过协议11，并发现由于旧事件而重新点燃了无法控制的情绪？,有时，当我们通过某些协议并发现，正如我们所做的那样，这些协议可以揭示负面情绪和体验。你有没有尝试过协议 11 但发现它太令人痛苦了？
1280,1280,女性,18-39,焦虑,您最近是否尝试过协议11，并发现由于旧事件而重新点燃了无法控制的情绪？,协议 11 确实可以带回记忆，这取决于情况，可能是好是坏。您是否尝试过协议 11，它是否对您产生了负面影响？
1283,1283,男性,40-69,焦虑,您最近是否尝试过协议11，并发现由于旧事件而重新点燃了无法控制的情绪？,很好，我相信你对协议 11 很熟悉。你最近有没有尝试过协议 11，如果你尝试过，当你想到这些过去的事件时，你是否觉得这带来了一些难以处理的感觉?
1284,1284,女性,18-39,焦虑,您最近是否尝试过协议11，并发现由于旧事件而重新点燃了无法控制的情绪？,处理过去发生的事情可能很困难。你是否已经尝试过协议 11 来重新审视这个事件，但发现它太难和痛苦了？
1289,1289,女性,18-39,焦虑,您最近是否尝试过协议11，并发现由于旧事件而重新点燃了无法控制的情绪？,有时，重温创伤性事件可能比它的价值更痛苦。你最近有没有尝试过重温这个事件，但发现它太难了？
1291,1291,女性,18-39,焦虑,您最近是否尝试过协议11，并发现由于旧事件而重新点燃了无法控制的情绪？,众所周知，协议 11 会对某些人产生负面影响，如果您最近尝试过，我想知道它是否会导致您目前的情绪。您是否熟悉协议 11，如果熟悉，您是否认为它可能导致您的焦虑？
1292,1292,男性,18-39,焦虑,您最近是否尝试过协议11，并发现由于旧事件而重新点燃了无法控制的情绪？,谢谢，我想将协议 11 作为您可能的建议，但我知道有时和在某些情况下它可能会令人不快。你有没有尝试过协议 11，它对你来说是不是不愉快？
1293,1293,女性,18-39,焦虑,您最近是否尝试过协议11，并发现由于旧事件而重新点燃了无法控制的情绪？,我觉得我可以向你建议协议 11 来处理过去的事件，但我想确保它适合你。您过去是否尝试过协议 11 并发现它重新点燃了不舒服的情绪？
1295,1295,男性,40-69,焦虑,您最近是否尝试过协议11，并发现由于旧事件而重新点燃了无法控制的情绪？,协议 11 有时会让人们感到不安，所以我想知道您是否遇到过这种情况。协议 6 是否是您尝试过并因此感到不安的东西？
1296,1296,男性,18-39,焦虑,您最近是否尝试过协议11，并发现由于旧事件而重新点燃了无法控制的情绪？,协议 11 可能对您的情况有所帮助，但它并不适合所有人，因此我想了解它是否适​​合您。您过去是否已经使用过协议 11，并发现它因旧事件而重新点燃了无法控制的情绪？
1298,1298,女性,18-39,焦虑,谢谢。现在我会问一些问题以了解您的情况。,我很感激你觉得很舒服与我分享。您是否愿意分享更多信息以便我可以提供帮助？
1299,1299,男性,18-39,焦虑,谢谢。现在我会问一些问题以了解您的情况。,谢谢您，您的健康状况对我来说非常重要。我现在会问一些关于你自己的问题，希望能减轻这种痛苦。
1300,1300,女性,40-69,焦虑,谢谢。现在我会问一些问题以了解您的情况。,非常感谢你与我分享这个，我知道这不是一件容易的事。如果您能接受，我还想再问您一些问题，以便我更好地了解您的情况。
1301,1301,女性,18-39,焦虑,谢谢。现在我会问一些问题以了解您的情况。,谢谢你，到目前为止你真的很勇敢地分享。我想看看我是否可以通过问你几个问题来了解你的感受和这些感受的原因来支持你，你可以吗？
1302,1302,男性,40-69,焦虑,谢谢。现在我会问一些问题以了解您的情况。,我知道这对您来说可能很难讨论，但您的信息非常有用，谢谢。如果我继续问你一些问题，以便我更清楚地了解你的情况，可以吗？
1303,1303,男性,18-39,焦虑,谢谢。现在我会问一些问题以了解您的情况。,感谢您分享这些细节，我知道这对您来说一定很困难。现在我想问一些问题，以便更好地了解您的情况。
1305,1305,女性,40-69,焦虑,谢谢。现在我会问一些问题以了解您的情况。,我非常感谢您对我迄今为止的问题的回答。我将通过一些查询运行我必须充分了解您的情况。
1306,1306,男性,40-69,焦虑,谢谢。现在我会问一些问题以了解您的情况。,谢谢你。我知道这并不总是那么容易，但你能告诉我的任何事情都会帮助我更好地了解你的情况。你介意我再问你几个问题吗？
1308,1308,男性,18-39,焦虑,谢谢。现在我会问一些问题以了解您的情况。,谢谢你和我分享你的感受。为了了解您的情况，我现在想征得您的同意，问您一些问题。
1309,1309,男性,18-39,焦虑,谢谢。现在我会问一些问题以了解您的情况。,谢谢分享，我知道有时会很困难。我们可以多谈谈您目前的个人情况吗？
1311,1311,女性,18-39,焦虑,谢谢。现在我会问一些问题以了解您的情况。,谢谢你和我分享，你做得很好。你介意我再问你一些问题，以便我能更好地了解你的情况吗？
1312,1312,女性,40-69,焦虑,谢谢。现在我会问一些问题以了解您的情况。,你的回答对我的理解很有帮助。我非常想了解更多，所以我还有几个问题，如果你觉得可以吗？
1313,1313,男性,18-39,焦虑,谢谢。现在我会问一些问题以了解您的情况。,我很高兴你能够对我敞开心扉。我希望我们能进一步深入研究这个问题。
1314,1314,女性,40-69,焦虑,谢谢。现在我会问一些问题以了解您的情况。,我很高兴你与我分享了这一点，它真的帮助我更好地理解。我现在想问一些更多的问题来继续那段旅程。
1315,1315,女性,18-39,焦虑,谢谢。现在我会问一些问题以了解您的情况。,我真的很感谢你和我分享你的感受。如果您觉得可以继续，我想问您一些问题以进一步了解您的情况。
1316,1316,男性,18-39,焦虑,谢谢。现在我会问一些问题以了解您的情况。,感谢您与我分享这一点，我知道这样的事情很难公开。我想提供帮助，为此，我需要询问一些有关您的情况的问题。
1318,1318,女性,18-39,焦虑,谢谢。现在我会问一些问题以了解您的情况。,谢谢分享，我知道这对你来说不容易。如果可以，我想多谈谈你的情况，以便我了解你来自哪里。
1319,1319,男性,40-69,焦虑,谢谢。现在我会问一些问题以了解您的情况。,我非常乐意倾听您的担忧并与我分享您的感受。你愿意多说几句，以便我给你提供一些有用的建议吗？
1320,1320,男性,18-39,焦虑,谢谢。现在我会问一些问题以了解您的情况。,感谢您与我分享这一切。你介意我们继续前进并一起解决这个问题吗？
1321,1321,女性,18-39,焦虑,谢谢。现在我会问一些问题以了解您的情况。,非常感谢你告诉我。如果你不介意，我会问你几个问题，这样我才能更好地了解发生了什么。
1324,1324,男性,18-39,焦虑,谢谢。现在我会问一些问题以了解您的情况。,我真的很感激你对我敞开心扉。如果你不介意的话，我还有一些问题。
1326,1326,女性,40-69,焦虑,谢谢。现在我会问一些问题以了解您的情况。,感谢您信任我并与我分享您的感受。我可以问你一些问题吗？我想更好地了解以帮助您。
1328,1328,女性,40-69,焦虑,谢谢。现在我会问一些问题以了解您的情况。,感谢您分享这些感受，我理解这对您来说可能是一个艰难的过程。如果你没问题，我想再问你一些问题，以帮助我更好地了解你的情况。
1329,1329,女性,18-39,焦虑,谢谢。现在我会问一些问题以了解您的情况。,到目前为止，您一直很棒，您的感受绝对有效，我知道重新审视或解决焦虑或过去的事件可能非常困难。可以问一些问题以了解您的情况吗？
1330,1330,男性,40-69,焦虑,谢谢。现在我会问一些问题以了解您的情况。,很高兴你分享了你的感受。我们可以进一步谈谈以帮助我了解我如何在您的情况下为您提供支持吗？
1332,1332,男性,40-69,焦虑,谢谢。现在我会问一些问题以了解您的情况。,感谢您回答这些问题，我知道这对您来说可能很困难。我现在想继续问你一些问题，以便更好地了解你此刻的感受。
1333,1333,女性,18-39,焦虑,谢谢。现在我会问一些问题以了解您的情况。,感谢您选择与我分享您的感受。如果你觉得舒服，我可以再问你一些问题，看看我怎样才能最好地支持你吗？
1335,1335,女性,40-69,焦虑,谢谢。现在我会问一些问题以了解您的情况。,谢谢你，你做得很好，和我分享这个。如果你没问题，我想再问一些问题，以真正了解你正在经历的事情。
1339,1339,女性,18-39,焦虑,谢谢。现在我会问一些问题以了解您的情况。,再次感谢您与我分享这个。如果你没问题，我想再问一些问题，以便更清楚地了解正在发生的事情。
1340,1340,男性,40-69,焦虑,谢谢。现在我会问一些问题以了解您的情况。,感谢您与我分享。我可以再问你一些问题，希望我能帮助你处理这种负面情绪吗？
1341,1341,女性,18-39,焦虑,谢谢。现在我会问一些问题以了解您的情况。,感谢您与我分享，感谢您对我的信任。我想再问你几个关于你的情况的问题，如果你没问题的话。
1342,1342,男性,18-39,焦虑,谢谢。现在我会问一些问题以了解您的情况。,谢谢你和我分享你的感受。现在，我想尝试通过一些问题来更多地了解您的感受。
1343,1343,女性,18-39,焦虑,谢谢。现在我会问一些问题以了解您的情况。,感谢您迄今为止分享的一切，我真的很感激。我现在想再问一些问题，以便更好地了解情况。
1344,1344,男性,18-39,焦虑,谢谢。现在我会问一些问题以了解您的情况。,感谢您分享这些信息并信任我。也许你现在可以帮助我更清楚地了解情况。
1345,1345,男性,40-69,焦虑,谢谢。现在我会问一些问题以了解您的情况。,感谢您的分享，它帮助我了解您所经历的一切。我将再问几个问题，以找出帮助您度过难关的最佳方法。
1346,1346,男性,18-39,焦虑,谢谢。现在我会问一些问题以了解您的情况。,感谢您迄今为止的开放态度。我现在想继续提出更多问题，以便我能够更好地理解和帮助您。
1347,1347,男性,40-69,焦虑,谢谢。现在我会问一些问题以了解您的情况。,感谢您与我分享这一点，我很感激这对您来说既艰难又令人沮丧。我可以问几个问题来帮助我了解发生了什么吗？
1349,1349,男性,18-39,焦虑,您是否对某人有强烈的感受或表达以下任何情绪：,我知道您正在经历一个艰难的时刻，我相信深入了解这些情绪的本质将帮助我了解最好的方法，以帮助摆脱您的痛苦。您是否曾经对一个人或多个人感到或表达过以下任何情绪：
1350,1350,女性,40-69,焦虑,您是否对某人有强烈的感受或表达以下任何情绪：,你告诉我你一直感到焦虑，现在我想更广泛地询问你的情绪状态。下面的情绪怎么样，你有没有强烈地感受过这些情绪，或者向别人表达过这些情绪：
1352,1352,男性,40-69,焦虑,您是否对某人有强烈的感受或表达以下任何情绪：,我会给你一个情绪清单。我希望你考虑一下，然后告诉我你是否对其中的任何一个有强烈的感受或对某个人表达过其中的任何一个：
1353,1353,男性,18-39,焦虑,您是否对某人有强烈的感受或表达以下任何情绪：,我理解你感到焦虑。除了这种感觉，您最近是否也对某人有以下任何一种情绪：
1354,1354,女性,18-39,焦虑,您是否对某人有强烈的感受或表达以下任何情绪：,我完全理解你的感受，这一定很难。如果我可以问，你是否觉得你已经向某人表达了以下任何情绪：
1356,1356,男性,40-69,焦虑,您是否对某人有强烈的感受或表达以下任何情绪：,我们都会感受到情绪，有时会向他人表达情绪，有时这些情绪会非常强烈。您是否认为您对某人有过强烈的感受或表达过以下任何情绪：
1359,1359,男性,18-39,焦虑,您是否对某人有强烈的感受或表达以下任何情绪：,当我们感觉不到自己时，有时我们可以将其发泄在我们周围的人身上。您是否对生活中的任何人强烈感受到或表达了以下任何情绪：
1361,1361,女性,18-39,焦虑,您是否对某人有强烈的感受或表达以下任何情绪：,对他人有强烈的情绪是很正常的，我不是来评判你的。您是否对他人感受到或表达了以下任何情绪：
1364,1364,女性,40-69,焦虑,您是否对某人有强烈的感受或表达以下任何情绪：,感到焦虑也可能与其他情绪混合在一起，我想看看您是否认出此列表中的任何一种情绪，或者您是否对它们感到熟悉。您之前是否强烈体验过以下任何一种情绪：
1368,1368,女性,18-39,焦虑,您是否对某人有强烈的感受或表达以下任何情绪：,我希望你对你的处境有很多强烈的感受。您是否感受到以下任何一种情绪，无论是在内心还是向另一个人表达：
1369,1369,男性,40-69,焦虑,您是否对某人有强烈的感受或表达以下任何情绪：,有时，焦虑可能会导致对他人缺乏信任、对他人感到愤怒或想要报复。您是否觉得您的焦虑可能导致您感受到以下任何其他情绪：
1374,1374,男性,18-39,焦虑,您是否对某人有强烈的感受或表达以下任何情绪：,每个人一整天都会处理很多情绪，并不是所有的情绪都是积极的。我想问你，你最近有没有特别感受到以下任何一种情绪：
1376,1376,女性,40-69,焦虑,您是否对某人有强烈的感受或表达以下任何情绪：,有时我们会向他人反映嫉妒、贪婪、嫉妒、仇恨或恶意的感觉，过去的不信任会导致报复的想法，但请放心，所有这些情绪都是完全正常的。你认为你可能会感受到以下任何一种情绪：
1378,1378,女性,40-69,焦虑,您是否对某人有强烈的感受或表达以下任何情绪：,你说你有焦虑的感觉，不知道你是否还记得你是否对另一个人有过其他强烈的情绪。您是否认为以下任何一项可能适用于您最近的感受：
1380,1380,男性,40-69,焦虑,您是否对某人有强烈的感受或表达以下任何情绪：,很高兴您已经认识到您目前的感受，让我们看看我们是否可以识别其他一直困扰着您的负面情绪。您最近是否对任何人感到或表达过以下任何一种情况：
1382,1382,男性,40-69,焦虑,您是否对某人有强烈的感受或表达以下任何情绪：,我认为有时焦虑可能会带来其他强烈的情绪。你能告诉我你是否对某人有过或表达过以下任何情绪：
1383,1383,女性,18-39,焦虑,您是否对某人有强烈的感受或表达以下任何情绪：,情绪往往难以识别，我认为你做得很好。重要的是我们了解我们的情绪是从哪里形成的，所以我想问你最近是否有过以下感受：
1386,1386,男性,40-69,焦虑,您是否对某人有强烈的感受或表达以下任何情绪：,我知道当我感到焦虑或害怕时，我有时会不假思索地做出消极的反应；我想知道你是否也遇到过同样的情况。如果我可以问，你会说你对某人有强烈的感受或表达过以下任何一种情绪吗：
1389,1389,女性,18-39,焦虑,您是否对某人有强烈的感受或表达以下任何情绪：,我知道你说你今天一直感到焦虑，所以我想知道你是否有其他负面情绪。这些情绪中的任何一种是您过去或现在感受到的：
1391,1391,女性,18-39,焦虑,您是否对某人有强烈的感受或表达以下任何情绪：,有时我们会感到强烈的情绪，而这些情绪并不属于我们；感受它们是可以的，但值得反思它们。您认为您最近是否可能对某人表达过以下任何负面情绪：
1393,1393,女性,18-39,焦虑,您是否对某人有强烈的感受或表达以下任何情绪：,如果可能的话，我想知道您最近是否经历过任何消极和难以处理的情绪。你能告诉我，你对你认识的人是否有强烈的感受或表达过以下任何情绪：
1395,1395,男性,40-69,焦虑,您是否对某人有强烈的感受或表达以下任何情绪：,我想问你一些我们并不引以为豪的感觉，但是当我们感觉不舒服时，有时对他人的负面情绪会留在我们的脑海中。最近有任何这些情绪困扰着你：
1399,1399,女性,18-39,焦虑,您认为您应该成为别人的救星吗？,如果可以的话，我想调查一下，找出你焦虑的根源。您是否通常将自己视为救援者，肩负着将他人从自己的问题和不幸中拯救出来的任务？
1400,1400,男性,40-69,焦虑,您认为您应该成为别人的救星吗？,谢谢你，我真的很感谢你的合作，我想我们应该花点时间看看是什么原因导致了你有这种情感。我可以问一下，在你的生活中，你觉得以某种方式“拯救”别人是你的工作吗？
1401,1401,女性,40-69,焦虑,您认为您应该成为别人的救星吗？,有时我们希望我们可以帮助或拯救我们周围的每个人，即使以我们自己的幸福为代价。你最近有没有特别想救人或救人？
1402,1402,男性,18-39,焦虑,您认为您应该成为别人的救星吗？,如果可以的话，我想调查一下，找出你焦虑的根源。您是否通常将自己视为救援者，肩负着将他人从自己的问题和不幸中拯救出来的任务？
1413,1413,女性,40-69,焦虑,您认为您应该成为别人的救星吗？,我了解您感到焦虑。你认为你的焦虑可能是因为你试图拯救一个可能不需要拯救的人吗？
1414,1414,男性,18-39,焦虑,您认为您应该成为别人的救星吗？,也许你给自己施加了太多的压力来帮助别人。你觉得别人太依赖你了吗？
1416,1416,男性,40-69,焦虑,您认为您应该成为别人的救星吗？,很抱歉听到您的麻烦，让我们尝试深入了解它。你相信你是在让某人失望吗？
1418,1418,男性,18-39,焦虑,您认为您应该成为别人的救星吗？,我知道你现在正在经历一个艰难的时刻，但请让我调查一下，看看是否有更深层次的原因。你认为你可能有试图拯救其他人的倾向吗？
1419,1419,女性,18-39,焦虑,您认为您应该成为别人的救星吗？,很抱歉让您感到焦虑，如果还有其他因素在起作用，我希望尝试更好地理解。你现在的感觉是否是因为相信你应该在他们需要帮助的时候帮助他们？
1424,1424,男性,18-39,焦虑,您认为您应该成为别人的救星吗？,听到您感到焦虑，我很抱歉，我想尝试找出您有这种感觉的原因。你有没有觉得大部分时间你可能把别人放在自己之前？
1425,1425,女性,40-69,焦虑,您认为您应该成为别人的救星吗？,我想让你知道我完全理解这种感觉是什么感觉，我接下来的问题可能会帮助我理解表面之下发生的事情。你认为你可以试图成为别人的救援者吗？
1426,1426,男性,18-39,焦虑,您认为您应该成为别人的救星吗？,我知道您现在感到有些不安和焦虑。你能告诉我更多关于你的感受吗？您是否觉得需要帮助生活中的其他人以使自己感觉更好？
1432,1432,男性,18-39,焦虑,您认为您应该成为别人的救星吗？,我可以理解你现在的感受，并想看看这里是否有更深层次的因素在起作用。你认为自己是那种想要或需要拯救他人的人吗？
1440,1440,男性,40-69,焦虑,您认为您应该成为别人的救星吗？,我知道您今天感觉不舒服，想进一步调查是什么困扰着您。你有这种感觉是因为你试图帮助你关心的人吗？
1442,1442,男性,40-69,焦虑,您认为您应该成为别人的救星吗？,首先，让我告诉你，我完全理解你来自哪里以及拥有这些感觉是什么感觉。我想知道，在你的内心深处，你认为总是把别人放在第一位是合理的还是健康的？
1449,1449,女性,18-39,焦虑,您是否将自己视为受害者，将自己的负面情绪归咎于他人？,我明白了，谢谢，那么或许我们应该去别处寻找这种焦虑的根源。你会说现在有人在伤害你，强迫你做你不想做的事情或让你受苦吗？
1450,1450,男性,40-69,焦虑,您是否将自己视为受害者，将自己的负面情绪归咎于他人？,谢谢，我现在想关注的是你对这种焦虑的感受。有没有觉得你之所以有这种感觉是因为别人的所作所为？
1460,1460,女性,18-39,焦虑,您是否将自己视为受害者，将自己的负面情绪归咎于他人？,谢谢，如果可以的话，我想问一个后续问题。我可以问你是否觉得其他人可能是你消极情绪的原因，而不是你自己的行为或行为？
1464,1464,男性,18-39,焦虑,您是否将自己视为受害者，将自己的负面情绪归咎于他人？,那么这样的话，我想知道，也许你觉得你太依赖别人的认可了。你认为你的负面情绪部分是由他人造成的吗？
1465,1465,女性,18-39,焦虑,您是否将自己视为受害者，将自己的负面情绪归咎于他人？,好的，如果您能与我分享更多信息，我将不胜感激。你可能认为自己是受害者吗？你会因为你的负面情绪而责怪别人吗？
1468,1468,男性,18-39,焦虑,您是否将自己视为受害者，将自己的负面情绪归咎于他人？,没关系，谢谢。你会因为发生在你身上的事情而责怪任何人吗？你认为自己是这一切的受害者吗？
1475,1475,女性,40-69,焦虑,您是否将自己视为受害者，将自己的负面情绪归咎于他人？,好的，让我们进一步探讨一下。你认为你可能会让别人对你对自己的感觉负责，可能将自己视为受害者吗？
1476,1476,男性,18-39,焦虑,您是否将自己视为受害者，将自己的负面情绪归咎于他人？,那就好，谢谢解答。我想问一下，如果您不介意，您是否觉得自己受到了伤害和/或其他人对您的负面情绪负责？
1480,1480,男性,40-69,焦虑,您是否将自己视为受害者，将自己的负面情绪归咎于他人？,好的，谢谢你的回答。你认为你的负面情绪是由别人对你的行为引起的吗？
1481,1481,女性,40-69,焦虑,您是否将自己视为受害者，将自己的负面情绪归咎于他人？,有时我们可能会觉得其他人要为我们的感受负责。您认为现在有人正在引起您的焦虑吗？
1484,1484,男性,40-69,焦虑,您是否将自己视为受害者，将自己的负面情绪归咎于他人？,是不是你觉得你的负面情绪可能要归咎于其他人，这会导致你的焦虑？
1499,1499,女性,18-39,焦虑,您觉得您在试图控制某人吗？,没关系，谢谢你让我知道。难不成你就是想控制别人的人？有时，当我们自己经历痛苦时，我们可能会这样做。
1500,1500,男性,40-69,焦虑,您觉得您在试图控制某人吗？,谢谢，你可以直接说“不”或“是”，因为这有助于我更清楚地了解你的感受。在你的生活中，是否有一种关系让你试图对他们进行过多的控制？
1501,1501,女性,40-69,焦虑,您觉得您在试图控制某人吗？,有时我们希望我们可以 24/7 全天候为某人服务，但这也可能变成控制行为。您是否认为您可能对某人表现出控制性行为，或试图接管他们生活的某些方面？
1508,1508,女性,40-69,焦虑,您觉得您在试图控制某人吗？,谢谢你。或许，您是否相信您正在对一个人施加不适当的压力来获得您所需要的结果？
1510,1510,女性,18-39,焦虑,您觉得您在试图控制某人吗？,我明白了，谢谢，我还有一个问题想问。你有没有觉得生活中有些事情或人太难以预测了，并希望你能对它们有更多的控制？
1513,1513,女性,40-69,焦虑,您觉得您在试图控制某人吗？,我能理解焦虑是什么感觉，有时焦虑会让我们觉得某人没有按照他们应该的方式行事。可能是你试图控制某人，甚至没有意识到吗？
1515,1515,女性,18-39,焦虑,您觉得您在试图控制某人吗？,我明白了，谢谢你，让我们继续下一个问题，试图找到你感受的根源。也许你觉得你在试图控制某人？
1518,1518,男性,18-39,焦虑,您觉得您在试图控制某人吗？,我很感激你对我敞开心扉。在这一切中，您是否看到自己试图影响或控制他人的行为？
1519,1519,女性,18-39,焦虑,您觉得您在试图控制某人吗？,我明白。也许您生活中的某个人没有按照您认为的那样行事，而您可能正在鼓励他们改变自己的方式？
1525,1525,女性,40-69,焦虑,您觉得您在试图控制某人吗？,谢谢你和我谈论这个。另一种可能性是，您可能试图控制他人以减少焦虑，您认为情况可能是这样吗？
1526,1526,男性,18-39,焦虑,您觉得您在试图控制某人吗？,出于某种原因，想要控制生活中的事物或人是很常见的，尤其是当我们正在经历一段艰难的时期并觉得没有任何进展时。你有没有可能试图控制你认识的人？
1527,1527,女性,18-39,焦虑,您觉得您在试图控制某人吗？,当您应该接受事物的现状并允许事物流动时，您是否觉得您可能正在尝试控制情况的结果？
1531,1531,女性,40-69,焦虑,您觉得您在试图控制某人吗？,很难接受我们无法控制他人的想法或行为。你最近有没有发现自己试图控制某人？请放心，我不会因此评判你。
1534,1534,男性,40-69,焦虑,您觉得您在试图控制某人吗？,谢谢你，我想帮助你感觉好些，因为我知道焦虑很难。您是否有可能试图控制某人，这是否会导致您感到压力很大？
1545,1545,男性,40-69,焦虑,您觉得您在试图控制某人吗？,在不打扰的情况下，我可以问一下你生活中是否有人觉得你的行为不像你希望的那样？
1549,1549,女性,18-39,焦虑,当出现问题时，您是否总是责怪和指责自己？,我明白了，那很好，谢谢。最近，你是不是总发现事情没有按计划进行时，总是把责任推到自己身上？
1550,1550,男性,40-69,焦虑,当出现问题时，您是否总是责怪和指责自己？,谢谢，我想再问问你对这种焦虑的感受。你内心有没有一个声音对你说，这实际上完全取决于你，你应该为这种感觉负责，或者出现问题是你的错？
1558,1558,女性,40-69,焦虑,当出现问题时，您是否总是责怪和指责自己？,没关系，谢谢。你是否总是把情况看得太个人化，以至于你觉得对失败负责，并认为这总是你的错？
1560,1560,女性,18-39,焦虑,当出现问题时，您是否总是责怪和指责自己？,谢谢，请注意，如果可以的话，让我们进一步探索。有时事情可能会出错或无法解决；当这种情况发生时，你是否觉得自己总是有错？
1567,1567,女性,40-69,焦虑,当出现问题时，您是否总是责怪和指责自己？,很抱歉，您感觉不太好，我想知道您是否为此将责任归咎于自己。你认为你总是为每一个问题责备自己吗？
1568,1568,男性,18-39,焦虑,当出现问题时，您是否总是责怪和指责自己？,谢谢，你的情绪和感觉是有效的，我想了解更多。您是否总是觉得生活中的任何困境或问题都应该归咎于您？
1575,1575,女性,40-69,焦虑,当出现问题时，您是否总是责怪和指责自己？,谢谢你，如果你同意的话，我希望我们能深入挖掘一下。当事情没有按照你想要的方式发展时，你认为你总是为此责备自己吗？
1590,1590,男性,40-69,焦虑,当出现问题时，您是否总是责怪和指责自己？,谢谢你。这里没有正确或错误的答案，探索事物是好的。当事情不像你想要的那样发展时，你认为你总是要负责吗？
1606,1606,女性,40-69,焦虑,在之前的对话中，您是否考虑过其他提出的观点？,有时很容易被我们自己的观点所迷惑。你通常对别人的观点持开放态度吗？
1610,1610,女性,18-39,焦虑,在之前的对话中，您是否考虑过其他提出的观点？,现在，我希望您回想一下您与朋友、家人或同事的对话。你觉得你善于倾听别人的意见，理解所有的观点吗？
1613,1613,女性,40-69,焦虑,在之前的对话中，您是否考虑过其他提出的观点？,我理解您的感受并且不想以任何方式冒犯您，但我确实需要询问您如何与其他人及其想法打交道。在之前的讨论中，您是否考虑过其他人关于这个问题和其他主题的观点？
1618,1618,男性,18-39,焦虑,在之前的对话中，您是否考虑过其他提出的观点？,谢谢，我很佩服你的诚实，在我看来你是一个非常开放的人，但是有时很容易过于执着于我们的信念，这会阻止我们作为个人成长。老实说，您是否觉得自己一直能够接受其他人的观点？
1626,1626,男性,18-39,焦虑,在之前的对话中，您是否考虑过其他提出的观点？,我希望你仔细思考并诚实地告诉我，如果你认为你最近一直在充分听取其他人的建议，并认为值得采纳这些建议。
1630,1630,男性,40-69,焦虑,在之前的对话中，您是否考虑过其他提出的观点？,请回想一下之前与其他人的对话。在你之前的谈话中，你是否考虑过对方的观点，即使他们与你自己的不同？
1633,1633,女性,18-39,焦虑,在之前的对话中，您是否考虑过其他提出的观点？,我明白了，谢谢你，以及你如何与他人相处。你能不能坦率地说，你考虑到了别人的感受，仔细倾听了他们对你说的话？
1649,1649,女性,18-39,焦虑,您是否正在经历个人危机（与亲人相处有困难，例如与朋友闹翻）？,为了让我能够帮助您，我需要知道您的生活中是否正在发生重大事件。你觉得你现在过得特别困难，无论是在工作中，在家里还是和朋友在一起？
1650,1650,男性,40-69,焦虑,您是否正在经历个人危机（与亲人相处有困难，例如与朋友闹翻）？,感谢您耐心回答这些问题，我想专注于您现在的真实情况。这种焦虑真的比我们所说的更糟糕吗，你真的因为生活中正在发生的事情而痛苦吗？
1656,1656,女性,40-69,焦虑,您是否正在经历个人危机（与亲人相处有困难，例如与朋友闹翻）？,看起来你可能过得很艰难，请知道你可以和我谈谈。你的生活中有什么特别令人痛苦的事情吗？
1660,1660,女性,18-39,焦虑,您是否正在经历个人危机（与亲人相处有困难，例如与朋友闹翻）？,请问您目前在生活中是否遇到了特别的困难或困难，可能会导致您过度担心或痛苦？
1663,1663,女性,40-69,焦虑,您是否正在经历个人危机（与亲人相处有困难，例如与朋友闹翻）？,谢谢你对我敞开心扉，我真的很感激。请问您是否遇到与亲人或朋友的一些问题，或者您是否处理过任何其他重大的痛苦事件？
1665,1665,女性,18-39,焦虑,您是否正在经历个人危机（与亲人相处有困难，例如与朋友闹翻）？,请记住这是一个安全的空间，我在这里帮助您感觉更好。如果我问，您是否觉得您现在正在经历个人危机（例如与亲人相处困难或与朋友闹翻）？
1668,1668,男性,18-39,焦虑,您是否正在经历个人危机（与亲人相处有困难，例如与朋友闹翻）？,感谢您迄今为止分享的一切。如果我问您，您是否觉得自己正在经历特别困难的情况，无论是与家人、朋友还是亲人？
1669,1669,女性,18-39,焦虑,您是否正在经历个人危机（与亲人相处有困难，例如与朋友闹翻）？,如果这些问题听起来有点私人，我深表歉意。您是否正在经历某种个人危机或紧急情况，这是否是您情绪的原因？
1674,1674,男性,18-39,焦虑,您是否正在经历个人危机（与亲人相处有困难，例如与朋友闹翻）？,谢谢你的坦率和诚实，我想确保你没事。考虑到正在发生的一切，您的社交和个人福祉目前是否受到特别严重的影响？
1676,1676,男性,18-39,焦虑,您是否正在经历个人危机（与亲人相处有困难，例如与朋友闹翻）？,虽然在生活中遇到一些困难是正常的，但与亲人分手或与朋友闹翻等重大事件有时会导致个人危机。你认为你现在可能正在经历一场严重的危机吗？
1679,1679,女性,40-69,焦虑,您是否正在经历个人危机（与亲人相处有困难，例如与朋友闹翻）？,我希望你能足够信任我，如果你需要帮助，请告诉我。你觉得你现在正在经历一段非常艰难的时期吗？
1680,1680,男性,40-69,焦虑,您是否正在经历个人危机（与亲人相处有困难，例如与朋友闹翻）？,当人们的个人生活不顺利时，人们变得焦虑是很常见的。您的个人生活是否比平时压力更大（例如，与亲人或朋友的问题）？
1682,1682,男性,18-39,焦虑,您是否正在经历个人危机（与亲人相处有困难，例如与朋友闹翻）？,我想知道你生活中的其他事情和人际关系现在进展如何。您目前是否正在经历一个特别艰难的时期，或者正面临重大问题？
1683,1683,女性,18-39,焦虑,您是否正在经历个人危机（与亲人相处有困难，例如与朋友闹翻）？,再次感谢您，我只是想确保一切正常。最近生活中有没有让你感到困扰的部分？
1684,1684,男性,40-69,焦虑,您是否正在经历个人危机（与亲人相处有困难，例如与朋友闹翻）？,也许你的压力源于你个人正在经历的一些困难。您在与亲人或朋友相处时遇到任何困难吗？
1690,1690,男性,40-69,焦虑,您是否正在经历个人危机（与亲人相处有困难，例如与朋友闹翻）？,你现在一定很困难，所以我想知道有没有什么大事发生。在你的生活中，有没有什么事情感觉比平常更重要？
1698,1698,女性,18-39,快乐,那很好！让我推荐一个您可以尝试的协议。,我很高兴听到这个！你想让我推荐一个协议来进一步增强你的积极性吗？
1699,1699,女性,18-39,快乐,那很好！让我推荐一个您可以尝试的协议。,哦，真是太好听了！如果您愿意，我想推荐一个符合您当前感觉的协议。
1700,1700,男性,40-69,快乐,那很好！让我推荐一个您可以尝试的协议。,有这种感觉真好；我希望我们能抓住它并把它装进瓶子里。我可以推荐一个协议，它可以帮助增强您的感受。
1703,1703,女性,18-39,快乐,那很好！让我推荐一个您可以尝试的协议。,那太棒了！我碰巧有一个可以帮助最大化这些积极情绪的协议，你想看看吗？
1705,1705,男性,18-39,快乐,那很好！让我推荐一个您可以尝试的协议。,听起来不错。我有一个协议，你可以尝试进一步改善这种感觉，信不信由你！
1709,1709,男性,18-39,快乐,那很好！让我推荐一个您可以尝试的协议。,听到这个消息我很高兴。您是否有兴趣查看可以尝试的协议？
1710,1710,女性,18-39,快乐,那很好！让我推荐一个您可以尝试的协议。,听到这个消息我很高兴！我可以建议一种可能有助于增强您的积极情绪的协议，确保您尽可能长时间地感觉良好。
1711,1711,男性,18-39,快乐,那很好！让我推荐一个您可以尝试的协议。,很高兴你很好。我可以给你一个协议，你可以尝试让这种良好的感觉产生更持久的影响吗？
1713,1713,女性,40-69,快乐,那很好！让我推荐一个您可以尝试的协议。,我很高兴听到这个。我认为这将是尝试可能让您感觉更好的协议的最佳时机。
1714,1714,男性,18-39,快乐,那很好！让我推荐一个您可以尝试的协议。,听到这个消息我很高兴！让我们尝试一个协议，看看我们是否可以继续这样做，你怎么说？
1715,1715,女性,18-39,快乐,那很好！让我推荐一个您可以尝试的协议。,那太棒了！我可以推荐一个您可以尝试增强这种积极感觉的协议吗？
1717,1717,女性,40-69,快乐,那很好！让我推荐一个您可以尝试的协议。,很高兴听到这个。我正在考虑一项可能会让您感觉更好的协议，您想听更多吗？
1718,1718,女性,18-39,快乐,那很好！让我推荐一个您可以尝试的协议。,太棒了，我很高兴听到它。我可以推荐一种治疗方案来增强您的积极情绪吗？
1722,1722,男性,40-69,快乐,那很好！让我推荐一个您可以尝试的协议。,那太棒了！如果你想听一听，我仍然可以推荐一个可以帮助建立这种良好感觉的协议。
1723,1723,男性,18-39,快乐,那很好！让我推荐一个您可以尝试的协议。,这真的很好，我很高兴听到它。如果你愿意，我可以建议一个协议来提升你的情绪。
1724,1724,女性,40-69,快乐,那很好！让我推荐一个您可以尝试的协议。,我真的很高兴你有这种感觉。我想我可以推荐一个可以让你感觉更快乐的协议，你想听听吗？
1725,1725,男性,18-39,快乐,那很好！让我推荐一个您可以尝试的协议。,我很高兴你心情很好。我可以向您推荐一个协议，您可以尝试让自己感觉更好！你怎么认为？
1727,1727,男性,40-69,快乐,那很好！让我推荐一个您可以尝试的协议。,很高兴听到你心情很好。我实际上有一个有益的协议，你可以试试。
1728,1728,女性,40-69,快乐,那很好！让我推荐一个您可以尝试的协议。,太好了，您似乎朝着更快乐迈出了一大步！我们要不要一起选择一个协议来保持这种状态？
1729,1729,男性,40-69,快乐,那很好！让我推荐一个您可以尝试的协议。,很高兴听到你感觉很好。你目前的幸福状态真的会给你一个很好的基础来尝试一种协议，它可以帮助你巩固和建立你生活中的积极因素，帮助你最大限度地发挥幸福的潜力，我们可以试试吗？
1732,1732,女性,18-39,快乐,那很好！让我推荐一个您可以尝试的协议。,太棒了，总是很高兴听到。你想让我给你一个协议，让你感觉更满足吗？
1733,1733,男性,40-69,快乐,那很好！让我推荐一个您可以尝试的协议。,哦，我很高兴听到这个消息！感觉快乐/满足是我们都想保持的东西，所以我可以推荐一个治疗方案，你可以用来增强和保持这种积极的感觉吗？
1736,1736,男性,40-69,快乐,那很好！让我推荐一个您可以尝试的协议。,真是太好听了！您想尝试一种符合您心情的协议吗？我希望它可以激励你，让你的一天更加明亮。
1737,1737,女性,18-39,快乐,那很好！让我推荐一个您可以尝试的协议。,那太棒了！为了保持这种状态，我可以向您展示一个您可以执行的协议吗？
1739,1739,男性,40-69,快乐,那很好！让我推荐一个您可以尝试的协议。,很高兴看到你今天如此积极。我可以推荐一个适合您当前心情的协议吗？
1741,1741,男性,40-69,快乐,那很好！让我推荐一个您可以尝试的协议。,这是一种很棒的感觉。我可以建议一个协议来帮助增强和保持良好的感觉，它可能真的有帮助吗？
1746,1746,女性,18-39,快乐,那很好！让我推荐一个您可以尝试的协议。,很高兴听到你有这种感觉。我有一个协议可以增强这种积极的感觉，你想试试吗？
1747,1747,女性,18-39,所有情绪,根据您所说的，我相信您正在感受{}。这个对吗？,非常感谢你与我分享。从您的回答来看，您感觉 {} 听起来对吗？
1748,1748,女性,18-39,所有情绪,根据您所说的，我相信您正在感受{}。这个对吗？,明白了，谢谢从你告诉我的情况来看，我会说你现在感觉{}，这听起来对吗？
1749,1749,男性,40-69,所有情绪,根据您所说的，我相信您正在感受{}。这个对吗？,谢谢你告诉我，我想确保我理解正确。我相信您有 {} 的感觉，您能确认一下吗？
1758,1758,男性,18-39,所有情绪,根据您所说的，我相信您正在感受{}。这个对吗？,明白了，谢谢分享。我认为您有 {} 的感觉，我这样说是否正确？
1762,1762,女性,40-69,所有情绪,根据您所说的，我相信您正在感受{}。这个对吗？,谢谢，我只是想确保我理解正确。我想您感觉 {}，这听起来对吗？
1763,1763,男性,18-39,所有情绪,根据您所说的，我相信您正在感受{}。这个对吗？,谢谢，我只是想确保我们在同一页面上。您认为 {} 最能描述您现在的感受吗？
1764,1764,女性,18-39,所有情绪,根据您所说的，我相信您正在感受{}。这个对吗？,感谢您通过分享您的感受来信任我。从你告诉我的情况来看，我相信你有 {} 的感觉？
1765,1765,男性,40-69,所有情绪,根据您所说的，我相信您正在感受{}。这个对吗？,谢谢，如果我错了，请原谅我。我相信您是 {}，我的想法是否正确？
1778,1778,女性,40-69,所有情绪,根据您所说的，我相信您正在感受{}。这个对吗？,谢谢你，让我仔细检查一下你刚刚告诉我的。据我所知，您的感受是 {}，准确吗？
1779,1779,男性,40-69,所有情绪,根据您所说的，我相信您正在感受{}。这个对吗？,感谢您的回答。在我看来，您现在是 {}，该描述与您的感受相符吗？
1786,1786,男性,40-69,所有情绪,根据您所说的，我相信您正在感受{}。这个对吗？,感谢您对我的信任并分享您的感受。如果我理解正确，您现在感觉{}，您会说这是真的吗？
1788,1788,女性,18-39,所有情绪,根据您所说的，我相信您正在感受{}。这个对吗？,感谢您的开放和与我分享。你今天看起来像 {}，你也会这么说吗？
1789,1789,男性,40-69,所有情绪,根据您所说的，我相信您正在感受{}。这个对吗？,感谢您与我分享您的想法。我有一种感觉，你是 {}，是这样吗？
1792,1792,女性,40-69,所有情绪,根据您所说的，我相信您正在感受{}。这个对吗？,谢谢你。根据您告诉我的情况，我了解到您的感受是 {}，您认为这或多或少地描述了您的感受吗？
1793,1793,女性,40-69,所有情绪,根据您所说的，我相信您正在感受{}。这个对吗？,非常感谢您的意见。在我看来，您现在感觉{}，这听起来准确吗？
1794,1794,男性,40-69,所有情绪,根据您所说的，我相信您正在感受{}。这个对吗？,谢谢你的开放。从您的回复来看，我认为您有 {} 的感觉，我这样说是否正确？
1796,1796,女性,18-39,所有情绪,根据您所说的，我相信您正在感受{}。这个对吗？,考虑到您所说的所有内容，我相信您会感觉到 {}，是这种情况吗？如果没有，请随时纠正我。
1797,1797,女性,18-39,所有情绪,我很抱歉。请从下面的情绪中选择最能反映您感受的情绪：,我很抱歉造成误解。你能告诉我这些情绪中的哪一种符合你的感受吗？
1798,1798,女性,18-39,所有情绪,我很抱歉。请从下面的情绪中选择最能反映您感受的情绪：,哦，真的很抱歉，我当时一定是误会了。您能否通过从以下列表中选择来告诉我您的感受：
1799,1799,男性,40-69,所有情绪,我很抱歉。请从下面的情绪中选择最能反映您感受的情绪：,哦，我很抱歉，我真的很感谢你告诉我我做错了 - 有时可能很难。你能给我一些帮助以确保我理解吗？这是一个列表 - 请让我知道哪一个描述了您的感受：
1801,1801,男性,18-39,所有情绪,我很抱歉。请从下面的情绪中选择最能反映您感受的情绪：,哦，对不起，我误解了你的情绪。也许您可以将您当前的情绪描述为列表中的其中一种？
1802,1802,女性,18-39,所有情绪,我很抱歉。请从下面的情绪中选择最能反映您感受的情绪：,我很抱歉。你实际感觉如何？你能从下面的列表中选择它吗？
1803,1803,男性,18-39,所有情绪,我很抱歉。请从下面的情绪中选择最能反映您感受的情绪：,非常抱歉。请从以下情绪中选择您的感受：
1804,1804,男性,18-39,所有情绪,我很抱歉。请从下面的情绪中选择最能反映您感受的情绪：,对不起，有时很难知道某人在键盘后面的感受。相反，您介意从这个列表中选择一种更适合您当前状态的情绪吗？
1807,1807,女性,40-69,所有情绪,我很抱歉。请从下面的情绪中选择最能反映您感受的情绪：,很抱歉我误解了这一点。请问您从下面的列表中选择更准确地反映您的感受的情绪吗？
1808,1808,男性,18-39,所有情绪,我很抱歉。请从下面的情绪中选择最能反映您感受的情绪：,对此我感到非常抱歉。你能从下面的情绪中突出你现在真正感受到的情绪吗？
1809,1809,女性,18-39,所有情绪,我很抱歉。请从下面的情绪中选择最能反映您感受的情绪：,哦不，我好像误会了，我很抱歉。让我再试一次：请看下面的列表，然后选择哪种情绪最能代表您今天的感受。
1812,1812,女性,40-69,所有情绪,我很抱歉。请从下面的情绪中选择最能反映您感受的情绪：,哦不，我很抱歉。如果您不介意，请从此列表中选择您的感受：
1814,1814,女性,18-39,所有情绪,我很抱歉。请从下面的情绪中选择最能反映您感受的情绪：,我很抱歉造成误解。请从下面反映您感受的情绪中选择一种来纠正我：
1816,1816,女性,40-69,所有情绪,我很抱歉。请从下面的情绪中选择最能反映您感受的情绪：,我真的很抱歉我做错了。也许以下情绪之一会更准确地描述它？
1819,1819,男性,40-69,所有情绪,我很抱歉。请从下面的情绪中选择最能反映您感受的情绪：,我很抱歉，我的错。在您看来，您目前正在感受这些情绪中的哪些？
1820,1820,女性,18-39,所有情绪,我很抱歉。请从下面的情绪中选择最能反映您感受的情绪：,对于误会，我深表歉意。如果您可以在下方选择一种真正反映您感受的情绪，那将非常有帮助。
1821,1821,女性,18-39,所有情绪,我很抱歉。请从下面的情绪中选择最能反映您感受的情绪：,我很抱歉误解了你的感受。请告诉我您的感受，以便我更好地理解。
1822,1822,男性,40-69,所有情绪,我很抱歉。请从下面的情绪中选择最能反映您感受的情绪：,很抱歉对于这个误会。你会说你此刻的感受是什么？
1823,1823,男性,18-39,所有情绪,我很抱歉。请从下面的情绪中选择最能反映您感受的情绪：,对不起，也许我不是最擅长阅读人的。如果你不介意我问一下，你今天感觉如何，你能从下面的列表中选择你觉得最接近你当前心情的吗？
1825,1825,男性,18-39,所有情绪,我很抱歉。请从下面的情绪中选择最能反映您感受的情绪：,对不起，也许我误解了你的感受。我认为如果您能挑选出您认为最能代表您的情况的情感，那可能是最好的：
1827,1827,男性,40-69,所有情绪,我很抱歉。请从下面的情绪中选择最能反映您感受的情绪：,抱歉，那我一定是弄错了。请告诉我，您正在经历以下哪种情绪？
1829,1829,男性,40-69,所有情绪,我很抱歉。请从下面的情绪中选择最能反映您感受的情绪：,对不起，我真的很想了解你的感受。您能帮我从列表中选择最符合您感受的选项吗？
1830,1830,女性,40-69,所有情绪,我很抱歉。请从下面的情绪中选择最能反映您感受的情绪：,我很抱歉。让我们来看看这个列表，看看什么最能反映你现在的感受。
1831,1831,男性,18-39,所有情绪,我很抱歉。请从下面的情绪中选择最能反映您感受的情绪：,我很抱歉。如果可以，请从以下列表中选择，告诉我您的感受：
1832,1832,女性,18-39,所有情绪,我很抱歉。请从下面的情绪中选择最能反映您感受的情绪：,我很抱歉，我不是故意误判的。你有这些情绪吗？如果是这样，请通过选择它让我知道：
1833,1833,男性,40-69,所有情绪,我很抱歉。请从下面的情绪中选择最能反映您感受的情绪：,对于误解您的实际感受，我深表歉意。请您从下面的情绪中选择最能反映您的感受的情绪，以便我更好地理解它？
1834,1834,男性,40-69,所有情绪,我很抱歉。请从下面的情绪中选择最能反映您感受的情绪：,对于那个很抱歉。请阅读以下情绪并选择最适合您的感受：
1835,1835,女性,18-39,所有情绪,我很抱歉。请从下面的情绪中选择最能反映您感受的情绪：,我很抱歉。您想通过自己选择来帮助我了解您的感受吗？
1839,1839,男性,40-69,所有情绪,我很抱歉。请从下面的情绪中选择最能反映您感受的情绪：,抱歉，有时很难准确评估别人的感受。您想从这份清单中挑选出您正在感受的情绪吗？
1841,1841,男性,40-69,所有情绪,我很抱歉。请从下面的情绪中选择最能反映您感受的情绪：,哦，糟糕，对不起；我误解了信号。为避免进一步混淆，请从以下最能反映您当前感受的情绪中选择：
1842,1842,女性,40-69,所有情绪,我很抱歉。请从下面的情绪中选择最能反映您感受的情绪：,我道歉，我一定是误会了。也许您可以从下面的列表中指出哪种情绪最能代表您的感受？
1843,1843,女性,40-69,所有情绪,我很抱歉。请从下面的情绪中选择最能反映您感受的情绪：,我很抱歉，我很想更好地了解你的感受。你能选择你认为合适的情绪吗？
1845,1845,女性,18-39,所有情绪,我很抱歉。请从下面的情绪中选择最能反映您感受的情绪：,我很抱歉那是不正确的。看看下面的列表，你能告诉我你的感受吗？
1846,1846,女性,18-39,所有情绪,我很抱歉。请从下面的情绪中选择最能反映您感受的情绪：,我很抱歉听到我误解了。请用您自己的话说，您能具体说明您的感受吗？
1848,1848,女性,18-39,所有情绪,感谢您的参与。再见,非常感谢您今天抽出时间与我们合作，希望您喜欢我们的会议。我期待着下次见到你。
1849,1849,男性,40-69,所有情绪,感谢您的参与。再见,非常感谢与我交谈，我真的希望它做得很好。真的希望很快能再见到你！
1851,1851,男性,18-39,所有情绪,感谢您的参与。再见,我非常感谢你的参与，希望我们能很快再次见面。
1852,1852,女性,18-39,所有情绪,感谢您的参与。再见,非常感谢您参加本次会议，我非常感谢您的时间。一会儿见！
1854,1854,男性,18-39,所有情绪,感谢您的参与。再见,感谢您的参与，我真的很感激，您的努力非常宝贵。祝你有美好的一天！
1855,1855,女性,40-69,所有情绪,感谢您的参与。再见,谢谢你今天，我真的很感激。很快又赶上了。
1857,1857,女性,40-69,所有情绪,感谢您的参与。再见,我非常感谢您所花费的时间以及您与我分享的所有内容。我希望很快能再次联系。
1858,1858,男性,18-39,所有情绪,感谢您的参与。再见,我真的很感谢你的努力，谢谢你的参与。让我们很快再谈。
1859,1859,女性,18-39,所有情绪,感谢您的参与。再见,今天到此结束，感谢您与我交谈，我希望这次谈话对您有所帮助。期待很快再次见到您。
1861,1861,男性,18-39,所有情绪,感谢您的参与。再见,我真的很想花时间感谢您成为如此出色的参与者。很高兴能很快再次见到你。
1862,1862,女性,40-69,所有情绪,感谢您的参与。再见,非常感谢您在本次会议上与我共度时光。我真的很期待很快见到你。
1863,1863,男性,18-39,所有情绪,感谢您的参与。再见,非常感谢您的时间和努力。祝你有美好的一天！
1865,1865,男性,40-69,所有情绪,感谢您的参与。再见,真的非常感谢你。我希望很快能见到你。
1866,1866,女性,40-69,所有情绪,感谢您的参与。再见,我很高兴你能参加。我希望我们能尽快联系，再次感谢。
1867,1867,男性,18-39,所有情绪,感谢您的参与。再见,谢谢你，你很棒，很高兴能一起解决这个问题。我希望你能很快回来。
1868,1868,女性,18-39,所有情绪,感谢您的参与。再见,我很感激你的参与。我希望很快能再次与你合作。
1869,1869,男性,40-69,所有情绪,感谢您的参与。再见,谢谢，你今天很棒。我希望我能很快见到你，再见！
1870,1870,女性,18-39,所有情绪,感谢您的参与。再见,非常感谢你的合作。我希望很快能在见到你。
1871,1871,女性,18-39,所有情绪,感谢您的参与。再见,非常感谢你向我敞开心扉，告诉我你的感受。我很高兴我们可以进行这次聊天，如果您需要我，我会在这里。
1872,1872,男性,40-69,所有情绪,感谢您的参与。再见,非常感谢您参与其中。我希望很快能见到你。
1874,1874,女性,40-69,所有情绪,感谢您的参与。再见,我们已经结束了会议，我要感谢您抽出时间与我一起解决这个问题。再见。
1875,1875,男性,18-39,所有情绪,感谢您的参与。再见,我要真诚地感谢您参与其中。我希望很快能见到你！
1877,1877,男性,40-69,所有情绪,感谢您的参与。再见,谢谢，非常感谢您参加本次活动。我期待着在不久的将来见到你。
1878,1878,女性,40-69,所有情绪,感谢您的参与。再见,我很高兴我们能一起度过这段时光，希望对你有帮助。想多聊几句的时候可以回来。
1879,1879,男性,40-69,所有情绪,感谢您的参与。再见,非常感谢您参加本次会议，我非常感谢您的时间和您提供的深思熟虑的意见，希望本次会议对您有所帮助。我期待很快再次见到你，保重。
1880,1880,女性,40-69,所有情绪,感谢您的参与。再见,很高兴与您交谈，感谢您抽出宝贵时间。暂时再见。
1883,1883,男性,40-69,所有情绪,感谢您的参与。再见,非常感谢您在本次会议期间的时间和合作。我期待很快的另一场会议。
1885,1885,女性,18-39,所有情绪,感谢您的参与。再见,我很感激你和我一起度过了这段时间。我希望很快能见到你。
1886,1886,男性,40-69,所有情绪,感谢您的参与。再见,感谢你今天勇敢地分享你的感受，我很感激。我期待我们的下一次会议。
1887,1887,女性,18-39,所有情绪,感谢您的参与。再见,非常感谢您今天的诚实和努力，非常感谢。很快再见！
1888,1888,女性,18-39,所有情绪,感谢您的参与。再见,我真的很感谢你和我说话，谈论一个人的感受需要勇气。我期待与您再次交谈！
1889,1889,男性,40-69,所有情绪,感谢您的参与。再见,我要感谢您今天与我分享您的想法和感受。我真的很想很快再见到你，所以请你有空的时候过来看看。
1891,1891,男性,40-69,所有情绪,感谢您的参与。再见,您的参与非常宝贵，非常感谢您的参与。我希望很快能见到你。
1892,1892,女性,40-69,所有情绪,感谢您的参与。再见,我非常感谢您在这方面花费的时间。我希望能再次见到你。
1893,1893,女性,40-69,所有情绪,感谢您的参与。再见,谢谢，很高兴与你进行这次谈话。我希望我们能很快再见面。
1894,1894,男性,40-69,所有情绪,感谢您的参与。再见,我很感谢你今天的参与。我期待在未来与您进行更富有成效的合作。
1908,1908,男性,18-39,所有情绪,这是我的建议，请选择您想尝试的协议,现在我们已经掌握了所有相关信息，我想向您推荐一些我认为会产生积极影响的协议。您可以选择最能引起您共鸣的协议。
1925,1925,女性,40-69,所有情绪,这是我的建议，请选择您想尝试的协议,我想如果我们能找到这些感觉的根源，我们会让你感觉好很多。您认为您想尝试以下任何协议吗？看一看，让我知道您是否想尝试一些东西。
1928,1928,女性,18-39,所有情绪,这是我的建议，请选择您想尝试的协议,根据你告诉我的，我选择了一些可能对你有帮助的协议。您现在想尝试一个协议吗？如果是，请选择它。
1931,1931,男性,40-69,所有情绪,这是我的建议，请选择您想尝试的协议,我这里有一些协议希望您查看，我认为它们可能对您有所帮助。您能否通读一遍并告诉我您认为哪一种对您最有益，并且您想尝试一下。
1936,1936,女性,18-39,所有情绪,这是我的建议，请选择您想尝试的协议,如果你愿意，我有一些我认为可以帮助你的建议。在以下协议中，您现在想尝试其中一种吗？如果是，请选择它。
1937,1937,女性,18-39,所有情绪,这是我的建议，请选择您想尝试的协议,我有一些我认为可能在这里工作的建议。请继续看一看，您可以选择您觉得最舒服的协议。
1946,1946,女性,18-39,所有情绪,请现在尝试通过此协议。完成后，按“继续”,花点时间通读一遍以理解，如果可以，请尝试通读整件事。完成后只需点击“继续”按钮。
1947,1947,男性,18-39,所有情绪,请现在尝试通过此协议。完成后，按“继续”,我建议你现在就尝试这个协议，这可能很困难，但只要尽力而为，就会好的。完成协议后，按“继续”按钮，然后我们可以讨论一下，如果您愿意的话。
1948,1948,女性,40-69,所有情绪,请现在尝试通过此协议。完成后，按“继续”,感谢您的选择，您现在应该可以看到协议了；请看看你是如何处理它的。完成后，您可以按“继续”。
1950,1950,男性,40-69,所有情绪,请现在尝试通过此协议。完成后，按“继续”,感谢您选择此协议。您现在愿意尝试此协议吗？完成后，请您按“继续”按钮。
1951,1951,男性,18-39,所有情绪,请现在尝试通过此协议。完成后，按“继续”,谢谢，现在您可以尝试通过您选择的协议。当您完成后，如果您能回到我身边并按“继续”，我将不胜感激。
1952,1952,女性,18-39,所有情绪,请现在尝试通过此协议。完成后，按“继续”,我认为这对你有好处，我是来帮忙的。请尝试现在完成此操作，完成后，按“继续”。
1953,1953,女性,40-69,所有情绪,请现在尝试通过此协议。完成后，按“继续”,当您准备好时，我希望您阅读并尝试该协议。一旦您对此感到满意，请随时选择“继续”。
1954,1954,男性,40-69,所有情绪,请现在尝试通过此协议。完成后，按“继续”,现在尝试通过此协议可能对您有所帮助，如果可以请尝试一下。完成后，您只需按“继续”即可。
1956,1956,男性,18-39,所有情绪,请现在尝试通过此协议。完成后，按“继续”,我了解此协议可能具有挑战性，但请您尝试完成它。如果您设法完成它，请按“继续”，然后我会问您几个后续问题。
1957,1957,男性,18-39,所有情绪,请现在尝试通过此协议。完成后，按“继续”,太好了，现在我希望您尝试完成此协议。慢慢来，当你走到最后只需按“继续”。
1960,1960,女性,40-69,所有情绪,请现在尝试通过此协议。完成后，按“继续”,既然您已经做出选择，请遵循协议，我希望您会喜欢它。完成后，您将需要按“继续”按钮。
1961,1961,男性,18-39,所有情绪,请现在尝试通过此协议。完成后，按“继续”,那太棒了。你能不能现在就遵循这个协议，完成后点击“继续”。
1962,1962,女性,40-69,所有情绪,请现在尝试通过此协议。完成后，按“继续”,谢谢你。现在就开始研究这个协议，我们会看看它是否有帮助。完成后按“继续”，我们将再谈一些。
1968,1968,女性,18-39,所有情绪,请现在尝试通过此协议。完成后，按“继续”,真棒！现在请您尝试完成此协议并在完成后按“继续”。
1972,1972,男性,18-39,所有情绪,请现在尝试通过此协议。完成后，按“继续”,请尝试在您自己的时间完成协议。完成后，请返回并点击“继续”，以便我们评估进展情况。
1973,1973,女性,40-69,所有情绪,请现在尝试通过此协议。完成后，按“继续”,太好了，我很高兴您愿意尝试一下，希望您会发现它很有帮助。请在准备好后仔细阅读协议，如果完成后可以按“继续”，那就太好了。
1974,1974,男性,18-39,所有情绪,请现在尝试通过此协议。完成后，按“继续”,在你自己的时间，看看这个协议并尝试完成它。完成后，您可以按“继续”。
1975,1975,女性,40-69,所有情绪,请现在尝试通过此协议。完成后，按“继续”,仔细阅读协议，请慢慢来，按照自己的节奏进行，不要着急。完成后，按“继续”。
1976,1976,女性,18-39,所有情绪,请现在尝试通过此协议。完成后，按“继续”,太好了，那我们继续吧。尽最大努力完成后，请返回并按“继续”。
1979,1979,男性,40-69,所有情绪,请现在尝试通过此协议。完成后，按“继续”,请通读协议信息，当您觉得自己理解并准备开始时，请尝试通过它。完成后，请按“继续”。
1980,1980,女性,18-39,所有情绪,请现在尝试通过此协议。完成后，按“继续”,现在请花一些时间来完成协议。准备好后，请回来，以便我们继续。
1981,1981,男性,40-69,所有情绪,请现在尝试通过此协议。完成后，按“继续”,我了解这可能是个新的经验，但我希望你能够尝试这个练习。完成后，请按“继续”。
1988,1988,女性,18-39,所有情绪,请现在尝试通过此协议。完成后，按“继续”,在您完成此协议时，请尝试将注意力集中在您自己和任务上。最后，按“继续”按钮。
1989,1989,男性,18-39,所有情绪,请现在尝试通过此协议。完成后，按“继续”,当您选择了要尝试的协议后，请开始该协议。完成后，您可以按“继续”继续。
1990,1990,女性,18-39,所有情绪,请现在尝试通过此协议。完成后，按“继续”,感谢您的选择！如果您现在可以尝试通过此协议，我将不胜感激。完成后，您可以返回并按“继续”按钮。
1996,1996,男性,18-39,所有情绪,采取此协议后，您感觉更好还是更糟？,我知道执行协议可能很困难且要求很高。你现在感觉如何，你会说你感觉更好还是更糟？
1998,1998,女性,18-39,所有情绪,采取此协议后，您感觉更好还是更糟？,谢谢你，欢迎回来。现在你已经完成了，你感觉如何？
1999,1999,男性,40-69,所有情绪,采取此协议后，您感觉更好还是更糟？,非常感谢您接受本协议。完成后，您最初的感受是什么，您感觉好些了还是更糟了？
2005,2005,男性,18-39,所有情绪,采取此协议后，您感觉更好还是更糟？,谢谢，我知道这可能要求很高。该协议是否让您感觉比以前更好或更糟？
2009,2009,女性,40-69,所有情绪,采取此协议后，您感觉更好还是更糟？,谢谢你。如果您能指出这项活动是否让您感觉比开始前更好或更糟，那将非常有帮助。
2011,2011,女性,40-69,所有情绪,采取此协议后，您感觉更好还是更糟？,谢谢你这样做。它是否有所作为，如果是这样，您现在感觉好些了，还是更糟了？
2013,2013,女性,40-69,所有情绪,采取此协议后，您感觉更好还是更糟？,如果我可以问一下，您现在完成了协议，感觉如何？我希望你感觉好些，但如果你感觉更糟也没关系，告诉我，我会尽力提供帮助。
2016,2016,男性,18-39,所有情绪,采取此协议后，您感觉更好还是更糟？,谢谢。接受此协议后，您感觉如何？我希望你现在感觉好多了，但如果你觉得自己感觉更糟，那也没关系。
2020,2020,男性,18-39,所有情绪,采取此协议后，您感觉更好还是更糟？,现在，这样做后立即感觉好转或恶化是完全正常的。你说完成协议后的感受如何？
2022,2022,女性,40-69,所有情绪,采取此协议后，您感觉更好还是更糟？,感谢您花时间完成协议。它让你感觉如何——更好或更糟？
2023,2023,男性,18-39,所有情绪,采取此协议后，您感觉更好还是更糟？,我想问您对协议的看法，以及它是否对您有帮助。你感觉好些了，还是真的让你感觉更糟了？
2030,2030,男性,40-69,所有情绪,采取此协议后，您感觉更好还是更糟？,感谢您尝试该协议。如果您考虑一下服用前的感觉和现在的感觉，您会说您感觉更好还是更糟？
2031,2031,女性,40-69,所有情绪,采取此协议后，您感觉更好还是更糟？,感谢您的确认，我希望您不介意与我分享您在接受此协议后的感受。你觉得你感觉比以前更好还是更糟？
2034,2034,女性,18-39,所有情绪,采取此协议后，您感觉更好还是更糟？,你说你服用后感觉好些了还是更糟了？我真的希望我希望协议对您有所帮助，但如果情况并非如此，请随时告诉我。
2036,2036,男性,40-69,所有情绪,采取此协议后，您感觉更好还是更糟？,做完这个协议后，你感觉如何？我希望它有所帮助。
2038,2038,男性,18-39,所有情绪,采取此协议后，您感觉更好还是更糟？,谢谢，我想知道你现在感觉如何。您认为该协议有任何积极或消极影响吗？
2039,2039,女性,18-39,所有情绪,采取此协议后，您感觉更好还是更糟？,谢谢，希望对你有帮助。你能告诉我你在接受这个协议后感觉好些还是坏了？
2042,2042,男性,18-39,所有情绪,采取此协议后，您感觉更好还是更糟？,感谢您确认您已接受此协议，我希望这对您来说是一次积极的体验。请问您现在感觉比开始协议之前好还是不好？
2048,2048,男性,40-69,所有情绪,您想尝试另一种协议吗？ （病人感觉好多了）,我真的很高兴这个协议让你感觉好多了。你认为如果你尝试另一种协议会有帮助吗？如果是这样，您现在想尝试另一个吗？
2050,2050,女性,18-39,所有情绪,您想尝试另一种协议吗？ （病人感觉好多了）,我很高兴你感觉好多了，我觉得这很棒！您想尝试其他协议吗？
2051,2051,女性,40-69,所有情绪,您想尝试另一种协议吗？ （病人感觉好多了）,非常好。正如您暗示的那样，您感觉心情更好，您想继续执行另一个协议吗？
2052,2052,男性,40-69,所有情绪,您想尝试另一种协议吗？ （病人感觉好多了）,我很高兴它有所帮助。你认为你可能喜欢做另一个协议吗？
2053,2053,女性,40-69,所有情绪,您想尝试另一种协议吗？ （病人感觉好多了）,太好了，我很高兴它有所帮助。您想尝试其他协议吗？
2055,2055,男性,18-39,所有情绪,您想尝试另一种协议吗？ （病人感觉好多了）,太好了，这是朝着正确方向迈出的一步。我认为尝试另一种协议是个好主意，你怎么看？
2062,2062,男性,18-39,所有情绪,您想尝试另一种协议吗？ （病人感觉好多了）,太好了，很高兴听到这个消息！您想尝试其他协议吗？
2069,2069,女性,40-69,所有情绪,您想尝试另一种协议吗？ （病人感觉好多了）,我真的很高兴你感觉好多了。也许您准备好尝试另一种协议？
2072,2072,女性,40-69,所有情绪,您想尝试另一种协议吗？ （病人感觉好多了）,我很高兴您发现这有帮助，并且您这样做后感觉好一些。你认为你也会从另一个协议中受益吗？
2074,2074,女性,40-69,所有情绪,您想尝试另一种协议吗？ （病人感觉好多了）,我很高兴协议对您有所帮助。您想尝试其他协议吗？
2078,2078,男性,40-69,所有情绪,您想尝试另一种协议吗？ （病人感觉好多了）,非常好。如您所知，列表中还有更多协议，您是否认为您可能想尝试其他协议，看看情况如何？
2080,2080,男性,40-69,所有情绪,您想尝试另一种协议吗？ （病人感觉好多了）,我很高兴你发现它很有用。您想尝试其他协议吗？
2082,2082,男性,40-69,所有情绪,您想尝试另一种协议吗？ （病人感觉好多了）,很好，我很高兴它正在工作。我们要不要试试另一个？
2087,2087,女性,18-39,所有情绪,您想尝试另一种协议吗？ （病人感觉好多了）,我很高兴你在完成最后一个协议后感觉好多了。你想尝试另一个吗？
2089,2089,女性,18-39,所有情绪,您想尝试另一种协议吗？ （病人感觉好多了）,哦，我真的很高兴听到它！您现在想尝试另一种协议吗？
2090,2090,男性,18-39,所有情绪,您想尝试另一种协议吗？ （病人感觉好多了）,很高兴听您这么说。您还想尝试其他协议吗？
2095,2095,男性,18-39,所有情绪,您想尝试另一种协议吗？ （病人感觉更糟）,好吧，那很不幸，我道歉。有许多不同的协议可供选择，那么您想尝试另一种协议吗？
2096,2096,女性,40-69,所有情绪,您想尝试另一种协议吗？ （病人感觉更糟）,我很抱歉听到这个消息。您想尝试其他协议吗？
2098,2098,男性,40-69,所有情绪,您想尝试另一种协议吗？ （病人感觉更糟）,很抱歉，这并没有让您感觉好些，有时可能需要尝试不同的协议才能感觉好些。你想尝试另一种希望对你更有帮助的吗？
2099,2099,男性,18-39,所有情绪,您想尝试另一种协议吗？ （病人感觉更糟）,我很抱歉听到这个。如果您想尝试另一个协议，我们可以尝试其他协议？
2100,2100,女性,18-39,所有情绪,您想尝试另一种协议吗？ （病人感觉更糟）,我很抱歉你感觉更糟。也许我们应该坐下来尝试另一种可能对您更有益的协议？
2101,2101,女性,40-69,所有情绪,您想尝试另一种协议吗？ （病人感觉更糟）,这不好，但我们仍然可以修复它。正如您所暗示的那样，您在使用该方案后感觉并没有好转，您想尝试不同的方案，看看效果如何吗？
2104,2104,男性,18-39,所有情绪,您想尝试另一种协议吗？ （病人感觉更糟）,我很抱歉听到这个消息。你愿意尝试另一种协议吗？
2105,2105,男性,18-39,所有情绪,您想尝试另一种协议吗？ （病人感觉更糟）,如果您感觉更糟，请不要担心，这可能会发生，但我们仍然可以解决它。我们要不要尝试不同的协议，然后看看你感觉如何？
2108,2108,女性,40-69,所有情绪,您想尝试另一种协议吗？ （病人感觉更糟）,很抱歉听到它，通过它做得很好。如果您想尝试其他协议，看看这是否更适合您，还有其他选择。
2110,2110,女性,40-69,所有情绪,您想尝试另一种协议吗？ （病人感觉更糟）,很抱歉它现在不合适，我们可能需要尝试一些想法才能找到我们的方法。你现在准备好尝试另一个了吗？
2111,2111,女性,18-39,所有情绪,您想尝试另一种协议吗？ （病人感觉更糟）,我很遗憾听到你感觉更糟。也许你想尝试另一种协议？
2112,2112,男性,18-39,所有情绪,您想尝试另一种协议吗？ （病人感觉更糟）,我很抱歉听到这个。您想尝试不同的协议，看看它是否更有效？
2113,2113,女性,40-69,所有情绪,您想尝试另一种协议吗？ （病人感觉更糟）,这并不理想，但请不要放弃，有些协议有时会激起一些负面情绪，这是正常的。您想此时尝试另一种协议吗？
2116,2116,男性,18-39,所有情绪,您想尝试另一种协议吗？ （病人感觉更糟）,有这种感觉是完全正常的，你不是一个人。您想尝试不同的协议，看看它是否能让您感觉好些吗？
2120,2120,男性,18-39,所有情绪,您想尝试另一种协议吗？ （病人感觉更糟）,这是完全正常的，尽管我当然希望这对您来说是一种更积极的体验。我们再试一次怎么样？
2122,2122,女性,40-69,所有情绪,您想尝试另一种协议吗？ （病人感觉更糟）,很抱歉这个练习让你感觉更糟，有时不同的方法对不同的人更有效。您是否愿意尝试其他协议？
2125,2125,女性,18-39,所有情绪,您想尝试另一种协议吗？ （病人感觉更糟）,没关系，并不是每个人在第一个之后都感觉更好。我们试试另一个，看看我们如何处理那个？
2126,2126,男性,40-69,所有情绪,您想尝试另一种协议吗？ （病人感觉更糟）,我很遗憾听到你有这种感觉。您想尝试其他协议吗？
2127,2127,男性,40-69,所有情绪,您想尝试另一种协议吗？ （病人感觉更糟）,也许我们需要更深入地了解您的情况。如果您愿意，我们可以通过其他一些协议来工作。
2129,2129,女性,18-39,所有情绪,您想尝试另一种协议吗？ （病人感觉更糟）,很抱歉听到你感觉更糟。您想继续并执行另一个协议吗？
2131,2131,女性,40-69,所有情绪,您想尝试另一种协议吗？ （病人感觉更糟）,很抱歉让你感觉更糟。您是否准备好尝试不同的协议，哪个可能更适合您？
2133,2133,女性,40-69,所有情绪,您想尝试另一种协议吗？ （病人感觉更糟）,哦，那不好。你认为我们可以再试一次吗，也许使用完全不同的协议？
2136,2136,男性,40-69,所有情绪,您想尝试另一种协议吗？ （病人感觉更糟）,我很遗憾听到这次会议没有帮助。您想尝试另一种协议吗？
2138,2138,男性,18-39,所有情绪,您想尝试另一种协议吗？ （病人感觉更糟）,我明白了，我很遗憾听到这个消息。你觉得不同的协议可能有帮助吗？
2139,2139,女性,18-39,所有情绪,您想尝试另一种协议吗？ （病人感觉更糟）,听到这个我真的很抱歉。如果您愿意，我可以建议另一种可能有帮助的协议。
2141,2141,男性,40-69,所有情绪,您想尝试另一种协议吗？ （病人感觉更糟）,很遗憾，一个不适合你，但我们会找到一个有效的协议。还有其他可能更适合您的协议，您想尝试一个吗？
2142,2142,男性,18-39,所有情绪,您想尝试另一种协议吗？ （病人感觉更糟）,哦，我很遗憾听到它，有时通过协议会带回不舒服的回忆，我知道这可能很艰难。您想用不同的协议再试一次吗？