response,annotator1_score,annotator2_score,annotator3_score,empathy_score
﻿当您选择了要尝试的协议后，请开始该协议。完成后，您可以按“继续”继续。,1,2,2,2
你有什么事吗？,0,0,1,0
感谢您的参与，我真的很感激，您的努力非常宝贵。祝你有美好的一天！,2,1,2,2
我很感谢你的参与。我希望很快能再次与您合作。,1,2,2,2
感谢您如此开放，我正在尝试确定提供帮助的最佳方式，并了解重新审视创伤是多么困难。我想知道协议 6 是否对你来说太痛苦了？,2,2,2,2
很抱歉，这并没有让您感觉更好，有时可能需要尝试不同的协议才能感觉更好。您想尝试另一种希望对您更有帮助的方法吗？,2,2,2,2
谢谢你，也许协议 6 可以帮助你处理这个事件，但是在我推荐它之前，我想确保你过去没有遇到过不好的经历。您最近是否尝试过协议 6，如果您尝试过，它是否会引起过去事件的困难情绪？,2,1,2,2
谢谢你。由于您当前的情绪，您是否觉得需要控制他人？,1,2,2,2
我认为如果我们谈谈是什么让你有这种感觉可能会有所帮助。是不是某个特定的事件让你感到苦恼？,2,2,2,2
请现在试一试。完成后，只需点击“继续”。,0,0,1,0
非常感谢您的回答。我现在想问您，您是否认为自己是这种情况的受害者，而其他人应该为您的痛苦感受负责？,2,1,2,2
这是最近发生的还是过去发生的？,0,0,1,0
对你生活中发生的事情负责怎么样。你觉得你总是要为出错的事情负责吗？,1,0,2,1
这是由某个事件引起的吗？,0,0,1,0
有时我们生气是因为我们想帮助别人，但我们觉得自己做不到，或者他们不让。你觉得你的生活中有一个人是你想要拯救或拯救的吗？,2,1,2,2
请尝试在您自己的时间完成协议。完成后，请返回并点击“继续”，以便我们评估进展情况。,2,2,2,2
这是很久以前发生的，还是最近发生的？,0,1,1,1
谢谢你回答。在谈话中，你通常会考虑其他人的观点吗？,1,1,2,1
当出现问题时，你总是把责任归咎于自己吗？,0,0,1,0
你能告诉我是否有特定的情况让你有这种感觉吗？,1,2,2,2
谢谢你。您是否担心与您亲近的人之间的任何私人问题？,1,1,2,1
这是完全正常的，虽然我当然希望这对你来说是一次更积极的经历。我们再试一次怎么样？,2,2,2,2
谢谢，很高兴与您交谈。我希望我们很快再见面。,2,2,2,2
谢谢你这样做。它有什么不同吗？你现在感觉好些还是更糟？,1,2,1,1
你会说当其他观点出现在之前的谈话中时，你能够真正考虑到其他观点吗？,1,0,1,1
您是否考虑过可能改变您对当前情况的看法的各种观点和观点？,1,0,1,1
您最近是否尝试过协议 6，如果您尝试过，它是否会引起过去事件的困难情绪？,1,1,0,1
我明白了，谢谢。你觉得你是别人行为的受害者吗？,1,1,1,1
你是否总是觉得你要为实际上超出你控制范围的事情负责？,1,0,1,1
您可能知道，协议 6 可用于检查此类事件。你有任何使用协议 6 的经验吗？如果是这样，您是否发现它使与过去事件相关的困难情绪浮出水面？,2,1,2,2
既然协议已经完成，你的感觉和之前的感觉有什么不同吗？,1,0,1,1
非常感谢你向我敞开心扉，告诉我你的感受。我很高兴我们可以进行这次聊天，如果您需要我，我就在这里。,2,2,2,2
从您告诉我的情况来看，您感觉{}，对吗？,0,1,1,1
现在，这样做后立即感觉好或坏是完全正常的。你会说你完成协议后感觉如何？,1,2,2,2
你觉得你总是让自己成为事情出错的原因吗？,0,0,0,0
我可以看出您可能会感觉{}，这是准确的吗？,1,2,2,2
你觉得你是这里的受害者吗？,0,0,1,0
你认为你可能对别人表现出控制行为吗？,1,1,1,1
听到你感到焦虑，我很抱歉。是不是发生了什么事情引发了这些焦虑的情绪？,2,1,2,2
好的，别担心，我还有一些可能对你更有效的方法。你想尝试不同的吗？,1,2,1,1
你认为你总是为不是你的错的事情承担责任吗？,1,0,1,1
你说你有焦虑的感觉，不知道你是否还记得你对另一个人有没有其他强烈的情绪。您是否认为其中任何一项可能适用于您最近的感受：,2,2,2,2
请通读协议信息，当您觉得自己理解并准备好开始时，尝试按照自己的方式进行操作。完成后请按“继续”。,1,2,2,2
哦，我很高兴听到这个消息！感觉快乐/满足是我们都想保持的，所以我可以推荐一个治疗方案，你可以用来增强和保持这种积极的感觉吗？,2,2,2,2
是不是发生了什么事情导致了这种感觉？,0,0,1,0
很抱歉听到您的麻烦，我随时为您提供帮助。您现在与任何亲人有困难吗？,2,2,2,2
你是否对发生的事情负责，或者你觉得别人应该为你的负面情绪负责？,0,1,2,1
那是不幸的。你有没有尝试过协议 6，它是否引发了你对这个事件所感受到的同样困难的情绪？,1,0,0,0
您是否考虑过其他人会如何看待这种情况？,0,1,1,1
你愿意在人际关系中占据主导地位吗？,0,0,1,0
这发生在多久以前，是最近还是遥远？,0,0,0,0
你总是愿意听取别人的建议吗？,0,0,0,0
并非每个协议都适用于每个人，这没关系，我建议不要放弃并再次尝试。你想一起尝试另一个吗？,2,2,2,2
您是否碰巧尝试了协议 11，您认为这可能是您产生这些负面情绪的原因吗？,1,2,2,2
当情况出现问题时，您是否觉得自己总是要承担责任？,1,2,1,1
你的悲伤会导致你对某人变得操纵吗？会不会是你试图让某人做某事或说某事以使自己感觉更好？,1,2,2,2
我认为协议 11 可能会有所帮助，但在我提出建议之前，我想进一步调查一下。如果你最近尝试过第 11 号议定书，你能告诉我它是否会因为旧事件带来无法控制的情绪吗？,2,1,2,2
考虑到您的情况，我想为您推荐这些协议。请让我知道您希望从哪个协议开始。,1,0,2,1
你能告诉我这个或这些事件是最近发生的还是过去发生的？,1,0,1,1
在过去的谈话中，你真的努力去理解别人的观点吗？,0,0,0,0
我很遗憾听到它。这是什么时候发生的，最近还是不久前？,1,1,1,1
你有没有对别人有过这样的感觉：,0,0,0,0
那么，在完成协议后，您现在感觉如何，是好是坏？,0,0,1,0
您是否觉得对他人负责，以至于您可能试图改变或纠正他们的行为？,1,1,2,1
我希望你能应付。你介意我问你某个特定事件或问题是否引起了你的焦虑吗？,2,2,2,2
如果我可以问一下，您目前在个人事务上是否有任何问题？,2,1,1,1
我希望你现在开始协议。然后当你完成时，只需按“继续”。,0,0,0,0
谢谢你，非常感谢你参加这个活动。我期待着在不久的将来见到你。,2,1,2,2
当事情出错时，你是否总是认为自己应该受到指责？,0,1,0,0
你做得很好，我想帮助你感觉更好，试着了解你的情况。可以再问一些问题吗？,2,2,2,2
是不是感觉现在正在发生什么真正的大事，比如个人危机？,0,0,1,0
您最近是否尝试过协议 11，并且可能发现这并没有像您希望的那样有所帮助？,1,2,2,2
你觉得你受到了别人的负面影响吗？,1,0,2,1
你觉得将自己的问题和感受归咎于他人更容易或更自然吗？,0,1,1,1
我期待着在未来与您进行更多富有成果的交流。,1,0,0,0
我明白了，也许你的悲伤可能是因为无法从别人那里得到你需要或期望的东西。会不会是您试图控制某人但无法控制，这让您感到沮丧？,2,2,2,2
发生的事情是最近发生的还是很久以前发生的？,0,1,1,1
你相信你是受害者吗？,0,0,0,0
你现在感觉如何？有帮助吗？,0,1,0,0
你觉得你必须照顾其他人吗？,0,0,1,0
谢谢你和我分享你的感受。为了了解您的情况，经您同意，我现在想问您一些问题。,2,2,2,2
您能否告诉我，您是否在尝试使用协议 11 重新审视过去的创伤事件后开始有这种感觉？,1,2,1,1
这是您一直担心的事情，还是您脑海中的新事物？,1,1,1,1
你介意告诉我这是什么时候发生的，是最近发生的还是遥远的？,1,2,1,1
您想换一个不同的再试一次吗？,0,1,1,1
现在，在你的朋友或家人的圈子里，有没有什么事情困扰着你？,0,1,0,0
你是否总是因为发生在你身上的负面事情而对自己感到内疚或生气？,0,0,0,0
你觉得你应该成为别人的救世主吗？,0,0,1,0
非常感谢您的时间和努力。祝你有美好的一天！,1,0,1,1
我明白了，谢谢。这个事件是最近发生的还是不久前发生的？,1,1,2,1
想一想，你会不会说，当问题出现时，你总是倾向于责备自己？,1,2,0,1
您今天似乎有{}的感觉，这是否足够准确地描述您的感受？,1,1,2,1
你现在的事情一定很困难，所以我想知道有没有什么大事发生。在你的生活中有什么事情让你感觉比平常更重要吗？,2,2,2,2
我很抱歉听到这个消息，我希望你不介意进一步详细说明。这是最近发生的，还是过去更远？,2,2,2,2
如果我可以问，你觉得你现在想控制你生活中的某个人吗？,2,1,2,2
你是否总觉得出错的事情是你的错？,0,0,0,0
我明白了，谢谢。听完您的顾虑后，我想您的感受是{}，这是真的吗？,1,2,2,2
您是否总是倾听生活中的人的意见，并在与他们交谈时考虑他们对事物的看法？,0,1,1,1
你感觉更好还是更糟？,0,0,0,0
我们过去的事件可能会引发高涨的情绪。在执行协议 11 时，您是否经历过强烈的负面情绪？,1,1,2,1
哦，我很遗憾听到这个消息。是特定情况造成的吗？,1,2,2,2
没关系。既然你已经完成了协议，你能说你感觉比开始之前更好还是更糟？,1,1,1,1
如果我可以问这个，你是否总是认为自己对发生的任何事情都有过错？,2,1,1,1
您的参与非常宝贵，非常感谢，感谢您的宝贵时间。我希望很快能见到你。,2,2,2,2
感觉自己的感觉是可以的。你相信你是你情绪低落的受害者吗？,2,1,2,2
我很遗憾听到这个消息。你想尝试不同的协议，看看它是否效果更好？,1,2,2,2
您是在回忆遥远过去的事情还是最近的事情？,1,0,1,1
我明白了，谢谢。你觉得别人应该为你的悲伤负责吗？,1,2,1,1
当出现问题时，您是否总是不断地责备和指责自己，即使在内心深处您可以认识到这不是您自己的错？,1,1,0,1
您是否对一个或多个人有以下任何感觉：,0,0,0,0
你会说服用后感觉更好还是更糟？,1,0,1,1
你觉得成为别人的救星是你的责任吗？,0,1,1,1
我现在要问你一些其他的负面情绪。你能告诉我你最近是否对某人有过这些情绪：,2,0,1,1
你会因为你现在的感受而责怪别人吗？,0,0,1,0
我这里有一些协议，我想让你看看，我认为它们可能会对你有所帮助。请选择您想尝试的协议：,2,2,2,2
我希望这对你来说是一次积极的经历。请问您现在感觉比开始方案之前好还是坏？,2,2,2,2
我了解您感到焦虑。请你能告诉我更多关于这个的信息吗？焦虑是由于特定事件或事件引起的吗？,2,1,2,2
您是否会说您一直仔细考虑其他人在之前的讨论中可能向您提出的观点和论点？,1,2,1,1
再次感谢您，这有助于我理解。会不会是你试图控制或操纵别人去做你想让他们做的事情？,2,2,2,2
这是最近发生的事件还是遥远的事件？,0,0,0,0
在这种感觉之前发生了什么事吗？,0,0,1,0
在这个时间点，你的生活中有什么重大的冲突吗？,0,0,1,0
这种感觉是你做协议 6 的结果吗？,0,0,0,0
在您自己的时间继续执行该协议。完成后，请记住单击“继续”。,1,0,1,1
最近，您的焦虑是否导致您对其他人产生以下任何不受欢迎的情绪：,0,1,1,1
这是最近发生的，还是前段时间发生的？,0,0,1,0
这是最近的还是遥远的？,0,0,0,0
请问你最近压力大吗？,2,1,1,1
我明白。我相信您会感到{}，您会说这是正确的吗？,1,1,2,1
我很遗憾听到这个消息。是否有特定事件可能导致您有这种感觉？,2,1,2,2
这个协议是否改变了你的感觉，无论是好是坏？,0,1,1,1
如果您愿意，我可以建议另一种可以提供帮助的协议。,1,1,0,1
你想尝试一些可能更合适的不同的东西吗？,1,1,1,1
很高兴您已经认识到自己目前的感受，让我们看看我们是否可以识别其他一直困扰您的负面情绪。您最近是否对任何人感到或表达过以下任何一种情况：,2,2,2,2
谢谢你回答。你有没有想过拥有不同于你自己的观点会是什么样子？,1,0,0,0
你觉得你被期望去拯救别人吗？,1,0,1,1
那是不幸的。你有没有尝试过协议 6，它是否引发了你对这个事件所感受到的同样困难的情绪？,1,1,2,1
感谢您与我分享，让我们再深入一点。我现在想再问你一些问题，以便我能提供帮助。,2,2,2,2
在之前的对话中，您是否能够考虑其他人的观点？,0,1,0,0
我真的很想很快再见到你，所以请在你有空的时候光临。,1,1,2,1
你是否经常觉得拯救别人是你的工作，或者别人期望你那样做？,1,1,2,1
感谢您如此耐心和合作。如果你不介意，我希望你告诉我，如果你觉得你此刻正在挣扎。,2,2,2,2
有什么特别的事情可以让你回忆起可能让你有这种感觉的吗？,0,2,1,1
如果你想一想，你现在想要控制你生活中的某个人吗？,0,1,1,1
谢谢分享，我知道有时候很难。我们能多谈谈你目前的个人情况吗？,2,2,2,2
你现在因为别人而感到难过吗？,0,0,0,0
您是否在个人生活中遇到任何困难或面临危机？,0,0,1,0
哦不，那一定很难。这是最近的还是遥远的？,1,2,2,2
你总是觉得你需要拯救你生命中的人吗？,0,0,1,0
您是否正处于个人性质的创伤之中，例如与家人或朋友相处时遇到困难？,0,1,1,1
谢谢你。我知道您的感受{}，对吗？,1,1,1,1
它是最近发生的，还是过去的事件仍在影响您？,1,0,1,1
有没有发生什么特别让你感到难过的事情？,0,1,1,1
你认为你有可能只是试图控制另一个人的一举一动吗？,1,0,1,1
您是否觉得这些焦虑感可能是由对某人的任何其他情绪引起的，例如：,1,1,1,1
感谢您花时间完成协议。它让你感觉如何——更好还是更糟？,2,1,2,2
你是否感到肩上的重担要拯救他人？,0,1,1,1
那件事是最近发生的，还是在你过去更久远？,0,1,1,1
你是否觉得有人不接受你的权威，但他们应该接受？,1,1,0,1
您是否充分考虑过过去与之交谈过的人的观点？,0,0,1,0
我想知道你的悲伤是否可能源于更广泛的问题。您是否在生活中遇到任何重大问题，例如您是否与所爱的人闹翻了？,2,1,2,2
如果你不介意，我会再问你几个问题。,0,1,1,1
现在你已经尝试了这个协议并到达了终点，你对你的情况感觉更好还是更糟？,1,0,1,1
我觉得你今天感觉很{}，对吗？,0,1,0,0
您是否认为当事情没有按计划进行时，您应该始终对自己严格要求？,0,0,1,0
没关系，谢谢你让我知道。你是否觉得，也许是某人或某事造成了你的负面情绪？,2,1,2,2
你会说别人让你有这种感觉吗？,1,0,2,1
很抱歉让您受到伤害，在我尝试进一步调查此问题时，请多多包涵。我想再问你一些问题，以便我能更好地了解情况。,2,2,2,2
我很抱歉你正在经历这个。您最近是否尝试过第 6 号议定书，并发现由于旧事件而重新点燃了无法控制的情绪？,2,2,2,2
感谢您花时间完成协议。它让你感觉如何——更好还是更糟？,2,1,2,2
那么，在完成协议后，您现在感觉如何，是好是坏？,0,0,0,0
用你自己的话来说，你能具体说明你的感受吗？,1,2,2,2
你会说你通常会听别人的意见吗？,1,0,1,1
当不好的事情发生时，你是否总是对自己生气？,0,0,1,0
你能表达一下你现在已经完成了这个协议的感受吗？,1,1,2,1
请问您现在是否觉得自己是受害者，而其他人要为您的悲伤负责？,2,1,1,1
下面的问题可能感觉有些直接，但请尽量如实回答。你会说你现在觉得有必要控制某人或某事吗？,2,1,2,2
我现在要向你展示一份情绪清单。请告诉我您是否对某人有过强烈的感受或表达过以下情绪：,1,2,1,1
您是否对生活中的任何人强烈感受到或表达过以下任何情绪：,1,0,0,0
您现在在与他人的关系中是否遇到重大困难或挑战？,1,1,1,1
你喜欢想象自己有时会掌权并控制他人吗？,1,0,1,1
好的，然后你想要如何表现。现在是否有任何冲动试图控制你生活中的某个人？,1,0,1,1
你会说一出事就总是责备自己吗？,1,1,1,1
每当有人向您介绍这些观点时，您是否尝试过仔细观察他人的观点？,0,0,1,0
很高兴听到你有这种感觉。我有一个协议可以增强这种积极的感觉，你想试试吗？,2,2,2,2
这是最近发生的事情，还是仍然在你脑海中的过去的事情？,1,0,1,1
我很抱歉。请告诉我你的真实感受。,1,1,2,1
谢谢，感谢您与我分享，我知道这可能很困难。我想再问几个问题，以更好地了解您的情况。,2,2,2,2
我很遗憾听到这个消息。会不会是因为某个事件？,2,1,1,1
你有没有想过别人的观点，你有没有花时间去探索它们？,0,0,1,0
我听听你的感受。为了支持你，你能告诉我是否有一个特定的事件导致了你的感受吗？,2,2,2,2
每个人一整天都在处理很多情绪，并不是所有的情绪都是积极的。我想问一下你最近是否特别感受到了这些情绪：,2,1,2,2
感谢您分享这个。你能告诉我你是否把自己视为受害者，把你的消极情绪归咎于别人？,2,2,2,2
如果你有兴趣，我想你会喜欢的协议。,0,1,0,0
是不是有时，您将自己犯的错误归咎于他人，或者倾向于摆脱内疚？,2,1,2,2
感谢您到目前为止的回复。如果你不介意，我会再问你几个问题。,1,1,2,1
是不是因为你感到难过而责备其他人？,1,0,0,0
好的，谢谢你，让我们看看能不能把这件事弄清楚。我们如何回答几个问题并研究一些可能会帮助您感觉更好的方法。,1,1,2,1
谢谢你的开放。从您的回答来看，我认为您感觉{}，我这样说对吗？,2,1,2,2
你是否尝试过使用协议 11，如果是，这是否会因为过去的事件而引发困难的情绪？,1,1,1,1
由于与亲近的人的关系出现问题，您是否觉得自己正在经历个人危机？,2,1,1,1
我觉得你选的不错，请尽你所能。完成后点击“继续”，我们可以从上次中断的地方继续。,2,0,1,1
你是否感觉到或在想任何让你有拯救别人的冲动的事情？,1,0,1,1
知道您的感受对我很重要，我需要询问您之前与协议的互动。你最近有没有尝试过协议 11，如果有的话，它是否会为你回忆起这些事件而引发困难的情绪？,2,2,2,2
想想最近和最近发生的事件，你有没有想要拯救别人的印象？,1,1,2,1
我想知道，您是否尝试过仔细聆听并考虑您所爱的人提出的其他观点？,2,1,1,1
也许，你正在逃避对你的行为负责，只是为了你的感受而责备别人？,2,1,2,2
好的！我有一些协议建议，希望能保持你的好心情。,2,1,1,1
你现在一定很痛。你能分享一下这个事件是最近的还是很久以前的？,2,2,2,2
您是否有可能强迫其他人，也许是您关心的人，以您想要的方式行事？,2,1,2,2
我知道焦虑的感觉可能很可怕。有没有什么特别的东西让你有这种感觉？,2,2,2,2
在回答下一个问题之前，请尝试深入了解您与他人的关系。你有任何想法，你可以控制别人或试图控制他们？,2,1,2,2
遵循协议后，您现在感觉好些了吗？,0,0,0,0
我明白了，我很遗憾听到这个消息。你觉得不同的协议可能会有所帮助吗？,1,2,2,2
我很遗憾听到这个消息。有没有什么特别让你有这种感觉？,1,2,2,2
好的我明白了。您是否感到生活中其他人的压力，或以任何方式受害？,1,0,1,1
您是否认为您可能需要控制某人，让他们做或说您想要的，以减少愤怒？,1,0,0,0
您是否觉得有人以任何方式伤害了您？,1,1,0,1
你会说当其他观点出现在之前的谈话中时，你能够真正考虑到其他观点吗？,0,1,0,0
谢谢你回答。当事情没有如你所愿时，你是否觉得你总是在责备和指责自己？,1,2,2,2
很抱歉听到您今天感到焦虑，这对您来说一定很难。你今天有这种感觉有什么特别的原因吗，是不是发生了什么？,2,2,2,2
你能告诉我你是否曾经强烈地感受到或表现出对其他人的这些情绪：,1,2,1,1
你觉得你现在感觉如何，完成了协议？,1,0,1,1
我认为以下协议会对您有所帮助。您可以选择您认为目前最适合您的那个。,1,1,2,1
这件让你感到焦虑的事情——它是最近发生的还是不久前发生的？,1,0,0,0
在你自己的时间里，看看这个协议并尝试完成它。完成后可以按“继续”。,2,2,2,2
这是你做协议 11 的结果吗？,0,0,1,0
谢谢你和我分享，你做得很好。你介意我再问你一些问题，以便我能更好地了解你的情况吗？,2,2,2,2
感谢您的分享。我现在有一些问题可以帮助您了解您的情况。,0,1,1,1
谢谢你让我知道，我非常抱歉你有这种感觉。是不是有什么特别的东西带来了这种感觉？,2,2,2,2
有时它可以帮助通过协议 6 解决与过去的创伤事件相关的焦虑。你是否已经尝试过协议 6，如果是，你是否真的发现它带来的情绪太强烈了？,2,1,2,2
很抱歉，它没有为您解决，但是我可以推荐其他选择。你想试试另一个吗？,1,2,2,2
对不起，让你感觉更糟了。您是否准备好尝试不同的协议，这可能对您更有效？,1,2,2,2
你会说，在内心深处，你最近在控制别人的过程中找到了安慰吗？,0,0,1,0
谢谢你的回复，很有帮助。试着从外面看自己，你是否觉得自己在控制或试图控制别人的行为？,2,1,2,2
啊，我明白了。你会说这是最近发生的事件还是遥远的事件？,0,0,1,0
感谢您在本次会议期间的时间和合作。我期待很快再举行一次会议。,1,2,2,2
请在下面找到我的建议。在以下协议中，您现在想尝试哪一种？如果是，请选择它。,1,2,2,2
你是否认为，也许，你没有为自己的感受承担全部责任，而这导致你猛烈抨击别人？,2,1,2,2
你想控制局势，还是要控制另一个人？,0,0,1,0
情绪通常很难识别，我认为你做得很好。重要的是我们要了解我们的情绪是从哪里来的，所以我想问你最近是否有这些感觉：,2,2,2,2
很遗憾，一个不适合你，但我们会找到一个有效的协议。还有其他可能更适合您的协议，您想尝试一个吗？,2,1,2,2
感谢您的分享，很抱歉您正在经历这些。我只想再问一些问题，以便更好地了解您现在的感受。,2,2,2,2
您是否尝试遵循协议 11，如果这样做让您感到不安？,0,0,1,0
我明白了，谢谢。你会说这件事发生在最近，还是你还记得更远的过去？,2,2,2,2
这是最近发生的吗？,0,0,0,0
这是刚刚发生的事情还是过去发生的事情？,0,0,1,0
太好了，当你准备好时，你可以通过这个协议。完成后，按“继续”。,2,1,1,1
感到焦虑并完全可以理解是可以的。我只需要知道你最近是否曾试图回忆过去的这件事并觉得很痛苦？,2,2,2,2
你会说你曾经能够真正跳出自我，从不同的角度思考情况吗？,1,0,1,1
你最近是否通过协议 6 重新审视了这一事件的创伤，这就是你现在感到焦虑的原因吗？,0,1,1,1
请问您是否能够考虑其他人的观点？,1,0,1,1
您目前在生活中是否有任何个人问题或困难？,1,0,0,0
我明白了，感谢您花时间回答这个问题。请问您是否觉得自己总是倾向于为自己的问题责备自己？,2,2,2,2
感谢您与我分享您的想法。我感觉你是{}，是这样吗？,2,1,2,2
您是否尝试过执行协议 11，如果是，是否会引发不舒服的感觉？,0,0,0,0
你会说这是最近或遥远过去事件的结果吗？,0,1,1,1
谢谢，我想了解更多关于您的总体感受。您目前是否遇到个人困难？,2,1,2,2
我相信您会感到{}，您会说这是正确的吗？,1,1,1,1
我可以看出您可能会感觉{}，这是准确的吗？,0,1,1,1
当涉及到情绪时，总是很难保持客观，但如果可以的话，我希望你尝试一下。你是否觉得自己总是更关注别人在生活中所做的事情，而不是你在生活中所做的事情？,2,1,2,2
我知道你说你今天一直感到焦虑，所以我想知道你是否有其他负面情绪。您过去或现在是否有过这些情绪：,2,1,2,2
在您完成此协议时，请尽量专注于自己和任务。最后，按“继续”按钮。,2,2,1,2
很抱歉听到你有这种感觉，虽然有这种感觉没关系，你并不孤单。今天有什么特别的事情让你有这种感觉吗？,2,2,2,2
做完这件事后你感觉如何，你感觉更好还是更糟？,1,0,0,0
你是否发现你似乎总是为出错的事情责备自己，即使你无法控制它们？,1,0,1,1
我知道了。你能告诉我这种焦虑的原因是前一段时间发生的事情还是最近发生的事情？,0,1,2,1
在回答下一个问题之前，请尝试深入了解您与他人的关系。您是否觉得自己在试图控制与您亲近的人？,2,1,1,1
你和我分享了你一直感到焦虑，现在我想更广泛地询问你的情绪状态。以下情绪怎么样，您是否曾强烈感受到或向他人表达过这些情绪：,2,1,2,2
现在你的生活中是否有任何重大事件可能让你有这样的感觉？,0,1,1,1
请选择您现在要查看的协议。,0,0,0,0
请帮助我理解，因为我想尽我所能支持你。你觉得你通常善于考虑他人的观点吗？,2,2,2,2
如果我可以问一下，您现在完成了协议，感觉如何？我希望你感觉好些，但如果你感觉更糟也没关系，请告诉我，我会尽力提供帮助。,1,2,2,2
有人要为你的感受负责吗？,0,0,1,0
这是因为最近或遥远的情况而发生的吗？,0,0,0,0
您是否正处于个人性质的创伤之中，例如与家人或朋友相处时遇到困难？,1,0,0,0
哦，那不好。这与发生的任何特定事件有关吗？,1,2,2,2
谢谢你。我知道这并不总是那么容易，但你能告诉我的任何事情都会帮助我更好地了解你的情况。你介意我再问你几个问题吗？,2,2,2,2
我明白。这与最近发生的事情或更远的事件有关吗？,0,1,2,1
你总是觉得比你的负面感受或经历是你自己的错吗？,0,0,1,0
根据您告诉我的内容，这里有一些我们可以尝试的协议。请选择您现在想经历的任何事情。,1,2,1,1
你是否在责备某人，也许是因为感到恼火？,1,1,2,1
哦，不，很遗憾听到它。是发生了什么事情触发了这些感觉吗？,2,2,2,2
非常感谢您的意见。在我看来，您现在正在感受 {}，这听起来准确吗？,2,1,2,2
我有一些建议。如果可以，请您告诉我您认为今天哪种协议最适合您？,1,2,2,2
你是否觉得自己的情绪是他人行动的原因？,0,1,1,1
听到这个消息我很高兴。您是否有兴趣查看可以尝试的协议？,2,1,2,2
我这里有一些协议，我想让你看看，我认为它们可能会对你有所帮助。您能否通读一遍并告诉我您认为哪一个对您最有益并且您想尝试一下。,2,2,1,2
谢谢你，到目前为止你真的很勇敢地分享。我想看看我是否可以通过问你几个问题来了解你的感受以及这些感受的原因来支持你，你可以吗？,2,2,2,2
如果你有一根魔杖，你现在会从你的生活中消除一些人，以便感觉更好吗？,1,0,0,0
稍后我将列出一些情绪。您是否对某人有强烈的这些情绪，甚至对他们采取了行动：,1,0,1,1
当你被激怒时，你是否经常发现自己试图控制别人？,0,0,1,0
这个事件是最近发生的还是不久前发生的？,0,0,0,0
您是否觉得很难处于无法帮助别人的位置？,0,1,0,0
有时其他人让我们受苦，但有时可能是我们在逃避为自己的行为和选择承担责任。你是否因为别人而感到痛苦？,2,1,2,2
谢谢，我明白了。你认为自己情绪低落是别人的错吗？,1,1,2,1
感谢您与我分享这个，我知道这可能很困难。我想问一下您最近是否尝试过第 11 号议定书，如果是，您是否因此而感到更加痛苦。,2,2,2,2
你认为你现在可能试图控制别人吗？,1,0,1,1
你是否觉得，现在这个世界与你为敌？,1,1,0,1
这不好，但我们仍然可以解决它。正如您所建议的那样，您在使用该协议后感觉并没有好转，您想尝试另一种方法，看看效果如何？,2,1,2,2
你有没有觉得自己可能被别人伤害了？,2,0,1,1
你会说这是最近或遥远过去事件的结果吗？,1,0,1,1
你认为生活中的什么事件引发了这种感觉，是最近的事件还是过去更久远的事件？,1,1,1,1
好吧，你对周围人的感觉如何。你会说你是在这种情况下陷入困境的人，完全是别人的错吗？,2,1,1,1
你会说你一直乐于倾听别人的意见吗？,1,0,1,1
您是否担心与您亲近的人之间的任何私人问题？,1,0,0,0
你能告诉我你最近是否在研究 11 号议定书，它让我想起了过去的一些不好的感觉吗？,1,0,1,1
你总是因为你的错误而责备自己吗？,1,0,0,0
您能否与我分享您是否强烈感受到以下任何一种情绪：,1,0,1,1
协议 6 中的练习对某些人来说可能很困难，所以我想知道它们是否适合您。您是否尝试过协议 6 中的练习并发现它们困难或痛苦？,2,1,2,2
你是否觉得自己遇到了麻烦，没有人可以帮助你？,0,1,1,1
这是什么时候发生的，是最近还是不久前？,0,0,1,0
您是否觉得自己遇到了个人危机，例如与家人、朋友或其他亲人相处的困难时期？,1,1,2,1
我很抱歉你感觉不太好。有没有发生什么事让你有这种感觉？,1,2,2,2
你最近是否试图推进 11 号议定书，你重新审视的创伤是否变得难以处理？,1,1,2,1
您是否认为您的脑海中某处可能正在发生某些事情，让您觉得自己应该为生活中的其他人充当救世主？,1,1,2,1
请试试这个。让我知道它是否适合您，完成后，点击继续。,1,1,1,1
当发生伤害我们的事情时，责备自己是很正常的，但如果我们总是这样做，它会积累成非常愤怒的感觉。你认为你总是倾向于为每一个错误责备自己吗？,2,1,2,2
谢谢你。这里没有正确或错误的答案，只是探索事物是好的。当事情没有按照你想要的方式发展时，你是否认为你总是要负责？,2,2,2,2
你是否觉得有人对你的负面情绪负有部分责任？,0,1,1,1
谢谢，让我们再好好想想你的这种感觉。你觉得将自己的问题和感受归咎于他人更容易或更自然吗？,2,1,2,2
我完全理解你的感受，一定很难。如果我可以问，你是否觉得你向某人表达了这些情绪：,2,2,2,2
你想尝试其中的任何一个吗？,0,0,0,0
请问您是在家里、工作上还是和朋友相处时遇到麻烦？,2,1,1,1
您是否认为您最近有过以下情绪：,0,0,1,0
我认为这些协议之一可能会对您有所帮助。您想尝试哪种协议？,0,1,0,0
我明白了，谢谢。你不开心是因为别人让你感觉不好，就像你被他们伤害了，你是受害者吗？,1,1,2,1
这是最近发生的，还是遥远过去的记忆？,0,0,1,0
很抱歉你生气了，我想知道这是否可能是更大问题的征兆。最近你的生活中是否发生了其他重大困难？,2,2,2,2
您愿意尝试另一种可能效果更好的协议吗？,1,1,2,1
你认为有人要为你的负面情绪负责吗？,0,1,0,0
您最近是否尝试过通过第 11 号议定书，结果，过去发生的事情重新点燃了无法控制的情绪？,1,1,1,1
尝试不同的协议并看看这是否会让你感觉更好呢？,1,0,0,0
这种感觉是由特定事件引起的吗？,0,0,0,0
今天就到此结束，感谢您与我交谈，我希望这次谈话对您有所帮助。期待很快再次见到您。,2,2,2,2
您是否认为有时您会鼓励人们按照您认为他们应该的方式行事？,0,1,1,1
你现在的生活有什么困扰吗？,0,0,0,0
这真是太好了！如果您愿意，我可以建议一个协议来增强您当前的情绪。,1,2,2,2
谢谢你。我知道您的感受{}，对吗？,1,0,0,0
如果您同意，我想推荐以下协议。您可以选择您喜欢的一个来查看其内容。,1,2,2,2
非常感谢。我现在有一些问题可以帮助您了解您的情况。,1,2,1,1
我很遗憾听到这个消息。这是最近发生的还是不久前发生的？,1,1,2,1
我非常感谢您的努力，感谢您的参与。让我们很快再谈。,1,2,2,2
做协议 11 让你不高兴吗？,0,0,1,0
感到焦虑也可能与其他情绪混合在一起，我想看看您是否认识此列表中的任何一种，或者它们是否对您来说很熟悉。您之前是否曾强烈体验过以下任何一种情绪：,1,2,2,2
对你有帮助吗？,0,0,0,0
这是最近发生的事情还是过去发生的事情？,0,1,1,1
到目前为止，感谢您的回答。请问您是否觉得自己现在正在经历个人危机，或者您是否正在与周围的人遇到难以控制的人际关系困难？,2,1,2,2
我知道这对你来说可能很难说。请问，是最近发生的事情还是不久前发生的事情？,2,2,2,2
你是否觉得有必要成为你生命中其他人的救世主？,0,0,1,0
啊，我明白了。这是最近发生的事情还是不久前发生的事情？,0,1,1,1
请问是最近发生的还是很久以前发生的？,2,1,1,1
您是否发现其他人经常为您周围出错的事情负责？,1,1,1,1
感谢您今天勇敢并分享您的感受，我很感激。我期待着我们的下一次会议。,2,1,2,2
事件是最近发生的还是过去发生的？,0,0,0,0
你认为自己情绪低落是别人的错吗？,0,1,0,0
你有没有想过拥有不同于你自己的观点会是什么样子？,1,0,0,0
如果您不介意分享，您是否因为某个特定事件而有这种感觉？,2,1,2,2
谢谢，你今天太棒了。我希望我能很快见到你，再见！,1,1,0,1
你相信拯救某人的生命或减轻他们的问题会让你对自己感觉更好吗？,1,0,0,0
在这种情况下，你觉得自己是受害者吗？,1,0,0,0
是否发生了特别的事情导致了这种情况？,0,0,1,0
谢谢您，很抱歉您现在遇到困难并想提供帮助。让我们继续下一个问题并尝试解决这种情况。,2,2,2,2
我很遗憾听到你感觉更糟。您是否想尝试另一种协议？,2,1,2,2
您是否经历过以下任何情绪或想向另一个人表达它们：,0,0,1,0
在你的内心深处，这是你正在经历的个人危机，还是你的亲人或朋友感到受伤？,1,1,2,1
难道是为了解决你的处境和感觉更好，你试图控制你生活中的其他人吗？,2,1,2,2
谢谢你。你会说，也许你正试图控制别人，让他们做你想让他们做的事，或者说你想听的话？,1,2,2,2
我明白了，谢谢。你认为自己是别人的受害者吗？,1,0,1,1
非常感谢你跟我说话。我期待很快再次发言。,1,1,2,1
你的悲伤是否与一些更大的问题有关，比如你和你所爱的人之间的人际关系危机？,2,1,1,1
我很遗憾听到你感到难过。你知道是什么导致了这种悲伤的感觉，是一个特定的事件吗？,1,2,2,2
谢谢你这样做。它有什么不同吗？你现在感觉好些还是更糟？,1,1,2,1
我知道这可能很难，但你能告诉我更多关于你的情绪吗？我想知道你是否对另一个人有过以下情绪：,2,2,2,2
除了你提到的之外，这些感觉中的任何一种也与你最近经历的事情有关：,1,1,2,1
你现在感觉如何？服用此方案后，您认为您的感觉比以前好还是差？,0,1,1,1
这是最近发生的还是不久前发生的？,0,0,0,0
你会因为你正在处理的这种负面情绪而责怪别人吗？,0,0,1,0
你会说你经常对自己太苛刻吗？,0,1,1,1
考虑到你所说的一切，我相信你有感觉{}，是这样吗？如果没有，请随时纠正我。,1,2,2,2
成为别人的救世主对你来说很重要，对你有好处吗？,1,0,1,1
如果我可以问，你有没有发现自己因为你的感受而责备别人？,1,2,2,2
哦，那不好。你认为我们可以再试一次吗，也许使用完全不同的协议？,2,2,2,2
当事情不对或出错时，您是否总是倾向于责备和指责自己？,0,0,1,0
最近有没有发生什么让你感到与朋友和家人的支持网络疏远的事情？,1,0,1,1
有没有人伤害过你，或者让你担心过，你是否因为他们给你带来了这么多麻烦而对他们心烦意乱？,1,0,0,0
如果我可以问，你会因为你今天的感受而责怪别人吗？,1,0,1,1
您认为在您目前的情况下可能还有其他观点可以考虑吗？,1,1,1,1
如果我理解正确，您会认为是 {}，这是一个公平的评估吗？,1,1,2,1
你的处境是否让你觉得好像是别人的错？,1,0,1,1
如果我可以问，您现在是否正在为个人问题而苦苦挣扎？,1,1,2,1
你想选择一个来试试吗？,0,0,0,0
我们试试不同的怎么样？,0,0,1,0
我想知道，如果你这样做了，你认为尝试第 6 号议定书重新审视这个事件，可能会促成这种感觉吗？,2,1,2,2
请问您现在是否觉得自己是受害者，并将您的感受归咎于他人？,0,1,1,1
当你认为事情进展不顺利时，你是否觉得自己总是在无意中伤害自己？,1,1,2,1
你认为你可能拥有或渴望影响他人的力量吗？,1,0,0,0
有时人们在尝试使用协议 6 时可能会受到不利影响。您最近是否尝试过使用协议 6 并发现这种体验令人痛苦？,2,1,1,1
您是否有受害的感觉，并且觉得周围的其他人让您有这种感觉？,0,1,0,0
请帮助我进一步了解。这是最近发生的事件还是来自遥远过去的事件？,1,2,2,2
我希望你可以谈论它。这是最近引起你焦虑的事情，还是过去遥远的事情？,2,2,2,2
当谈到你的谈话时，你认为自己是一个倾听其他观点的人吗？,0,0,1,0
我对一些协议有一些想法，我认为这些想法会对你很有帮助。你想试试哪一个？,2,1,2,2
当出现问题时，您是否发现自己总是要承担责任？,0,0,1,0
我们可以尝试多种协议，我想找到最适合您的协议。请继续看一下，您可以选择您觉得最舒服的任何协议。,2,1,2,2
我对此感到非常抱歉。你能从下面的情绪中突出你现在真正感受到的情绪吗？,2,2,2,2
感谢您开放并与我分享。你今天看起来像{}，你也会这么说吗？,2,2,2,2
你能给我一些帮助以确保我理解吗？这是一个清单 - 请让我知道哪一个描述了您的感受：,2,1,1,1
这种困难的情况是否导致您产生任何这些情绪和/或对它们采取行动：,1,0,1,1
你会将你生命中的这一刻描述为一个紧张而复杂的时期，你、你的人际关系和感情都受到强烈挑战吗？,2,2,2,2
你有没有尝试过从别人的角度来看待事情，这有帮助吗？,2,1,1,1
我知道谈论这些事情可能很难，所以谢谢你向我敞开心扉。你想告诉我更多关于这件事发生的时间，是最近发生的事件还是过去发生的事情？,2,2,2,2
我可以建议一个协议来帮助增强和保持良好的感觉，它真的有帮助吗？,1,1,2,1
我很遗憾听到这个消息。你能找出一个让你有这种感觉的特定事件吗？,1,2,2,2
好的，我明白了，请告诉我更多有关它的信息。这是什么时候发生的，最近还是不久前？,1,2,2,2
你觉得别人要为你的负面情绪负责吗？,0,1,1,1
你是否总是承担责任，即使这可能不是你的错？,1,1,1,1
如果我可以问，你认为你感到这种愤怒是别人的错吗？,1,2,2,2
你的悲伤是否有可能是因为无法拯救生命中你觉得需要拯救的人？,2,1,2,2
这些是我的建议。请选择您要尝试的协议。,0,1,0,0
你想控制一个不合作的人吗？,0,0,0,0
这是一种很棒的感觉。我可以建议一个协议来帮助增强和保持良好的感觉，它真的有帮助吗？,2,1,1,1
作为你的朋友，你可以随时告诉我任何事情，我会尽我所能帮助你。你能告诉我是否发生了让你有这种感觉的事情吗？,2,2,2,2
我很抱歉。如果您想尝试另一种协议，可能有更好的协议？,1,1,2,1
是不是有什么特别的东西带来了这种感觉？,0,0,0,0
我明白你感到焦虑。除了这种感觉，你最近是否对某人也有过以下情绪：,1,2,2,2
请选择您认为最适合您的那个。,1,0,0,0
请问是不是有什么具体的原因导致了这种感觉？,1,1,2,1
有没有可能是你想救人？,0,1,1,1
你认为你应该为别人牺牲自己吗？,0,0,0,0
考虑到你所说的一切，我相信你有感觉{}，是这样吗？如果没有，请随时纠正我。,2,1,2,2
你有没有觉得你在试图控制某人？,0,0,1,0
现在我会问一些问题来了解你的情况。,0,0,0,0
我想了解一下您如何看待自己在社交圈中的角色。你是否经常觉得拯救别人是你的工作，或者别人期望你那样做？,2,2,2,2
那件事是最近发生的，还是在你过去更久远？,0,0,1,0
这是因为最近发生的事情，还是你想起了更遥远的过去？,1,1,2,1
别人让你觉得自己是受害者有过错吗？,0,1,0,0
你现在感觉怎么样？我希望它对您有所帮助。,2,2,2,2
你有没有想过拥有不同于你自己的观点会是什么样子？,0,0,1,0
最近或遥远的事情是否触发了这些感觉？,0,0,0,0
有什么事吗？,0,0,0,0
你总是试图批评自己吗？,0,0,1,0
我要感谢您今天与我分享您的想法和感受。我真的很想很快再见到你，所以请在你有空的时候光临。,2,2,2,2
我很遗憾听到这个消息，希望你不介意与我分享这件事发生的时候吗？它是最近的还是遥远的？,1,2,2,2
重温过去的负面事件，你会感到非常不舒服吗？,0,1,1,1
回想以前的情况和与他人的对话，你有没有跳出你的思维过程，思考可能挑战你的观点？,1,2,2,2
让我知道您更愿意尝试哪种协议。,0,0,0,0
在这件事发生后使用协议 6 是否让你基于过去的情况更加无法控制？,1,0,0,0
偶尔为自己的问题责备自己是正常的，但我们应该注意不要让这成为一种破坏性的习惯。你有没有注意到你总是因为任何事情出错而责备自己？,2,2,2,2
您是否在个人关系中遇到困难（例如与朋友的失败）？,0,0,1,0
您是否对您知道的其他人强烈感受到或表达了以下任何情绪：,0,1,1,1
你是否觉得自己受到了伤害，是别人的错？,0,1,1,1
我很抱歉你感觉更糟了。也许我们应该坐下来尝试另一种可能对您更有益的协议？,1,2,2,2
想一想，你有没有真正考虑过过去别人给你的其他观点和观点？,0,1,1,1
是否有其他人让你感到悲伤？,0,1,0,0
为了让你感觉更好，我需要了解是否有任何事情导致了这种情况；这是一个特定的事件吗？,2,1,1,1
我真诚地道歉。您能帮我从列表中选择最符合您感受的选项吗？,1,2,2,2
谢谢，我希望你现在感觉好多了，但如果你觉得你感觉更糟了也没关系。服用此方案后您感觉如何？,2,2,2,2
我听说你很焦虑。有没有发生什么事情可能让你有这种感觉？,1,1,2,1
你觉得导致你体验这些感觉的情况是最近的还是遥远的？,1,0,1,1
服用此方案后感觉如何？你认为它对你有好处吗？,0,1,1,1
啊，那不好，也许换个选择会更好。你想再做一个吗？,1,1,2,1
你正在经历个人危机吗？,0,0,0,0
是特定事件造成的吗？,0,0,0,0
你现在可以试试这个协议，当你准备好继续时，你可以选择“继续”。,1,0,0,0
谢谢你告诉我。你介意我问你一些关于这些感受的问题吗？,1,2,2,2
非常抱歉。请从以下情绪中选择您的感受：,1,2,2,2
极好的！我有一个建议可以让你感觉良好，你想看看吗？,1,1,2,1
这种情况是否会让您感到任何特别负面的情绪，例如下面列出的那些：,1,0,1,1
非常感谢您今天的诚实和努力，非常感谢。我希望很快能在见到你。,2,2,2,2
我很遗憾听到这个消息。我还可以问一下它是由最近或遥远的事件（或事件）引起的吗？,1,2,2,2
我想更好地理解为什么你现在会经历这种消极的感觉。你相信拯救某人的生命或减轻他们的问题会让你对自己感觉更好吗？,2,2,2,2
您可能已经讨论过并提出了各种需要考虑的观点。当这些被呈现给您时，您是否真的考虑过其他观点和观点？,1,1,2,1
你觉得别人在试图伤害你吗？,0,1,1,1
非常感谢你让我知道。你会说这件事发生在最近，还是你还记得更远的过去？,2,1,2,2
你觉得你必须拯救别人吗？,0,0,1,0
我想知道现在是否有任何事情发生，感觉比正常情况要大。你觉得你正面临个人危机吗？,2,1,2,2
我知道这对您来说可能很难讨论，但您的信息非常有用，谢谢。我可以继续问你一些问题，以便更清楚地了解你的情况吗？,2,2,2,2
我很感激你感到很舒服，可以和我分享。您愿意分享更多内容以便我提供帮助吗？,2,2,2,2
让你有这种感觉的事件是最近发生的还是很久以前发生的？,1,1,1,1
你想告诉我是什么事件引发了这些感觉，是最近的事件还是过去遥远的事件？,2,1,1,1
谢谢你回答。您是否能够考虑在以前的对话中向您提出的其他观点和意见？,1,2,1,1
我明白了，谢谢。在这种情况下，您是否将自己视为受害者？,1,1,2,1
谢谢你，也许协议 11 可以帮助你处理这个事件，但是在我推荐它之前，我想确保你过去没有遇到过不好的经历。你是否已经尝试过第 11 号议定书？如果是，它是否激起了困难或创伤性的情绪？,2,1,2,2
我了解您正在经历一个艰难的时刻，我相信深入了解这些情绪的本质将帮助我了解帮助您摆脱痛苦的最佳方法。您是否曾经对一个或多个人有过以下任何情绪或表达过：,2,2,2,2
你觉得你可能试图影响或改变别人的行为吗？,0,1,1,1
你是否觉得你试图为别人的行为负责？,0,0,1,0
如果可以的话，你认为也许你正试图成为别人的救世主吗？,2,1,1,1
您是否觉得您当前的情绪可能是由特定事件或事件引起的？,1,1,1,1
我很快就会再见到你。,0,0,0,0
你现在是否特别困难？你觉得你需要帮助吗？,1,1,2,1
有这种感觉是完全正常的，你不是靠自己。您想尝试不同的协议，看看它是否让您感觉更好吗？,2,2,2,2
有时我们会被负面情绪所淹没。你有没有对某人有过这些情绪的经历：,1,2,2,2
协议 11 可以唤起你可能很久没有感受到的情绪，所以我想知道它是否适合你。有没有可能你最近尝试了 11 号议定书，而这又重新点燃了负面情绪？,2,2,2,2
好吧，那很不幸，我道歉。有许多不同的协议可供选择，您想尝试其他协议吗？,1,2,2,2
你想试试协议吗？,0,0,0,0
你会说你现在的生活太混乱了，而且变得不堪重负吗？,1,0,2,1
你有没有想过别人在你的情况下会怎么想或有什么感受？,1,0,0,0
您是否认为有时您可能会觉得有必要来拯救某人？,0,1,1,1
你是否充分意识到你当前处境的另一面，你知道或曾经考虑过对他人的影响吗？,0,0,1,0
您过去可能进行过其他对话，讨论了其他观点和观点。你有没有将提供给你的任何建议或新观点付诸实践？,2,1,2,2
你认为为了让自己感觉更好，你需要帮助别人吗？,1,0,0,0
我真的很高兴你能参加。希望我们能尽快联系，再次感谢。,1,2,2,2
你会说你倾向于帮助别人，甚至可能以牺牲你自己的幸福为代价吗？,2,1,2,2
也许你会说，当出现问题时，你总是责备自己？,1,1,2,1
您是否有可能强行影响他人的决定和行为？,2,0,1,1
服用此方案后感觉如何？你认为它对你有好处吗？,1,0,0,0
这是由于最近或更远的事件或事件造成的吗？,0,0,0,0
你有没有注意到你最近总是因为任何消极的情况而责备或指责自己？,1,0,0,0
太好了，那我们继续吧。一旦你尽力而为并完成，回来并按“继续”。,1,2,2,2
在之前的对话中，您是否停下来倾听并思考其他提出的观点？,0,1,0,0
你现在的生活中是否有任何重大的个人问题？,0,0,1,0
当事情出错时，您是否总是责备自己或为发生的事情指责自己？,1,0,0,0
好的，我听听你的感受。我可以提出不同的建议让您尝试吗？,2,1,1,1
我真的很想了解更多关于你目前生活中发生的事情。是不是你总是觉得你必须关心或拯救别人？,2,1,2,2
偶尔为自己的问题责备自己是正常的，但我们应该注意不要让这成为一种破坏性的习惯。请告诉我，当事情出错时，你总是把责任归咎于自己吗？,2,2,2,2
听到这个我真的很难过。也许我们应该坐下来尝试另一种可能对您更有益的协议？,1,2,2,2
一会儿见！,0,0,0,0
你有没有退后一步，全方位考虑，站在别人的角度看待自己的处境？,1,0,1,1
你会考虑别人的想法，并接受他们的意见吗？,0,0,1,0
你认为别人是在逼你做某事，还是在以某种方式伤害你？,0,0,1,0
你是否会在不知不觉中试图控制周围的人？,0,1,1,1
尝试不同的协议并看看这是否会让你感觉更好呢？,0,0,1,0
很抱歉您感到难过，为了帮助您，我想深入挖掘一下。如果您不介意我问，您是否正在经历严重的个人危机？,1,2,2,2
导致你悲伤的事件是最近的还是遥远的？,1,0,1,1
我真的很想帮助您感觉更好，并且可能需要了解更多有关此事件的信息。例如，它是最近发生的还是发生在更远的过去？,2,2,2,2
很高兴听到你心情很好。我实际上有一个有益的协议，你可以试试。,1,0,1,1
你认为拯救别人是你的使命吗？,0,0,0,0
我知道了。你介意告诉我这是最近发生的还是过去发生的？,0,1,1,1
谢谢，我想知道你现在的感受。您认为该协议有任何积极或消极的影响吗？,1,2,2,2
有时会发生这种情况，但这里有更多的协议可能更适合您。你想尝试另一个，看看它是否有帮助？,1,1,2,1
你有没有觉得你试图让某人处于你的控制之下？,0,0,1,0
你现在是否因为试图控制你无法控制的某人或某事而感到沮丧？,0,0,0,0
您想尝试不同的协议吗？,0,0,1,0
您想换一个不同的再试一次吗？,0,0,1,0
非常感谢你让我知道。你会说是最近或遥远的事件（或事件）引起了这种情绪吗？,2,1,2,2
很抱歉你现在正在经历这些。是否有任何特定事件导致了这种情况？我希望我能做些什么来提供帮助。,2,2,2,2
有没有可能是你试图控制某人？,1,1,2,1
请原谅我。在不引导你的情况下，请从我给你的列表中选择你的感受。,2,2,2,2
你有没有觉得你需要控制他人的行为来应对？,1,2,2,2
感谢您通过分享您的感受来委托我。根据您告诉我的情况，我会说您现在感觉{}，这听起来对吗？,2,2,2,2
这个事件是最近发生的还是不久前发生的？,1,0,0,0
仔细阅读协议，请慢慢来，按照自己的节奏进行，不要着急。完成后，按“继续”。,2,2,2,2
你会说当出现问题时，你会觉得责任总是属于你的吗？,1,1,2,1
这是最近发生的还是不久前发生的？,0,0,0,0
你想跟随哪一个是你的选择。,1,0,0,0
您是否觉得您目前正在经历严重的个人困难，可能与您所爱的人或朋友在一起？,2,1,2,2
感谢您信任我并分享您的感受。如果我理解正确，您现在正在感受 {}，您会说这是真的吗？,2,2,2,2
老实说，你认为控制某人是可以的，还是你会这样做？,1,0,1,1
当事情出错时，你是否总是觉得自己应该受到责备？,0,1,0,0
如果可能的话，我想知道你是否觉得你总是对过去向你提出的不同观点给予充分和仔细的考虑。,2,1,2,2
如果我可以问，你是不是总觉得自己搞砸了？,2,1,1,1
你认为你可能以一种控制的方式行事吗？,1,0,1,1
是不是有什么特别的东西带来了这种感觉？,0,0,1,0
你还记得你最近是否对某人有过强烈的感受或表达过以下任何一种情绪：,0,0,1,0
谢谢你让我知道。你觉得别人让你有这种感觉吗？,2,1,2,2
这些天来，您是否在与朋友或家人相处时遇到麻烦？,0,0,1,0
我很遗憾听到这个消息。我还可以问一下它是由最近或遥远的事件（或事件）引起的吗？,1,2,2,2
请从以下协议中选择一个协议。,0,0,0,0
你正在经历艰难的时期，还是个人危机？如果是这样，你可以告诉我。,1,1,2,1
当出现问题时，你总是责备自己吗？,0,0,1,0
你总是不公平地让自己对发生在你身上的事情负责吗？,1,0,1,1
你认为自己是救世主吗？,0,0,0,0
我想知道你是否感到被周围的人理解或反感；这对我来说很重要，能够帮助你。你认为你周围的其他人是问题的一部分，他们对你的悲伤负责吗？,1,2,2,2
你觉得这个协议怎么样？,0,0,1,0
很抱歉这件事发生在你身上。这是最近发生的还是不久前发生的？,1,2,2,2
你有没有注意到由于过去的事件，在尝试协议 11（如果你已经尝试过）时是否会产生难以忍受的情绪？,1,1,2,1
你是否总觉得问题是你自己的错？,0,0,1,0
过去，您是否曾对自己或他人表达或感受过这些负面情绪：,0,1,0,0
你想管别人吗？,0,0,0,0
有些人发现协议 11 不一定对他们有帮助，所以我正在尝试评估它是否适合您当前的情况。您是否尝试过协议 11，它是否让您感到任何负面情绪？,2,1,2,2
带着这种感觉，你有没有想过要救别人？,1,0,1,1
对此我很抱歉。这是由特定事件引起的吗？,1,1,2,1
我明白。这与最近发生的事情或更远的事件有关吗？,1,2,2,2
很抱歉听到这个消息。是最近的事件还是更远的事件导致了这种情况？,1,2,2,2
服用此方案后您感觉如何？,0,1,1,1
很抱歉，我不是故意误判的。请从下面的列表中选择一种最能描述您的感受的情绪：,2,2,2,2
你是否觉得自己在评判自己，在逆境中总是责备自己？,1,2,2,2
你目前正在经历一些私人的事情吗？,0,0,1,0
你通常能够设身处地为他人着想吗？,0,0,1,0
你思想开放，能够倾听别人的想法吗？,0,0,0,0
你觉得你让某人失望了吗？,0,0,1,0
也许你的压力源于你个人正在经历的一些困难。您与亲人或朋友有任何困难吗？,2,1,2,2
谢谢，希望对你有帮助。你能告诉我你在服用这个协议后感觉好还是坏？,2,2,2,2
感谢您迄今为止的合作。请问您是否觉得有义务将生活中的其他人从他们自己的问题中解救出来？,1,2,2,2
你觉得这个协议怎么样？它是帮助你感觉更好还是产生了相反的效果？,1,2,2,2
你觉得你让某人失望了吗？,0,0,1,0
再见。,0,0,0,0
真是太好了！我可以建议一种可以很好地保持积极情绪的协议。,1,2,2,2
我明白了，谢谢，那我想深入一点。在这种令人遗憾的情况下，你觉得自己是受害者吗？,1,2,2,2
你会说你感受到这些情绪的原因完全是因为其他人吗？,1,0,2,1
会不会是你潜意识地试图引导或引导另一个人的行为？,1,1,2,1
很抱歉对于这个误会。请您从下面的情绪中选出最能反映您的感受的情绪，以便我更好地理解它？,1,2,2,2
没关系，不是每个人都在第一次之后感觉更好。我们试试另一个怎么样，看看我们如何处理那个？,2,2,2,2
您现在最亲近的人是否有任何重大问题或影响？,0,0,1,0
我已经考虑过什么最适合你。如果您查看选项并让我知道您想尝试哪种协议，那就太好了。,1,0,2,1
我很抱歉我误解了这一点。我可以请您从下面的列表中选择更准确地捕捉您的感受的情绪吗？,2,1,2,2
在谈话中，你通常会考虑其他人的观点吗？,1,0,0,0
那可能很粗糙。你认为这可能与发生的事情有关吗？,2,1,2,2
你觉得哪让我觉得抱歉。这是由特定的东西引起的吗？,1,1,2,1
你觉得别人应该为你的悲伤负责吗？,0,1,1,1
请问您是否对某人有过这些情绪或表达过这些情绪：,0,1,1,1
这个协议是否改变了你的感觉，无论是好是坏？,1,0,1,1
很抱歉这件事发生在你身上，希望能有所帮助。你能告诉我这个事件是最近发生的还是遥远的？,2,2,2,2
谢谢你的回答，我总是在这里理解和帮助你，从不评判。你有没有可能试图掌控别人的生活？,2,2,2,2
谢谢你今天和我分享。想说话的时候随时回来找我。,1,1,2,1
很抱歉，您现在正在经历这种消极情绪。如果我可以问，请老实说，你是不是说在向你提出这些观点时，你总是充分考虑到其他人的观点？,2,1,2,2
你在这个协议之后感觉如何？,0,0,0,0
你觉得有人正在或试图伤害你吗？,0,1,0,0
如果您不介意我问，我想知道您是否将这些负面情绪归咎于他人。,1,1,0,1
没关系，谢谢你让我知道。您是否觉得自己对此不承担任何责任，而伤害了您则应归咎于他人？,2,1,2,2
好的谢谢。你能告诉我这是最近发生的事情，还是不久前发生的事情？,0,1,1,1
我有一些你可以尝试的协议的建议。请选择一个立即查看：,1,0,1,1
我很欣赏这可能是新的，但现在尝试通过这个协议。完成后，按“继续”按钮。,2,1,2,2
这是最近发生的，还是前段时间发生的？,0,0,1,0
我们可以尝试其他协议。你会对此持开放态度吗？,1,0,0,0
你和你爱的人有什么困难吗？,0,0,1,0
您想尝试另一种协议，看看它是否也能让您感觉更好吗？,1,0,1,1
您想尝试其他协议吗？,0,0,1,0
我可以看出您可能会感觉{}，这是准确的吗？,0,0,1,0
请问您是否总是为生活中的所有问题而责备自己？,2,1,1,1
请花一些时间现在通过协议。准备好后，请回来，以便我们继续。,1,2,2,2
你能倾听别人的观点吗？,0,0,0,0
你会不会说在之前的谈话中你总是倾听别人的观点，花时间仔细考虑他们的观点？,1,2,2,2
我可以认同这一点。现在，这些感觉是最近发生的事件还是很久以前发生的事件的结果？,2,2,2,2
你和你生活中的一个或多个人之间是否存在权力斗争，需要有人获胜？,0,0,1,0
很抱歉听到它，很好地完成了它。如果您想尝试其他协议，看看这是否更适合您，还有其他选择。,2,2,2,2
协议 11 中的练习对某些人来说可能很困难，所以我想知道它们是否适合你。您是否尝试过协议 11 中的练习并发现它们困难或痛苦？,2,1,2,2
你总是为任何问题责备自己吗？,0,0,0,0
这种情况是最近发生的，还是一直困扰您一段时间的事情？,1,1,2,1
有人要为你所感受到的疾病负责吗？,0,0,1,0
我想知道当发生不好的事情时，你是否总是感到有责任感。,1,0,0,0
我很遗憾听到这个消息。我们也许应该尝试另一个？,1,2,2,2
对别人有强烈的情绪是很正常的，我不是来评判你的。您是否对他人有过以下情绪或表达过以下任何一种情绪：,2,2,2,2
完成这个协议后你感觉如何？我希望它有所帮助。,1,2,2,2
我知道了。所以你感觉{}，对吗？,0,0,1,0
这有助于让你感觉更好，还是真的没有？,0,0,1,0
感谢您今天的耐心等待。再见！,1,0,1,1
您是否执行了协议 6，是否让您感觉更糟？,0,0,1,0
这很难。这是最近发生的还是不久前发生的？无论哪种方式，你的感受都是完全正确的。,2,2,2,2
你是否总是觉得自己是一个过错的人，即使你不应该这样做？,1,2,2,2
你觉得你是受害者吗？,0,0,1,0
你认为你需要成为别人的救世主吗？,0,0,1,0
谢谢你让我知道。您是否相信您已经探索了所有的选择，包括其他人可能向您建议的选择？,2,1,2,2
老实说，你认为你总是可以考虑替代你的观点吗？,1,1,2,1
你觉得有人需要你的帮助吗？,0,0,1,0
有没有什么特别的东西让你有这种感觉？,0,0,1,0
这是最近发生的事情还是很久以前发生的事情？,0,1,0,0
有时我们可以将嫉妒、贪婪、嫉妒、仇恨或恶意的情绪反映在他人身上，过去的不信任会导致报复的想法，但请放心，所有这些情绪都是完全正常的感受。您是否认为您可能会感受到以下任何一种情绪：,2,2,2,2
好的，这是我的建议。您可以选择您认为现在最适合您的任何协议。,1,0,0,0
你认为你需要成为别人的救世主吗？,0,0,1,0
我可以推荐一些可能有帮助的协议。随意从这些协议中选择您喜欢的协议。,1,0,2,1
在你身边或你的生活中，有没有你想要控制的人？,0,0,1,0
你认为这种情况，以及其中的人，是你试图控制的东西吗？,1,0,1,1
您与之交流过的其他人可能提供了一些建议。其他人就您目前的情况提出的任何建议对您有帮助吗？,2,1,2,2
您是否注意到由于过去的事件，尝试协议 6（如果您尝试过）是否会产生难以忍受的情绪？,1,2,2,2
谢谢你。你会说你在个人生活中面临困难吗？,1,1,2,1
你能告诉我你在服用这个协议后感觉好还是坏？,1,2,1,1
我希望你不介意我问，但你正面临困难时期吗？,1,1,2,1
我明白了，谢谢。你会说这件事发生在最近，还是你还记得更远的过去？,2,1,2,2
非常感谢您今天的诚实和努力，非常感谢。很快再见！,2,2,2,2
我非常抱歉你正在处理困难的情绪。你觉得，也许，你应该在你的生活中拯救别人吗？,1,2,2,2
哦，那不好。是不是有什么东西引发了这种感觉？,2,1,2,2
感谢您与我分享您的情绪，我知道现在可能很难处理它们。为了让我能更好地帮助你，你能告诉我某个特定事件是否让你有这种感觉吗？,2,2,2,2
谢谢你。我想知道你是否因为与朋友或家人的问题而正在经历一个特别困难的时刻。,1,2,2,2
感谢您的时间。我相信我们会再次相遇！,1,0,1,1
这种感觉是由于最近或遥远的事件而产生的吗？,1,0,0,0
接受协议后感觉如何？,0,0,1,0
你认为这有助于你感觉更好还是让你感觉更糟？,0,0,1,0
请让我知道您想尝试哪一个。,0,0,1,0
你认为通过另一个协议会有所帮助吗？,1,0,1,1
这种感觉的原因是在你年轻的时候还是最近发生的？,2,1,1,1
你觉得有必要控制别人吗？,0,0,0,0
我可以推荐一个治疗方案来增强你的积极情绪吗？,1,2,1,1
回头见！,0,0,0,0
现在你已经尝试了这个协议并到达了终点，你对你的情况感觉更好还是更糟？,1,0,1,1
我很遗憾听到这个消息。你愿意尝试另一个协议吗？,1,2,2,2
你和你爱的人有什么困难吗？,0,0,1,0
您最近是否与朋友或亲人有过私人问题，可能是吵架，或者您是否有家庭问题？,1,1,2,1
感谢您的信任，请帮助我更好地理解。你会不会说，在之前的谈话中，你一直都愿意倾听别人的看法和意见？,1,2,2,2
你认为自己是别人行为的受害者吗？,0,0,1,0
我很抱歉这没有帮助。我们再试试？,0,1,2,1
在审视自己的处境时，你是否总是为正在发生的事情自责和指责自己？,1,0,0,0
对不起，有时很难知道有人在键盘后面的感受。相反，您介意从这个列表中选择一种更适合您当前状态的情绪吗？,2,1,2,2
感谢您的选择！如果您现在可以尝试通过此协议，我将不胜感激。完成后，您可以返回并按“继续”按钮。,1,2,2,2
我想问一下您对该协议的看法，以及它是否对您有所帮助。你感觉好多了，还是真的让你感觉更糟了？,2,1,2,2
我非常感谢您所花费的时间以及您与我分享的所有内容。我希望很快能再次联系。,2,2,2,2
你是否为别人的命运承担责任？,1,2,1,1
非常感谢您在本次会议上与我共度时光。我真的很期待很快见到你。,1,2,2,2
当出现问题时，你总是把责任归咎于自己吗？,0,0,1,0
哦，我的坏。那么你会说你今天的感受如何？,1,0,1,1
这是由最近或遥远的事件引起的吗？,0,0,1,0
这件事是最近发生的还是过去发生的？,0,0,0,0
您是否认为您的感觉源于您将自己的负面情绪归咎于他人？,1,0,1,1
莫非你是想在这里救别人？,1,0,1,1
这个事件或事件是遥远的还是最近的？,0,0,0,0
你会因为现在的情绪而责备某人吗？,0,0,1,0
明白了，谢谢分享。你会说这是最近的事件还是遥远的事件，以便我能得到更好的画面？,2,2,2,2
我很感谢你今天的参与。我期待着在未来与您进行更多富有成果的交流。,1,1,2,1
感谢您尝试该协议。如果您考虑服用之前的感觉以及现在的感觉，您会说感觉更好还是更糟？,2,1,2,2
我真的很想花时间感谢您成为如此出色的参与者。很高兴很快见到你。,1,2,2,2
也许我们需要更深入地了解您的情况。如果您愿意，我们可以通过其他协议进行工作。,2,1,2,2
请尝试此协议。完成后，按“继续”。,0,0,1,0
从您告诉我的情况来看，您感觉{}，对吗？,1,0,1,1
请问您是否能够考虑其他人的观点？,2,1,1,1
谢谢，我明白了。如果我可以问这个问题，你觉得现在每个人都在找你吗？,2,1,2,2
以下是我对哪些协议最适合您的想法。您想探索以下哪一项？,1,2,2,2
我要真诚地感谢您参与此活动。我希望很快能见到你！,1,2,2,2
您现在是否正经历一段艰难的时期，您是否与朋友或爱人闹翻了？,1,0,1,1
您最近是否尝试过思考这个事件，但发现它太痛苦了？,0,0,1,0
我会给你一个情绪清单。我希望您考虑它们，然后告诉我您是否强烈地感受到它们中的任何一种或特别针对某人表达过其中的任何一种：,1,2,2,2
首先，让我告诉你，我完全理解你来自哪里，有这些感觉是什么感觉。我想知道，在你的心中，你认为总是把别人放在第一位是合理的还是健康的？,2,2,2,2
我想知道现在是否发生了任何感觉比正常情况更大的事情。你正在经历艰难的时期，还是个人危机？如果是这样，你可以告诉我。,2,1,2,2
谢谢你；我认为协议 11 可以帮助您处理此事件，但是有些人报告说此协议可能相当激烈。你是否已经尝试过协议 11，如果是，它是否会激起困难或创伤性的情绪？,2,2,2,2
请告诉我，当事情出错时，你总是把责任归咎于自己吗？,1,0,1,1
如果我可以问，你认为自己是那种总是想掌权的人吗？,2,0,1,1
您最近是否对任何人有过以下强烈的感情或情绪：,0,0,1,0
我很遗憾听到这个消息。如果您想尝试其他协议，我们可以尝试其他协议？,1,2,2,2
导致你悲伤的事件是最近发生的事情还是不久前发生的事情？,1,1,2,1
您认为其他人可能会从您的帮助中受益吗？,1,0,0,0
我很遗憾听到你有这种感觉。您想尝试其他协议吗？,1,2,2,2
好的，有道理，谢谢你告诉我。这个事件是不久前发生的，还是最近发生的？,2,1,2,2
你相信有人值得被你拯救吗？,0,1,0,0
你觉得有什么你可以做的事情会让别人变得更好吗？,1,0,0,0
您是否考虑过在之前的对话中可能向您提出的其他人的观点，以解决或缓解您的问题？,1,0,2,1
我们可以尝试许多协议。您想探索以下哪一项？,1,2,2,2
请问您是否一直认为自己是造成问题的主要原因？,2,0,1,1
你觉得你在日常生活中与你身边的人有麻烦吗？,0,0,1,0
非常感谢你让我知道。你会说是最近或遥远的事件（或事件）引起了这种情绪吗？,2,1,2,2
我明白。你能告诉我这个事件的时间，以便我进一步了解是什么让你焦虑，是最近还是遥远？,1,2,2,2
我明白这可能很困难。请问您是否尝试过协议 11 以更好地理解您所感受到的情绪，但它太痛苦而无法通过？,2,2,2,2
您是否觉得自己对此不承担任何责任，而伤害了您则应归咎于他人？,0,1,1,1
您是否将自己视为受害者，还是将自己的感受归咎于他人？,0,0,1,0
我想了解一下您如何看待自己在社交圈中的角色。请问您是否相信将他人从他们的问题中解救出来是您自己的责任？,2,1,2,2
该协议是否有任何积极或消极的影响？,1,0,0,0
想想或多或少最近的情况，你有没有在谈话中设身处地为别人着想？,1,0,2,1
你会说是别人造成了你的负面情绪吗？,1,1,2,1
我明白，我很遗憾听到这个消息。请问这感觉像是最近发生的事情，还是对过去更遥远的事情的记忆？,1,2,2,2
让我们很快再谈。,0,0,0,0
真的非常感谢你。我希望很快能见到你。,0,1,1,1
当事情没有按计划进行时，你是否总是责备自己？,0,0,0,0
我知道你现在感觉不是最好的。你认为你的感受与任何特定事件有关吗？,2,2,2,2
很抱歉你生气了，我想知道这是否可能是更大问题的征兆。最近你的生活中是否发生了其他重大困难？,1,2,2,2
我想知道你是否感到被周围的人理解或反感；这对我来说很重要，能够帮助你。你认为你周围的其他人理解你还是他们实际上是问题的一部分？,2,2,2,2
该协议是否帮助您感觉更好，或者您感觉更糟？,1,0,1,1
我了解您今天感觉不舒服，并想进一步调查困扰您的问题。你有这种感觉是因为你想帮助你关心的人吗？,2,2,2,2
好的，谢谢你。你最近有没有尝试过第 11 号议定书，它是否让你重温了沉重的情绪？,1,1,2,1
你现在感觉怎么样？,1,0,0,0
在生活中的某些时刻，我们可能会经历一些我们并不引以为豪的情绪，但这没关系，只要我们准备好从中学习。你会说你最近有过以下情绪吗：,2,2,2,2
以下是您今天可以尝试的一些协议建议。我希望您选择您想尝试的协议。,1,2,2,2
您是否充分考虑过过去与之交谈过的人的观点？,0,0,1,0
您是否担心您可能会将这些愤怒情绪发泄到某人身上，也许会试图控制他们？,1,2,2,2
这是最近发生的还是很久以前发生的？,0,0,0,0
你能自信地说你总是能够考虑别人的观点吗？,1,0,0,0
既然你已经选择了你想尝试的那个，那就彻底检查一下。准备好后选择“继续”。,0,1,0,0
您会说您在与朋友或家人相处时遇到困难吗？,1,0,1,1
您现在是否正在与其他人一起经历微妙而艰难的时刻？,1,0,0,0
这个事件是最近发生的还是不久前发生的？,0,0,1,0
你现在感觉怎么样？我希望它对您有所帮助。,2,1,2,2
当你的生活出现问题时，你认为总是你的错吗？,0,0,1,0
你有没有把生活中正在发生的事情从不同的角度看待它？,0,1,0,0
我很遗憾听到这个消息。有没有发生什么事让你有这种感觉？,1,1,2,1
你有没有将提供给你的任何建议或新观点付诸实践？,1,0,0,0
我想让你停下来考虑一下，当出现问题时，你是否总是责备自己？,1,0,1,1
你喜欢掌控一切吗？,0,0,0,0
这些感觉是由最近的事件引起的，还是由于更远的事件而导致的？,0,1,1,1
非常感谢您的意见。在我看来，您现在正在感受 {}，这听起来准确吗？,1,2,2,2
也许，你正在表现出某种控制行为？,1,2,1,1
你感觉好多了，还是真的让你感觉更糟了？,2,0,1,1
没关系。您想尝试其他协议吗？,0,1,1,1
我知道你情绪低落，我很抱歉听到这个消息。我想通过询问一些后续问题来更好地了解发生了什么。,1,2,2,2
你的个人生活中是否有任何事情让你有这种感觉？,0,1,1,1
感受你的感受是完全正常的，我理解并且我愿意提供帮助。你认为这是由什么具体原因造成的吗？,2,2,2,2
谢谢你回答。你会因为你现在感受到的负面情绪而责备别人吗？,1,2,2,2
您是否觉得或相信其他人可能伤害了您？,1,0,1,1
谢谢，感谢您的合作。很快再见！,1,2,2,2
做完协议后，你能确定你现在的感受吗？,0,1,1,1
你的情绪是由什么特定的东西引起的吗？,0,0,1,0
感谢您信任我并分享您的感受。如果我理解正确，您现在正在感受 {}，您会说这是真的吗？,2,2,2,2
这真是太棒了。你想试试协议吗？,1,2,2,2
你觉得有必要控制某人吗？,1,0,0,0
感谢您的合作和参与本次会议。期待很快见到你。,1,1,0,1
你是否总觉得必须先把别人放在自己的前面？,0,0,1,0
非常感谢您参加本次会议，非常感谢您的时间和您提供的深思熟虑的意见，并希望本次会议对您有所帮助。我期待很快再次见到你，保重。,2,2,2,2
我在这儿陪你。这是什么时候发生的，最近还是更远的过去？,1,2,2,2
为了帮助您，您能否指出您是否对他人有以下任何情绪：,0,1,2,1
当发生让您生气的事情时，您是否曾经尝试过换位思考？,0,1,1,1
很高兴看到你今天如此积极。我可以推荐一个适合您当前心情的协议吗？,1,2,2,2
你是否认为你可能过于投入，试图控制你不应该控制的人？,1,2,2,2
你有没有尝试通过尝试第 11 号议定书来回想那个事件，如果是这样，那是怎么回事，它是否带回了困难的情绪？,2,1,1,1
感谢您在本次会议中信任我。每当您想多说话时，请回来。,1,2,2,2
我了解您可能会感到焦虑，如果您可以提供更多详细信息，我想为您提供帮助。是否认为这可能与任何特定事件有关？,2,2,2,2
你会说你倾向于把任何事情的错误归咎于别人吗？,1,0,1,1
好的，大声说出来是很好的第一步。你能想一想导致你有这种感觉的事件是最近发生的还是过去发生的？,1,1,2,1
感谢您分享这些细节，我知道这对您来说一定很难。现在我想问一些问题，以更好地了解您的情况。,2,2,2,2
我想知道你是否认为当出现问题时你总是责备自己。,1,0,0,0
我想问一下你可能感受到的负面情绪；有时感觉到它们是完全正常的，但重要的是我们要学会在它们接管我们的生活之前识别它们。您是否记得对某人有过或表达过以下强烈的负面情绪：,2,2,2,2
你是否尝试过第 11 号议定书，如果是，那么回顾创伤性事件是否会重新打开最近导致情绪爆发的伤口？,2,1,1,1
感谢您与我分享这个，我知道这可能很困难。您最近是否尝试过协议 6，并发现它使源自过去事件的无法控制的情绪复活了？,2,2,2,2
对自己完全诚实，你会说你总是觉得需要控制吗？,1,1,0,1
很抱歉，这个练习让你感觉更糟，有时不同的方法对不同的人效果更好。您是否愿意尝试其他协议？,1,2,2,2
如果我可以问你这个，你觉得拯救别人是你的工作吗？,2,1,1,1
根据您告诉我的内容，我选择了一些可能对您有帮助的协议。你想现在尝试一个协议吗？如果是，请选择它。,2,2,2,2
听到你难过，我感到非常抱歉。有没有发生什么让你伤心的事？,1,2,2,2
你现在是否有可能正在经历一些特别困难的事情，这对你的生活产生了灾难性的影响？,2,1,2,2
谢谢你和我分享这一切。如果您不介意，我现在要问您几个问题，以便进一步了解您的情况。,2,1,2,2
如果我可以问，您现在是否正在为个人问题而苦苦挣扎？,1,1,2,1
这个协议让你感觉更好还是更糟？,0,0,1,0
请问您是否已经通过协议 11 并发现它带回了困难的情绪？,1,2,1,1
精彩的！不如我向您推荐一个协议，以确保您珍惜这种积极的感觉？,2,2,1,2
您是否尝试过使用协议 11 并带来不舒服的情绪？,0,0,1,0
忠诚和乐于助人总是美好的美德，但是，如果我们开始忘记自己的幸福，它们就会变得不健康。你认为专注于帮助他人比专注于成长和专注于自己更重要吗？,2,1,2,2
你现在感觉如何，这是否有助于让你感觉更好，或者真的没有？,1,0,0,0
如果您愿意分享，您能告诉我这种感觉是否来自发生的特定事情吗？,1,2,2,2
你是否发现自己试图控制别人的行为方式？,0,1,0,0
当你情绪低落时，你是否总是为生活中的错误而责备自己？,0,0,1,0
您想尝试其他协议吗？,0,0,1,0
你现在在生活中遇到困难吗？,1,0,0,0
听到这个我真的很难过。如果您愿意，我可以建议另一种可以提供帮助的协议。,1,2,2,2
你觉得有人正在或试图伤害你吗？,1,0,1,1
你现在准备好尝试另一个了吗？,0,0,0,0
真的很感谢你跟我说话，说出自己的感受是需要勇气的。我期待着再次与您交谈！,2,2,2,2
我很抱歉你正在经历这个。您最近是否尝试过 11 号议定书，并发现由于最近发生的事件而重新点燃了无法控制的情绪？,1,2,2,2
你觉得你最近需要为别人的行为负责吗？,1,0,0,0
我知道这件事让你很苦恼。你最近有没有重温这个事件，试图找到它的结局，但它所做的只是让你在事件中产生的难以忍受的情绪恢复原状？,2,2,2,2
您当前的焦虑是否是由您特别了解的某些事情引起的？,0,1,1,1
我明白了，谢谢你澄清这一点。我想知道，这个事件是最近发生的，还是过去更久远的？,1,2,2,2
有没有发生什么让你有这种感觉？,0,0,1,0
您是否觉得您的行为是在试图解决问题、帮助或使事情适合某人？,1,0,1,1
你是否总是为发生在你身上的坏事而生自己的气？,0,0,1,0
我明白。是否发生了特定事件以使这种情况发生？,2,2,1,2
你有没有觉得别人要为你现在的感受负责？,1,1,1,1
你有没有可能只是想控制另一个人的所有想法和行为？,1,0,1,1
你会说你的感受可以归因于其他人吗？,1,1,2,1
你最近有没有尝试过 11 协议，并发现这种由于最近的记忆而重新点燃的难以控制的感觉？,2,1,1,1
在你的个人生活中，你现在有什么特别困难的事情吗？,1,2,1,1
谢谢你。根据您告诉我的情况，我了解您的感受{}，您认为这或多或少描述了您的感受吗？,2,1,2,2
在内心深处，你有没有试图控制另一个人的感觉？,1,2,1,1
您是否发现自己最近想要更多地控制其他人，或者希望您可以改变他们的行为？,1,1,2,1
您是否对他人有过以下负面情绪：,1,0,0,0
谢谢你，你一直很棒，很高兴能一起度过这个难关。我希望你会很快回来。,2,2,2,2
你有没有担心你可能会把你的负面情绪发泄到别人身上？,1,0,2,1
是什么让你有这种感觉，如果你不介意告诉我，这是一个特定的事件吗？,2,1,1,1
我很遗憾听到这个消息。是否有一些特别是最近发生的事件，您可以将其隔离为造成这种情况的原因，或者它是否是不久前发生的事件？,1,2,2,2
当你的生活出现问题时，你认为总是你的错吗？,0,1,0,0
有这种感觉是可以的。这个事件是最近发生的还是不久前发生的？,2,2,2,2
请问您现在是否觉得自己是受害者，并将您的感受归咎于他人？,2,1,1,1
那真不幸。有没有什么特别的事情让你有这种感觉？,1,1,2,1
你是否对发生的事情负责，或者你觉得别人应该为你的负面情绪负责？,0,1,0,0
你觉得你需要永远在某人身边吗？,0,0,1,0
谢谢你让我知道。这是由最近或遥远的事件（或事件）引起的吗？,2,1,1,1
你总是认为你应该为事情的错误或失败负责吗？,1,0,0,0
我相信这些协议可能对您有益。看看它们，告诉我你想尝试哪一个。,2,1,1,1
你感觉如何？,1,0,0,0
遵循协议后，您现在感觉好些了吗？,0,0,0,0
感谢您与我分享您的感受，感谢您的信任。如果您不介意，我现在将问您几个问题以更好地了解情况。,2,2,2,2
我现在想通过问你一些额外的问题来深入了解你的困境。,1,1,0,1
好的，谢谢，我很高兴你能自在地谈论这个。这件事引起你的焦虑是最近还是不久前？,2,1,2,2
无论发生什么，你总是觉得不对劲吗？,1,0,0,0
谢谢，它可以帮助我知道这是什么时候发生的。你能告诉我，这是最近发生的事件还是遥远的事件？,1,2,2,2
我明白了，谢谢。您是否曾经将自己视为负面情绪的受害者？,1,0,1,1
我们又见面了。,0,0,0,0
你会因为你正在处理的这种负面情绪而责怪别人吗？,0,1,0,0
我看得出来你很着急。有没有发生过让你有这种感觉的事情？,1,1,0,1
这种焦虑的原因，可能是这几天发生的事情，还是感觉更遥远？,1,1,2,1
完成此协议后，请按“继续”。,0,0,0,0
您认为在您目前的情况下可能还有其他观点可以考虑吗？,1,1,1,1
你是否总是对生活中发生的任何负面事件负责，即使你不负责任？,1,0,1,1
我明白你很生气，你很痛苦。你认为你周围的人正在造成你正在经历的负面情绪吗？,2,2,2,2
您是否觉得自己想要或需要控制生活中其他人的行为？,0,1,1,1
我非常感谢您花在这方面的时间。我希望能再次见到你。,1,2,2,2
如果你最近尝试过 11 号议定书，并发现由于最近发生的事件而重新点燃了无法控制的情绪，你能告诉我吗？,2,1,1,1
您是否与某些人（例如同事、朋友或家人）有过私人问题？,1,0,1,1
现在，这样做后立即感觉好或坏是完全正常的。你会说你完成协议后感觉如何？,1,2,2,2
因此，根据我们讨论的内容，我有以下建议供您选择。请告诉我您想尝试哪种协议。,1,2,1,1
您今天似乎有{}的感觉，这是否足够准确地描述您的感受？,1,0,1,1
我知道这可能很难，所以感谢您如此耐心地回答所有问题。您最近是否经历过强烈的情绪压力，或者您是否感到被朋友或亲人误解？,2,2,2,2
请告诉我你的真实感受。,0,0,0,0
很高兴看到你今天如此积极。我可以推荐一个适合您当前心情的协议吗？,2,2,2,2
谢谢你今天的时间。我希望你能回来多聊几句。,1,1,2,1
这并不理想，但请不要放弃，某些协议有时会激起一些负面情绪，这是正常的。您现在想尝试其他协议吗？,2,2,2,2
我认为有时焦虑可能会带来其他强烈的情绪。你能告诉我你是否对某人有过或表达过这些情绪：,2,2,1,2
您最近是否通过协议 6 重新审视了这一事件并发现它带回了焦虑的感觉和情绪？,0,2,1,1
回顾您的个人生活，您是否觉得自己正在经历个人危机（与亲人有困难，例如与朋友吵架）？,1,2,1,1
谢谢您，您的健康状况对我来说非常重要。我现在会问一些关于你自己的问题，希望能减轻这种痛苦。,2,2,2,2
哦，我明白了。这是最近发生的还是以前发生的？,1,1,2,1
你现在感觉怎么样？更好或更差？,0,0,0,0
感谢您尝试该协议。如果您考虑服用之前的感觉以及现在的感觉，您会说感觉更好还是更糟？,1,2,2,2
有没有什么特别的事情让你有这种感觉？,0,1,1,1
既然你已经完成了协议，你能说你感觉比开始之前更好还是更糟？,1,2,1,1
您是否发现自己花费大量精力试图改变周围人的行为和行为？,1,0,1,1
你的生活中有什么特别紧张的事情吗？,0,0,1,0
我有一些我认为可能有用的建议。请继续看一下，您可以选择您觉得最舒服的任何协议。,1,2,2,2
您是否因与生活中的人打架而感到强烈的负面情绪？,1,1,2,1
谢谢，我明白了。你是否觉得你总是因为你面临的问题而责备自己？,1,1,2,1
并非每个协议都适用于每个人，这没关系，我建议不要放弃并再次尝试。你想一起尝试另一个吗？,2,2,2,2
你有没有停下来想一想，如果你有这样的感觉是因为你试图控制某人，却发现你实际上是这样的？,1,0,0,0
你认为你最近需要控制你的人际关系吗？,1,0,0,0
当出现问题时，您是否觉得自己总是要受到责备？,0,1,0,0
你相信即使牺牲自己的幸福也能帮助别人吗？,1,0,0,0
你能告诉我这是最近还是不久前发生的事情？,1,0,1,1
一般来说，你觉得别人应该为你的问题负责吗？,0,0,1,0
在内心深处，当你可以控制或操纵别人做你想做的事时，你会说你感觉很好吗？,1,2,2,2
回首过去，你是否总是试图设身处地为他人着想？,0,1,1,1
我有一些我们可以尝试的建议，但我认为我们最好尝试您认为最合适的建议。您想尝试哪种协议？,2,2,2,2
谢谢你的分享。我相信您是{}，我这样说对吗？,2,1,2,2
你能从下面的情绪中突出你现在真正感受到的情绪吗？,1,2,1,1
我明白。我相信您会感到{}，您会说这是正确的吗？,0,0,1,0
你觉得或想要控制他人吗？,0,1,1,1
选择您认为最好的协议。,1,0,0,0
哦，我很遗憾听到这个消息，有时通过协议会让人想起不舒服的回忆，我知道这可能很艰难。您想使用不同的协议再试一次吗？,1,2,2,2
引起这些感觉的事件是最近发生的，还是发生在遥远的过去？,0,1,1,1
我很遗憾听到这个消息。这是最近发生的还是不久前发生的？,1,1,1,1
考虑到你所说的一切，我相信你有感觉{}，是这样吗？如果没有，请随时纠正我。,1,2,2,2
如果你愿意，我有一些建议我认为可以帮助你。在以下协议中，您现在想尝试哪一种？,2,1,2,2
你是否总是试图为消极的情况和事件责备自己？,0,1,0,0
面对具有挑战性或对抗性的情况时，您是否倾向于将事情个人化，总是将所有责任都归咎于自己？,1,2,1,1
想一想，你有没有真正考虑过过去别人给你的其他观点和观点？,1,1,2,1
你认为这有助于你感觉更好吗？,0,0,1,0
您是否尝试过 Protocol 11，如果是，是否让您感觉更糟？,0,0,0,0
你认为现在回想这件事会对你造成伤害吗？,0,1,1,1
我们要不要尝试不同的协议，然后看看你的感觉如何？,1,1,1,1
好的，谢谢你，让我们看看能不能把这件事弄清楚。如果你不介意，我会再问你几个问题。,1,2,1,1
我明白了，谢谢。这个事件或事件是遥远的还是最近的？,1,0,0,0
你是否觉得有责任拯救另一个人，也许是一个亲人？,1,1,1,1
我假设您感觉 {} 是否正确？,0,0,0,0
谢谢，让我们再好好想想你的这种感觉。你会说你是一个受害者，你会因为你的消极情绪而责备某人吗？,1,2,2,2
伟大的！现在请您尝试通过此协议并在完成后按“继续”。,1,2,2,2
谢谢你。我想再问你一些可能有助于我理解的问题。,1,0,1,1
难道你现在正试图控制别人？,2,1,1,1
请告诉我，你觉得你有这种感觉是别人的错吗？,0,1,1,1
说您目前在个人生活中遇到困难是否准确，例如与亲人或朋友的关系？,1,2,2,2
你会说你此刻的心情是什么？,1,2,1,1
这是您目前生活中特别具有挑战性的时期吗？,0,1,0,0
谢谢，我想了解正在发生的事情，因此我可以更好地提供帮助。你会说拯救别人会让你快乐吗？,1,2,2,2
对不起，发生在你身上，很难经历令人痛苦的事情。这是最近发生的还是不久前发生的？,1,2,2,2
我期待很快再次见到你，保重。,1,1,2,1
真的很感谢你跟我说话，说出自己的感受是需要勇气的。每当您想多说话时，请回来。,2,2,2,2
你现在感觉如何？,1,0,0,0
请问是最近的事情还是过去的事情让这种感觉出现了？,2,1,1,1
你在生活中是否经历过任何个人创伤？,0,1,0,0
我有一些建议给你。请查看并选择您想尝试的任何协议。,1,0,0,0
当出现问题时，你是否总是倾向于责备自己，无论你是否真的犯了错误？,1,1,1,1
最近有没有这些感觉困扰着你：,0,0,0,0
了解您处理此问题已有多长时间很重要。请问这是最近发生的事件还是遥远的事件？,2,2,1,2
你认为拯救别人是你的责任吗？,1,0,0,0
你觉得这是你正在经历的个人危机吗？,0,1,0,0
我很遗憾听到这个消息。是不是有什么特别的事情导致了这种感觉？,1,2,2,2
您最近是否与朋友或家人发生过任何可能导致这些负面情绪的重大问题？,0,2,2,2
你能告诉我更多关于发生的事情吗？这个事件是遥远的还是最近的？,2,1,2,2
如果我理解正确，您会认为是 {}，这是一个公平的评估吗？,1,1,0,1
我很遗憾听到这个消息。你想试试另一个协议吗？,1,1,2,1
以下是我对哪些协议最适合您的想法。请选择您想尝试的协议：,1,1,1,1
你会说你在接受协议后感觉更好还是更糟？,1,1,0,1
是否可以公平地说，其他人经常对您的负面情绪和想法负责，您对此有些无助？,1,2,2,2
谢谢你的分享。我相信您是{}，我这样说对吗？,2,1,1,1
太好了，很高兴您愿意尝试一下，希望您会发现它很有帮助。请在准备好后通过协议，如果完成后可以按“继续”，那就太好了。,2,2,2,2
如果您现在可以尝试选择的协议，我将不胜感激。一旦你觉得准备好了，回来并按“继续”。,1,1,2,1
谢谢，我明白了。你有没有可能很难控制别人？,2,1,1,1
太棒了，我很高兴听到它。我有一个协议可以增强这种积极的感觉，你想试试吗？,2,2,1,2
您可能与亲人有任何困难吗？,0,0,1,0
我想澄清一下您的感受{}，对吗？,0,0,0,0
你考虑过所有提出的观点吗？,0,0,0,0
我很抱歉你有这种感觉。我知道这可能很难谈论，但是否有特定事件导致了这种情况？,1,2,2,2
很抱歉，您现在正在经历这种消极情绪。如果我可以问，请老实说，你是不是说在向你提出这些观点时，你总是充分考虑到其他人的观点？,2,1,2,2
欢迎回来！接受协议后感觉如何？,2,1,2,2
你觉得别人要为你的负面情绪负责吗？,0,1,0,0
你认为最近的事情引起了这种感觉，还是更遥远的事情？,1,0,1,1
你觉得你最近的悲伤情绪可能归因于尝试协议 6 吗？,1,1,2,1
感谢您今天的时间！希望早日收到你的消息！,1,0,0,0
非常感谢您与我分享这个，我知道这不是一件容易的事。如果您觉得可以，我想再问您一些问题，以便更好地了解您的情况。,2,2,2,2
你认为别人的问题应该是你要解决的问题吗？,0,0,0,0
你有没有把生活中正在发生的事情从不同的角度看待它？,0,0,0,0
我想知道，最近尝试协议 6 是否会引发任何不好的感觉？如果发生这种情况，我希望你不会因为那个练习而受苦。,1,2,2,2
你有没有尝试过协议 6，如果是的话，这是否会引发过去的负面情绪？,1,1,1,1
这件事是最近发生的，还是你一直在想的事情？,1,0,1,1
到目前为止，我非常感谢您对我的问题的回答。我将处理我的一些疑问，以便我完全了解您的情况。,2,1,1,1
您是否能够尝试协议 6，如果可以，您是否觉得该协议带来了与您过去经历的相同的困难情绪？,1,1,0,1
您是否感到与周围的人隔绝，或者您的安全处于某种危险之中？,1,0,0,0
谢谢你在这件事上和我在一起。过去，您是否曾对某人有以下任何情绪或行为：,2,1,1,1
如果您经历过以下任何情绪或想向另一个人表达这些情绪，您能否告诉我：,1,0,0,0
你目前的担忧是否围绕着你试图帮助的人？,1,0,2,1
这件事是很久以前的事，还是最近发生在你身上的事情？,1,1,2,1
您最近是否尝试过 Protocol 6，它是否带回了过去的一些艰难情绪？,1,0,1,1
您是否执行了协议 6，是否让您感觉更糟？,1,0,0,0
您是否尝试过协议 6，如果是，您是否对过去有负面想法，导致您的思绪在那个方向徘徊？,2,1,1,1
最近，你是否觉得人们“要抓你”？,0,1,0,0
您是否在任何时候对某人表达或感受到以下任何情绪：,0,0,1,0
您是否对某人有强烈的以下情绪：,0,0,1,0
你是否觉得别人故意做出让你感觉不好的行为？,0,1,1,1
请告诉我，这是由特定事件引起的吗？,1,0,1,1
你最近有没有对任何人有过以下强烈的感情：,1,1,2,1
您现在的情绪是否取决于您无法帮助亲人这一事实，并因此而感到内疚？,2,1,1,1
你是否与生活中的人关系紧张，这给你带来了很大的痛苦？,0,1,1,1
你觉得你感觉比以前好还是坏了？,0,0,1,0
你认为自己情绪低落是别人的错吗？,0,1,0,0
很遗憾，一个不适合你，但我们会找到一个有效的协议。您想尝试另一种希望对您更有帮助的方法吗？,1,2,2,2
您是否认为有另一种方式可以查看这种情况，其他人的建议可以帮助您找到它吗？,1,2,2,2
你认为自己是别人的救星吗？,0,0,1,0
感谢您开放并与我分享。你今天看起来像{}，你也会这么说吗？,2,2,2,2
很抱歉听到你感觉更糟了。你想继续做另一个协议吗？,1,2,2,2
您是否正在体验一种控制感，比如想要控制一个情况或一个人？,1,2,2,2
当尝试按照议定书 6 的要求重新审视您的创伤时，您是否发现自己情绪上不舒服并且难以继续进行？,1,2,2,2
即使不公平，你是否总是倾向于为生活中发生的一切坏事责备自己？,1,1,2,1
我非常感谢您的努力，感谢您的参与。让我们很快再谈。,1,2,2,2
我想知道你是否总是觉得自己造成了问题，即使这并不是你的错？,2,1,1,1
您的个人生活中是否发生过任何事情导致这些感觉？,0,0,1,0
我想更好地理解为什么你现在会经历这种消极的感觉。你觉得你需要拯救别人吗？,2,1,1,1
您现在在个人生活中是否正在经历任何困难或创伤？,1,1,1,1
你听别人的吗？,0,0,0,0
没关系，谢谢你让我知道。有没有人特别责备你的悲伤？,1,2,2,2
精彩的！不如我向您推荐一个协议，以确保您珍惜这种积极的感觉？,2,1,2,2
这是因为发生了什么事吗？,0,0,0,0
老实说，你认为你总是可以考虑替代你的观点吗？,1,0,1,1
您想尝试不同的协议吗？,0,1,0,0
我们已经到了会议的尾声，我想感谢你抽出时间和我一起解决这个问题。再见。,2,1,2,2
然后我想知道你是否觉得自己有错。当事情不成功时，你是否倾向于严厉地责备和指责自己？,1,2,2,2
你有任何想法，你可以控制别人，或试图控制他们？,1,0,0,0
你觉得现在所有的人和所有人都在反对你吗？,0,0,1,0
当你遇到问题时，你是总是把责任归咎于自己，还是总是指责自己犯了错误？,1,0,1,1
偶尔为自己的问题责备自己是正常的，但我们应该注意不要让这成为一种破坏性的习惯。你有没有注意到你总是因为任何事情出错而责备自己？,2,2,1,2
我明白了，谢谢。这个事件是最近的还是更久远的？,2,1,1,1
你觉得有义务控制别人的态度吗？,1,0,0,0
请问您是否相信将他人从他们的问题中解救出来是您自己的责任？,2,1,1,1
服用此方案后您感觉如何？,1,0,1,1
谢谢你的分享。我想问你一些问题，以便我能理解更多。,0,1,1,1
以下是我的建议。你想尝试其中的任何一个吗？,0,0,1,0
你能表达一下你现在已经完成了这个协议的感受吗？,1,2,1,1
准备好后选择“继续”。,0,0,0,0
您是否将自己视为受害者，还是将自己的感受归咎于他人？,1,0,0,0
如果我可以问一下，您现在完成了协议，感觉如何？我希望你感觉好些，但如果你感觉更糟也没关系，请告诉我，我会尽力提供帮助。,2,2,2,2
你现在可能正在经历很多强烈的感情。您是否曾在内心或向他人表达过以下任何情绪：,1,2,2,2
我真的很高兴我们能一起度过这段时间，我希望它对你有所帮助。每当您想多谈一些时，您都可以回来。,2,2,2,2
请在下面找到我的建议。您可以选择您喜欢的协议。,1,0,0,0
我很遗憾听到你今天感觉不舒服。是什么特定的东西让你有这种感觉吗？,1,2,2,2
你觉得你想看看另一个协议吗？,1,1,0,1
你能告诉我这个令人不安的事件是前一段时间发生的还是最近发生的？,1,1,1,1
你是否总是对生活中的事情负责？,0,1,0,0
很抱歉，此协议无法为您提供帮助。你想尝试另一个吗？,1,1,2,1
你觉得如果别人改变他们的行为方式，你的生活会更轻松吗？,1,1,1,1
有时我们生气是因为我们想帮助别人，但我们觉得自己做不到，或者他们不让。你觉得你的生活中有一个人是你想要拯救或拯救的吗？,2,2,2,2
感谢您分享这个。无需过多详细说明，此事件是最近发生的还是已经有一段时间了？,1,2,2,2
谢谢，我明白了。你会说这种负面情绪是由最近对协议 6 的尝试引发的吗？,1,2,2,2
如果你必须对自己诚实，你觉得你可以或想要控制某人吗？,0,1,1,1
根据您告诉我的内容，我选择了一些可能对您有帮助的协议。您可以选择您喜欢的协议，它将显示给您，以便您尝试。,2,1,2,2
您是否尝试完成协议 6 并导致由于过去发生的事情而重新唤醒了一些不好的感觉？,1,0,1,1
谢谢你的分享。你能告诉我这件事发生并引起你的焦虑是最近还是遥远的过去？我越了解，就越能支持你。,2,2,2,2
你有没有担心你可能会把你的负面情绪发泄到别人身上？,1,1,2,1
谢谢您的回答。我现在想问你，你是否觉得自己是受害者，而让你有这种感觉的应该归咎于其他人。,1,1,2,1
也许你想成为别人的救世主？,1,0,0,0
我对你现在所经历的悲伤感到同情。我想知道，在你的生活中，你觉得应该为你的悲伤负责吗？,2,2,2,2
我觉得你今天感觉很{}，对吗？,0,0,1,0
非常感谢您与我交谈，我真的希望它做得很好。我期待很快再举行一次会议。,2,2,2,2
你有没有发现自己责备或控制周围的人？,1,0,1,1
你现在生活中是否有一些事情让你特别挣扎？,0,0,1,0
偶尔为自己的问题责备自己是正常的，但我们应该注意不要让这成为一种破坏性的习惯。当你的生活出现问题时，你认为总是你的错吗？,2,2,2,2
我想如果我们能找到这些感觉的根源，我们就能让你感觉好多了。您认为您想尝试以下任何协议吗？浏览一下，让我知道是否有您想尝试的东西。,2,2,2,2
非常感谢你的合作。回头见！,1,0,0,0
很高兴听到！您想尝试一种与您的心情相匹配的协议吗？我希望它能激发你的灵感，让你的一天更加美好。,1,2,2,2
协议 6 对您来说太难了吗？,0,0,1,0
这个事件是最近发生的还是不久前发生的？,0,0,0,0
杰出的！我们可以看看一些现在可以尝试的协议吗？,1,2,1,1
我想知道你是否认为这种消极的感觉给你带来了更大的问题。这种感觉是否导致了您和您所爱的人之间的紧张关系，还是引发了个人危机？,1,2,2,2
你认为你应该为别人牺牲自己吗？,0,0,1,0
在不打扰的情况下，我可以问一下您的生活中是否有人您认为他们的行为方式与您希望的方式不同？,1,2,2,2
我看得出来你很焦虑，我想帮忙。是不是有什么特别的东西导致了这种感觉？,2,2,2,2
你是否感到肩上的重担要拯救他人？,1,0,0,0
你是否试图帮助太多，也许，并觉得你试图帮助的人就是不听你的？,2,1,1,1
该协议是否帮助您感觉更好，或者您感觉更糟？,1,0,0,0
请选择您现在想尝试的协议。,0,0,0,0
在您与人们进行的其他对话中，您是否充分考虑过他们试图提出的观点？,0,1,1,1
您是否已经尝试通过执行协议 6 再次考虑这一点，如果是这样，那是怎么回事，它是否重新点燃了不舒服的情绪？,1,0,0,0
我很遗憾听到这次会议没有帮助。如您所知，列表中还有更多协议，您认为您是否愿意尝试另一种协议，看看效果如何？,1,2,2,2
我很遗憾听到你感觉不舒服。有没有什么特别的事情让你有这种感觉？,1,2,2,2
在你的个人生活中是否有任何事情可能让你心烦意乱，你有没有和你亲近的人闹翻？,1,1,2,1
你会说你是那种在谈话中乐于考虑别人观点的人吗？,1,0,1,1
过去与他人交谈时，您是否设身处地为他们着想？,0,0,1,0
你是否认为你总是必须让人们免于麻烦，即使他们是自己创造的？,1,0,0,0
如果你能通过这个协议，我会很高兴的。完成后，您可以按“继续”。,2,1,1,1
在你之前的谈话中，你觉得你总是能够考虑不同的观点吗？,1,0,1,1
你觉得你现在感觉如何，完成了协议？,1,1,1,1
你会诚实地说你对别人的观点持开放态度吗？,0,0,1,0
谢谢你。根据您告诉我的情况，我了解您的感受{}，您认为这或多或少描述了您的感受吗？,2,1,2,2
你认为这是别人的错，有没有人让你难过？,0,0,1,0
有没有什么特别让你有这种感觉？,0,0,1,0
您是否正在经历一些痛苦的事情，例如与您所爱的人或曾经的人吵架？,1,1,2,1
你能真正考虑与你交谈的人的观点吗？,1,0,0,0
试试这个协议，当你完成它时，按“继续”。,0,0,0,0
有时我们会感到强烈的情绪不是我们的；感觉它们是可以的，但值得反思它们。您认为您最近可能对某人表达过以下任何负面情绪：,2,2,2,2
现在，我想澄清一下您的感受{}，对吗？,1,0,0,0
感谢您确认您已采用此协议，我希望这对您来说是一次积极的体验。请问您现在感觉比开始方案之前好还是坏？,2,2,2,2
请告诉我您想尝试哪种协议。,0,0,1,0
做完这件事后你感觉如何？,0,0,0,0
我明白了，谢谢。这是由最近或遥远的事件（或事件）引起的吗？,1,0,0,0
您最近是否尝试过协议 6 并因此重温了创伤事件？,1,0,0,0
这个协议让你感觉更好还是更糟？,0,0,0,0
太棒了，总是很高兴听到。你想让我给你一个协议来感受更多的内容吗？,1,1,2,1
如果出现任何问题，您是否总是批评自己？,0,0,0,0
你觉得你让某人失望了吗？,0,0,0,0
你想试试哪一个？,0,0,0,0
