性别,年龄,悲伤 - 患者反应 1,悲伤 - 患者反应 2,悲伤 - 患者反应 3,悲伤 - 这是由特定事件引起的吗？,悲伤 - 这是由最近或遥远的事件（或事件）引起的吗？,悲伤 - 您最近是否尝试过协议 6 并发现由于旧事件而重新点燃了无法控制的情绪？,悲伤 - 您最近是否尝试过协议 11 并发现由于旧事件而重新点燃了无法控制的情绪？,悲伤 - 谢谢。现在我会问一些问题以了解您的情况。,悲伤 - 您是否对某人有强烈的感受或表达以下任何情绪：,悲伤 - 你认为你应该成为别人的救世主吗？,悲伤 - 您是否将自己视为受害者，将自己的负面情绪归咎于他人？,悲伤 - 你觉得你在试图控制某人吗？,悲伤 - 当出现问题时，您是否总是责怪和指责自己？,悲伤 - 在之前的对话中，您是否考虑过其他提出的观点？,悲伤 - 您是否正在经历个人危机（与亲人相处有困难，例如与朋友闹翻）？,愤怒 - 患者反应 1,愤怒 - 患者反应 2,愤怒 - 患者反应 3,愤怒 - 这是由特定事件引起的吗？,愤怒 - 这是由最近或遥远的事件（或多个事件）引起的吗？,愤怒 - 您最近是否尝试过协议 6，并发现由于旧事件，这会重新点燃无法控制的情绪？,愤怒 - 您最近是否尝试过协议 11，并发现由于旧事件，这会重新点燃无法控制的情绪？,愤怒 - 谢谢。现在我会问一些问题以了解您的情况。,愤怒 - 您是否对某人有强烈的感受或表达以下任何情绪：,愤怒 - 你认为你应该成为别人的救星吗？,愤怒 - 您是否将自己视为受害者，将自己的负面情绪归咎于他人？,愤怒 - 你觉得你在试图控制某人吗？,愤怒 - 当出现问题时，您是否总是责怪和指责自己？,愤怒 - 在之前的对话中，您是否考虑过其他提出的观点？,愤怒 - 您是否正在经历个人危机（与亲人相处有困难，例如与朋友闹翻）？,焦虑 - 患者反应 1,焦虑 - 患者反应 2,焦虑 - 患者反应 3,焦虑 - 这是由特定事件引起的吗？,焦虑 - 这是由最近或遥远的事件（或多个事件）引起的吗？,焦虑 - 您最近是否尝试过协议 6 并发现由于旧事件而重新点燃了无法控制的情绪？,焦虑 - 您最近是否尝试过协议 11，并发现由于旧事件，这会重新点燃无法控制的情绪？,着急 - 谢谢。现在我会问一些问题以了解您的情况。,焦虑 - 您是否对某人强烈感受到或表达了以下任何情绪：,焦虑 - 你认为你应该成为别人的救星吗？,焦虑 - 您是否将自己视为受害者，将自己的负面情绪归咎于他人？,焦虑 - 你是否觉得你在试图控制某人？,焦虑 - 当出现问题时，您是否总是责怪和指责自己？,焦虑 - 在之前的对话中，您是否考虑过其他提出的观点？,焦虑 - 您是否正在经历个人危机（与亲人相处有困难，例如与朋友闹翻）？,快乐 - 患者反应 1,快乐 - 患者反应 2,快乐 - 患者反应 3,快乐 - 那很好！让我推荐一个您可以尝试的协议。,所有情绪 - 根据您所说的，我相信您正在感受{}。这个对吗？,所有情绪 - 我很抱歉。请从下面的情绪中选择最能反映您感受的情绪：,所有情绪 - 感谢您的参与。再见,所有情绪 - 这是我的建议，请选择您想尝试的协议,所有情绪 - 请现在尝试通过此协议。完成后，按“继续”,所有情绪 - 采取此协议后，您感觉更好还是更糟？,所有情绪 - 您想尝试另一种协议吗？ （病人感觉好多了）,所有情绪 - 您想尝试另一种协议吗？ （病人感觉更糟）
男性,30-39,我有点沮丧,我心情很低落,此刻我感到相当难过,我很遗憾听到你感觉不舒服。有什么特别的事情让你有这种感觉吗？,我可以认同这一点。现在，这些感觉是最近还是很久以前发生的事件的结果？,知道您的感受对我很重要，我需要询问您之前与协议的互动情况。你最近有没有尝试过协议 6，如果是这样，它是否会因为你想起这件事而引发困难的情绪？,知道您的感受对我很重要，我需要询问您之前与协议的互动情况。你最近有没有尝试过协议 11，如果是这样，它是否会激发你记住这一事件的困难情绪？,感谢您迄今为止如此乐于助人和耐心。如果您不介意，我还有几个问题可以帮助我进一步了解情况。,我知道这可能很困难，但如果您能与我分享这一点，我将不胜感激。请问您是否对某人表达或感受到了以下强烈的情绪：,,,,,,,我对我朋友的行为感到非常恼火,我开始想我的伴侣什么时候离开我，我很生气,我有这种感觉是他们的错。,如果你能告诉我更多，我可以更好地帮助你。是否有特定事件让您有这种感觉？,你能告诉我这些特殊的感觉是由最近还是很久以前发生的事件引起的吗？,如果你能和我分享这个，那对我会有很大帮助。您最近是否尝试过协议 6，如果是这样，是否让您感到难以管理情绪？,如果你能和我分享这个，那对我会有很大帮助。你最近有没有尝试过协议 11，如果是这样，它是否让你感到难以管理情绪？,非常感谢您的合作，非常感谢。我还有几个问题可以帮助我更好地了解您的情况。,如果你能告诉我更多关于你的感受，我将不胜感激。我的一个问题是，您是否曾对另一个人表达过或向外表达过以下任何一种情绪：,,,,,,,,,,,,,,,,,,,,,,,,,,,,,,,,,
女性,50-59,我今天感觉不太好。我的狗不舒服。,我觉得有点难过。我担心失去工作。,我很沮丧。我和姐姐意见不合。,有没有发生什么特别让你感到难过的事情？随意公开告诉我。,,有些人发现协议 6 不一定对他们有帮助，所以我试图评估它是否适合您当前的情况。您是否尝试过协议 6，它是否让您感到任何负面情绪？,有些人发现协议 11 不一定对他们有帮助，所以我试图评估它是否适合您当前的情况。您是否尝试过协议 11，它是否让您感到任何负面情绪？,谢谢你与我分享。我要问你一些问题，这样我们才能找出困扰你的根源。,您是否对他人有或表达过以下任何强烈情绪：,,,,,,,我真的很生气,我心情不好,我的心情不好,,,,,,,,,,,,,,,,,,,,,,,,,,,,,,,,,,,,,,,
男性,30-39,不太好，我的狗昨天死了。,不是很好，只是整个星期都感到沮丧。,可能会更好，我宁愿这一天已经结束。,我很抱歉听到这个。是不是有什么特别的事情导致了这种感觉？,啊，我明白了。你会说这是最近发生的还是遥远的事件？,谢谢，我明白了。你会说这种负面情绪是由最近对协议 6 的尝试引发的吗？,谢谢，我明白了。你会说这种负面情绪是由最近对协议 11 的尝试引发的吗？,感谢您的耐心等待。我现在将问您几个问题，以帮助您了解您的情况。,谢谢，感谢您的耐心等待。您是否会说您对某人有强烈的感受或表达过以下任何一种情绪：,,,,,,,我对客户服务主管感到反感，因为她在我叙述我的问题时拒绝看清原因,我对我儿子很生气，因为他今天没有吃午饭,我对我的邻居很生气，因为他正在制造骚动,,,,,我很高兴你能敞开心扉分享你的情绪。我想再问你几个问题，以便更好地了解情况。,,,,,,,,,,,,,,,,,,,,,,,,,,,,,,,,,,
女性,25-29,我有点沮丧,我真的很难过，因为我的狗跑了,男朋友跟我分手了，今天好难过,谢谢你。有没有发生什么让你难过的事情？,谢谢，我明白了。你能告诉我这是最近发生的事情还是前一阵子发生的事情吗？我希望你没有因为这次事件而受到太多伤害。,如果你最近在研究协议 6 并且它从过去的事件中带回了一些不好的感觉，你能告诉我吗？,你能告诉我你最近是否在研究协议 11 并且它从最近的事件中带回了一些不好的感觉吗？,谢谢你告诉我。我现在会问你一些问题，以便更多地了解你的情况。,你能告诉我你最近是否有以下任何情绪，或者你是否向其他人展示过这些情绪：,,,,,,,我很生气。我丢了钱,我很生气,我觉得脾气很暴躁,,,,,,,,,,,,,,,,,,,,,,,,,,,,,,,,,,,,,,,
男性,25-29,不像我一直在看中东的新闻报道那么好。,随着学年即将结束，我有点坚定，我会想念我的学生。,我很难过，因为这是一个长周末，但我必须工作。,是不是发生了什么事情导致了这种感觉？,你能告诉我这个或多个事件是最近发生的还是过去发生的？,你是否尝试过协议 6，如果是的话，回顾这个​​创伤性事件是否会重新打开导致情绪爆发的旧伤口？,你是否尝试过协议 11，如果是的话，回顾最近的事件是否会重新打开导致情绪爆发的伤口？,谢谢，我很感激。我将尝试通过问你更多问题来深入了解这个问题。,你能想出一个你强烈感受到或向别人展示这些情绪的时候吗：,,,,,,,我很生气，因为我找不到借记卡。,我很不高兴，因为我的手机掉了，现在手机坏了。,我有点生气，因为詹姆斯没有完成他的任务。,是特殊情况造成的吗？,你认为这是由刚刚发生的事情还是你过去更遥远的事情引起的？,您最近是否尝试过协议 6，如果是，您是否正在考虑过去的一些创伤性情况，这些情况可能会重新打开这些伤口并带出这些情绪？,你最近有没有尝试过协议 11，如果是的话，你有没有想过你过去的一些创伤性情况可能会打开这些伤口并带出这些情绪？,谢谢。我将通过问你一些问题来深入挖掘，以便我们解决这个问题。,您是否曾向其他人感受或表达过以下任何情绪：,,,,,,,,,,,,,,,,,,,,,,,,,,,,,,,,,
女性,50-59,我对我的分手感到很沮丧。,我只是不想再继续下去了，一切似乎都是那么绝望。,我无法停止哭泣，因为我非常想念我的妈妈。,我很抱歉听到这个。你能找出让你有这种感觉的具体事件吗？,你现在一定很痛。你能分享一下这个事件是最近发生的还是更久以前？,我想知道，最近尝试协议 6 是否会引发任何不好的感觉？如果发生这种情况，我希望你不会因为那次练习而受太多苦。,我想知道，最近尝试协议 6 是否会引发任何不好的感觉？如果发生这种情况，我希望你不会因为那次练习而受太多苦。,我感谢你的努力，尽管这对你来说一定很艰难。我现在有一些问题可以帮助您了解您的情况。,如果你没问题，你能告诉我你是否对任何人有过以下强烈的感觉：,,,,,,,我很生气我的同事因为我的工作而受到赞扬。,我的室友因为她的草率而让我发疯！,如果其他人试图在交通中切断我，我会爆炸！,谢谢你，我知道你现在很不高兴，但如果你能告诉我更多，我将不胜感激。是否有特定事件引起了您的愤怒？,触发是最近的还是很久以前的？,我想知道，如果你有机会尝试一下，你是否感受到了协议 6 引发的愤怒？,我想知道，如果您有机会尝试一下，您是否感受到了协议 11 引发的愤怒？,我很感激你试图发泄你的愤怒。让我们得到一些问题的答案，以便我们更好地了解您的情况。,我知道你生气了。你能告诉我，除了这种愤怒之外，你是否对任何人也有过以下强烈的情绪：,,,,,,,,,,,,,,,,,,,,,,,,,,,,,,,,,
男性,40-49,我今天心情很不好。,我希望我感觉更快乐，但是这几天过得很艰难。,最近几天我的心情一直很低落。,你的情绪是由什么特定的事情引起的吗？,引起您悲伤的事件是最近发生的事件还是不久前发生的事情？,您是否能够尝试协议 6，如果是，您是否觉得该协议带来了您过去经历过的同样困难的情绪？,您是否能够尝试协议 11，如果是，您是否觉得该协议带来了与您在活动期间经历的相同的困难情绪？,感谢您分享您的感受。我有几个问题可以帮助我了解您的情况。,您是否发现自己对另一个人有以下任何一种情绪和/或表达：,,,,,,,不太好，我度过了非常沮丧的一天。,我现在很生气。,一切似乎都不顺利，我无法让任何人听我说话。,你能告诉我你的愤怒是否是由特定事件引起的吗？,引起你愤怒的事件，你认为是最近发生的还是不久前发生的？,您最近是否能够处理协议 6，如果有，您是否注意到您有与这次活动中类似的负面情绪？,您最近是否能够处理协议 11，如果有，您是否注意到您有与这次活动中类似的负面情绪？,我很感激你与我分享这个。我想再问几个问题，以帮助我了解您的情况。,您是否发现自己有任何这些情绪，或者您是否曾向另一个人表达过这些情绪：,,,,,,,,,,,,,,,,,,,,,,,,,,,,,,,,,
女性,30-39,没那么好。我感到有点孤独,不太好。我今天工作搞砸了。,我有点沮丧。我今天考试不及格。,我明白。是否发生了特定事件使这发生？,明白了，谢谢分享。这是最近发生的还是遥远的事件？,,,我与您的情绪保持一致，我们将了解如何克服它。我想再问你一些问题，以更好地理解你为什么会有这种感觉。,请问您最近是否有过或表现出以下情绪：,,,,,,,不是很好。我对我的一个同事很生气。,我真的很生气我丈夫和我吵架。,我觉得很烂我一直在和我朋友吵架。,我明白了，谢谢你对我敞开心扉。是不是发生了什么事情导致了这个？,我能理解。最近或遥远的事件是否导致了这种情况？,,,我很遗憾听到你正在经历这一切。现在我会问你一些更多的问题来了解发生了什么，我希望会没事。,,,,,,,,,,,,,,,,,,,,,,,,,,,,,,,,,,
男性,25-29,我最近情绪低落，无法摆脱这种恐惧。,我感到沮丧，不像我自己。,我好多了。感觉有点惨,我很抱歉听到这个。会不会是因为某个事件？如果是这样，我希望这对你来说不是太难。,请问这种感觉是最近还是过去的事情引起的？,你有没有尝试过协议 6，如果是这样，这是否会引发过去的负面情绪？,你有没有尝试过协议 11，如果是这样，这是否会引发最近的负面情绪？,感谢分享。如果你没问题，我还有一些问题。,如果可以的话，在有人陪伴时，您是否有以下强烈感受或情绪表达：,,,,,,,我被推到了恶化的地步，失去了冷静。,老实说，我感到很生气，就像我会伤害某人一样。,我的情绪在沸腾，我快要爆炸了。,你觉得这可能是单一事件的结果吗？,这种愤怒是否有可能是最近的原因，还是由于遥远的过去发生的事情？,你有没有尝试过协议 6，这是否有可能从过去的事情中引起一些紧张的情绪？,你有没有尝试过协议 11，这是否有可能从过去的事情中引起一些紧张的情绪？,我很感激你与我分享。我还有几个问题。,我现在要列出一些情绪。你能告诉我你是否对某人有过以下情绪：,,,,,,,,,,,,,,,,,,,,,,,,,,,,,,,,,
男性,30-39,非常不安。本周早些时候我失去了一个亲人。,好郁闷。我最近被解雇了,一点都不好。我最近真的很怀疑自己。,我很遗憾听到你感到难过。你知道是什么导致了这种悲伤的感觉，这是一个特定的事件吗？,引起你悲伤的事件是最近发生的还是遥远的？,我明白这可能很困难。请问你是否尝试过协议 6 来更好地理解你的情绪，但通过它太痛苦了？,我明白这可能很困难。请问你是否尝试过协议 11 来更好地理解你的情绪，但通过它太痛苦了？,感谢您与我分享这一切，我想这一定很困难。我想通过更多的问题更好地了解您正在经历的事情。,在这个困难时期，您是否有过以下强烈的情绪：,,,,,,,我很生气。一切都不正常！,我现在无法忍受我生命中的任何人。,我讨厌我接触的每个人。,我很遗憾听到它，这是我们所有人有时都会经历的事情。你能告诉我这些感觉是否来自特定的事件？,我明白了，谢谢你。这是否源于最近发生的事情，还是已经酝酿了一段时间的遥远事件？,我知道有时回想过去会让人不舒服。你有没有试过通过协议 6 工作？如果是这样，您是否感到无法处理出现的情绪？,我知道有时回想过去会让人不舒服。您是否尝试过通过协议 11？如果是这样，您是否感到无法处理出现的情绪？,我想帮忙。请回答几个问题，帮助我更好地了解您的情况。,有时我们在某些情况下感觉非常强烈。您是否对生活中的某个人有过以下任何一种情绪：,,,,,,,,,,,,,,,,,,,,,,,,,,,,,,,,,
男性,30-39,我今天非常难过。我一直在想我的母亲，她最近去世了。这很困难。,我做得不是很好。我一直有人际关系问题。,不是很好，老实说。我只是最近似乎没有任何积极的感觉。,如果您不介意分享，您是否因为某个特定事件而有这种感觉？,这是最近发生的事情还是很久以前发生的事情？,你最近是否尝试过协议 6，结果，过去发生的事情重新点燃了不受控制的情绪？,你最近有没有尝试过协议 11，结果，最近发生的事情重新点燃了不受控制的情绪？,非常感谢你与我分享这一点，我能体会到这种感觉。我只需要问几个问题就可以更好地了解您现在正在处理的问题。,您是否发现自己对某人有强烈的感受或表达以下任何一种情绪：,,,,,,,我现在很生气。我的搭档欺骗了我，这让我很沮丧。,我只是想打人，真的。我现在对一切都感到厌烦了。,我很生气。我的老板把我逼疯了，我的朋友一直向我要我帮不了他的忙。,你有这种感觉是因为发生了什么特别的事情吗？,这是因为最近或很久以前发生的事情吗？,我能理解你的心情。您是否尝试过协议 6 并发现自己因为过去的事件而感到无法轻松控制的情绪？,我能理解你的心情。您是否尝试过协议 11 并发现自己因为过去的事件而感到无法轻松控制的情绪？,感谢您与我分享这一点，我知道对这些事情诚实可能很难。现在我会问你几个问题，以便更好地了解你目前的情况。,您是否会说您对另一个人有强烈的感受或表达以下任何一种情绪：,,,,,,,,,,,,,,,,,,,,,,,,,,,,,,,,,
女性,30-39,我真的很着急，我想我没有通过考试,一个朋友死了，我感到很失落,我无法处理日常任务，我感到非常不知所措,听到你很难过，我很抱歉。有什么事情让你难过吗？,这是因为最近或遥远的情况而发生的吗？,你能告诉我在尝试协议 6 重温过去的创伤事件后，你是否开始有这种感觉？,你能告诉我在尝试协议 11 重新审视最近发生的事件后，你是否开始有这种感觉？,到目前为止，感谢您的回答。如果可以的话，我会再问一些问题，以便更好地理解。,如果可以继续，你能告诉我你是否对某人表达过以下任何情绪：,,,,,,,我很生气，因为我被无故解雇了,我对我的搭档很生气，我发现他们出轨了,我的家人让我发疯，我受不了他们,我能理解你的心情。这些感觉是由特定的东西引起的吗？,感谢您的意见，很抱歉您必须处理这个问题。你能告诉我这是由最近还是遥远的事情引起的吗？,这真的很有帮助，谢谢。据您所知，执行协议 6 是否让您感到生气或不安？,这真的很有帮助，谢谢。据您所知，执行协议 11 是否让您感到生气或不安？,所有这些都非常有价值，感谢您到目前为止的回答。如果可以的话，我想问更多关于你的感受的问题。,您是否非常沮丧，以至于向其他人表达了以下任何情绪：,,,,,,,,,,,,,,,,,,,,,,,,,,,,,,,,,
女性,40-49,感觉不太好，我真的很挣扎。,其实，最近心情有点低落。,我想我要失望了。,是不是有什么特别的事情带来了这种感觉？,最近或遥远的事情是否触发了这些感觉？,您是否执行了协议 6 并让您感觉更糟？,您是否执行了协议 11 并且让您感觉更糟？,我知道你情绪低落，我很抱歉听到它。我们通过几个问题来研究一些可能会帮助您感觉更好的方法如何。,最近有没有这些感觉困扰着你：,,,,,,,我非常失望。,我一点都不好。,我没心情说话。,您是否因为某些特定的事情而感受到这些情绪？,请告诉我，这是最近发生的还是前一段时间发生的？,您是否尝试使用协议 6 并且它是否让您感到更加激动？,您是否尝试使用协议 11 并且它是否让您感到更加激动？,非常感谢。如果可以的话，让我们通过几个简单的问题来更好地了解情况。,最近有没有这些感觉困扰着你：,,,,,,,,,,,,,,,,,,,,,,,,,,,,,,,,,
男性,30-39,事情可能会更好。由于压力，我最近一直感到悲伤和昏昏欲睡。,事情可能会更好。由于我的学校成绩，我最近陷入了困境。,一点都不好。我只想躲在我的房间里，从世界上所有的动荡中睡觉。,你能告诉我是否有特定的情况让你有这种感觉吗？,你觉得让你体验这些感觉的情况是最近的还是遥远的？,你觉得你最近的悲伤情绪可能是因为尝试了协议 6 吗？,你觉得你最近的悲伤情绪可能是因为尝试了协议 11 吗？,谢谢，希望我们能更好地了解您最近的困难。如果可以的话，我今天还有几个问题要问你。,您能否告诉我，您是否在表达或强烈感受以下列出的任何情绪时遇到困难：,,,,,,,我最近对正在发生的政治局势充满了愤怒和仇恨。,我只是想砸东西。我的老板最近很为难。,老实说，我现在可能会破坏某些东西。我的一门课没及格。,我很遗憾听到。在您的脑海中是否有让您有这种感觉的特定事件？,我想帮助您了解这种情况。你能告诉我这个事件是最近发生的还是更远的过去？,你觉得当前的愤怒可能与尝试协议 6 相关吗？,你觉得目前的愤怒可能与尝试协议 11 相关吗？,这是非常有帮助的。我今天还有几个问题要问你。,您是否觉得自己一直在为他人或自己的情绪调节而苦苦挣扎，并经历过以下任何一种情况：,,,,,,,,,,,,,,,,,,,,,,,,,,,,,,,,,
男性,30-39,我今天很沮丧。,我感觉不太好——”我很沮丧。,由于某种原因，我今天感觉很忧郁。,有没有什么特别的事情让你有这种感觉？,这是刚刚发生的事情还是过去发生的事情？,您是否尝试完成协议 6 并且由于过去发生的事情而导致重新唤醒一些不好的感觉？,您是否尝试完成协议 11 并且由于最近发生的事情而导致重新唤醒一些不好的感觉？,谢谢你让我知道，我很感激。我现在想做的是问几个关于正在发生的事情的问题，这样我就可以更好地了解正在发生的事情。,您是否经历过以下任何关于某个人的强烈情绪，和/或您是否将这些情绪传达给该人：,,,,,,,我现在真的很生气。我刚刚和一个指责我没有做的事情的人发生了争执。,我很沮丧！无论我说什么，我的父母都不理解我。,我很生气，我的房东刚刚给了我一些可怕的消息。,你能告诉我，你对发生的某件事有这种感觉吗？,您是否对最近或很久以前发生的事情感到强烈？,无论如何，你是否完成了协议 6，这是否带来了与过去事物相关的不良情绪？,无论如何，您是否通过协议 11 并且这是否带来了与过去事物相关的不良情绪？,很高兴你能告诉我，谢谢。现在，如果你没问题，我想问你一些事情，这样我就可以确定现在发生了什么。,您能否告诉我，您是否对某个人有过以下强烈感受和/或是否让此人知道您的感受：,,,,,,,,,,,,,,,,,,,,,,,,,,,,,,,,,
男性,40-49,今天不太好,我真的很难过，以至于我想哭一整天,我今天真的很沮丧,我很遗憾听到你有这种感觉。你能告诉我是否有特定的事件导致了这种情况？,让你有这种感觉的事件是最近发生的还是很久以前发生的？,你最近是否尝试过协议 6，它是否带回了过去的一些艰难情绪？,你最近有没有尝试过协议 11，它是否让你从最近的过去恢复了一些艰难的情绪？,感谢分享。请让我问你几个问题，以便更好地了解我可以如何提供帮助。,您是否与某人讨论过，或者您是否有过以下强烈情绪：,,,,,,,我又开始真的生气了,对一切都很生气,我以为我在变好，但我真的又为事情生气了,我听你的。我可以问你是否有一个事件让你有这种感觉？,这是前一段时间的愤怒还是发生了一些新的事情来启动它？,您是否能够尝试协议 6，这是否让您感觉更糟？,您是否能够尝试协议 11，这是否让您感觉更糟？,谢谢。我希望你不介意我多问一些问题，这样我才能更好地理解。,您是否会说您对他人感受到或表现出以下任何负面情绪：,,,,,,,,,,,,,,,,,,,,,,,,,,,,,,,,,
女性,50-59,我感到很沮丧，因为连续一周都在下雨。,不太好;我错过了生日聚会，因为我生病了。,不是很好。我今天不得不加班两个小时。,是不是发生了什么特别的事情导致了这种情况？,这是最近发生的事情还是更遥远的事情？,您是否尝试使用协议 6，如果是，这是否会因为过去的事件而引发困难的情绪？,您是否尝试使用协议 11，如果是，这是否会因为最近发生的事件而引发困难的情绪？,感谢您到目前为止的答复。接下来的问题将有助于更好地了解您正在经历的事情。,您是否因对他人产生以下任何情绪而烦恼：,,,,,,,事实上，我这周都在加班，这让我很生气。,不太好，因为银行搞砸了我的支票账户。,其实，我很生气这个冬天买取暖油要花多少钱。,这是因为某些特定的事情而发生的吗？,这是最近发生的还是由于遥远过去的事件？,你有没有尝试过协议 6 并发现它因为过去的事件引发了强烈的负面情绪？,你有没有尝试过协议 11 并发现它因为过去的事件引发了强烈的负面情绪？,谢谢你的回应。接下来，会有一些问题，以便我们更好地了解您的情况。,您是否有过强烈的情绪，或向他人表达过以下任何一种情况：,,,,,,,,,,,,,,,,,,,,,,,,,,,,,,,,,
女性,30-39,我只是感觉真的很沮丧。,我感觉不像往常快乐的自己。,我今天对自己真的很失望。,在您的个人生活中是否发生过任何事情导致这些感觉？,,您是否碰巧尝试过协议 6，您认为这可能是您产生这些负面情绪的原因吗？,您是否碰巧尝试过协议 11，您认为这可能是您产生这些负面情绪的原因吗？,感谢分享。如果你能接受的话，我还有几个问题。,您是否与生活中的任何人感受到或分享了以下任何感受：,,,,,,,我只是一直很生气,我什至不想谈论它,我只是随机有这些爆发,是不是有什么事情引起了这个？,我很抱歉听到这个。这是最近发生的，还是前一段时间发生的？,您是否能够尝试协议 6，并且您是否觉得它对您的情绪产生了负面影响？,您是否能够尝试协议 11，并且您是否觉得它对您的情绪产生了负面影响？,感谢你的分享。如果你不介意，我想问你更多。,在您的生活中，您是否有可能对他人感受到或表现出以下任何强烈情绪：,,,,,,,,,,,,,,,,,,,,,,,,,,,,,,,,,
女性,40-49,我很郁闷。我找不到起床的动力。,糟糕的。男朋友甩了我,我很崩溃。我无法停止哭泣。我的狗今天被车撞死了。,请告诉我，这是由特定事件引起的吗？,明白了，谢谢这是由最近或遥远的事件（或事件）引起的吗？,你最近是否尝试过协议 6，如果你尝试过，它是否会从过去的事件中带来困难的情绪？,你最近是否尝试过协议 11，如果你尝试过，它是否从最近的事件中带来了困难的情绪？,谢谢你与我分享。现在我想问你一些问题，以便我能更好地了解你的情况。,我现在要给你看一份情绪清单。请告诉我您是否对某人有过强烈的感受或表达过以下任何情绪：,,,,,,,我很生气，因为我哥哥偷了我 50 美元。,我想砸人的脸。现在的人都是混蛋。,当我的车停在杂货店停车场时，有人刮伤了我，我很生气。,你心烦意乱的原因是特定的事件（或事件）吗？,我知道了。是最近或遥远的事件（或事件）让您感到不安吗？,您是否尝试过协议 6，如果尝试过，您是否发现它带来了过去的困难情绪？,您是否尝试过协议 11，如果尝试过，您是否发现它带来了过去的困难情绪？,你所经历的听起来很难。为了更好的了解你的情况，我现在再问你一些问题。,我现在要向你展示一份情绪清单。请告诉我您是否对某人有过强烈的感受或表达过以下任何情绪：,,,,,,,,,,,,,,,,,,,,,,,,,,,,,,,,,
男性,40-49,我感到非常难过。昨晚我失去了亲人。,我下来了我考试不及格。,我一点都不舒服。事情只是出了问题。,在这种感觉之前发生了什么吗？,这个事件是最近发生的还是很久以前发生的？,,,我很感激你的分享。让我们再谈谈这个。,您是否感觉到或与其他人谈论过以下任何情绪：,,,,,,,我很生气。我老板给我写的！,我气得要死。我输了一个大赌注。,我生气了。我厌倦了我的妻子。,很抱歉你有这种感觉，我想知道更多关于发生的事情。这是由特定事件引起的吗？,这是最近发生的还是前一段时间发生的？,,,我能理解生气是什么感觉，并想提供帮助。如果你不介意的话，让我们多谈谈这个。,,,,,,,,,,,,,,,,,,,,,,,,,,,,,,,,,,
男性,40-49,我做得不太好。,我今天很难过。,我并不像我想的那样快乐。,为了让您感觉更好，我需要了解是否发生了什么事情导致了这种情况。是否有特定事件让您感到悲伤？,了解您处理此问题的时间很重要。请问这是最近发生的事件还是遥远的事件？,我们过去的事件可能会引发情绪高涨。你在做协议 6 时是否经历过强烈的负面情绪？,我们最近发生的事件可能会引发情绪高涨。您在执行协议 11 时是否经历过强烈的负面情绪？,我很感激你与我分享这个。如果您觉得合适，我希望您现在提供更多信息给我。,您自己是否经历过这些负面情绪和/或向其他人展示过这些负面情绪：,,,,,,,我很心烦。,我很生气。,我对某人生气。,哦，我很遗憾听到它，我想更多地了解是什么让你有这种感觉。是因为某个特定的事件吗？,最近或很久以前的事件是你有这种感觉的原因吗？,谢谢，我能理解。完成协议 6 是否让您重温了这次令人不安的事件的情绪？,谢谢，我能理解。完成协议 11 是否让您重温了这次令人不安的事件的情绪？,我现在想获得更多信息，以便更好地帮助您。,很抱歉你感觉不好，想通过更多调查来帮助你。您是否表达过或经历过以下任何负面情绪：,,,,,,,,,,,,,,,,,,,,,,,,,,,,,,,,,
女性,30-39,我感觉没那么好。,我昨天和朋友闹翻了,我今天好难过,哦，听到这个我很抱歉。是特定情况导致的吗？,这是由最近或遥远的事件引起的吗？,您最近是否尝试过协议 6 并发现由于旧的记忆而重新点燃了这种无法控制的感觉？,你最近有没有尝试过协议 11 并发现这种由于最近的记忆而重新点燃的无法控制的感觉？,很抱歉听到你的麻烦。我现在要问一些问题，以了解您的情况。,您是否对某人有以下感受或表达过以下感受：,,,,,,,我今天感觉不太好。,我对同事的行为感到愤怒。,真的受够了这个。,这是由特定情况引起的吗？,这是由最近或遥远的情况引起的吗？,最近，您是否尝试过协议 6 并发现它从旧情况中带回了负面情绪？,最近，您是否尝试过协议 11 并发现它从旧情况中带回了负面情绪？,现在我会问一些问题以更好地理解这种情况。,您是否对某人明确感受到或表达了以下任何感受：,,,,,,,,,,,,,,,,,,,,,,,,,,,,,,,,,
女性,30-39,特别糟糕,我想哭,我很郁闷,有没有发生什么事情让你有这种感觉？,事件是最近发生的还是过去发生的？,重温过去的负面事件会让您感到非常不舒服吗？,重温最近发生的这件负面事件，您真的会感到不自在吗？,谢谢你向我解释这个。我想问一些后续问题。,您是否对他人有以下强烈的情绪：,,,,,,,我很生气,我想喊,我很不高兴,有没有人或事让你生气？,这个事件是最近发生的还是很久以前发生的？,如果您尝试过协议 6，这是一种困难的体验吗？,如果您尝试过协议 11，这是一种困难的体验吗？,我要感谢你如此开放。如果你不介意，我现在再问你一些问题。,在您的生活中，您是否对其他人有以下任何情绪：,,,,,,,,,,,,,,,,,,,,,,,,,,,,,,,,,
男性,40-49,我心情不好。,我觉得自己很糟糕。,我觉得有点绝望。,你认为有什么特别的事情让你有这种感觉吗？你可以对我敞开心扉。,谢谢，我想知道您认为您生活中的什么事件引发了这种感觉。这是最近发生的事件还是更遥远的过去？,你认为现在回想这件事会伤害你吗？,你认为现在回想这件事会伤害你吗？,为了详细了解您有这种感觉的原因，如果可以的话，我现在想请教您一些问题。,我很感谢你分享的感受。请问您是否有过以下感受：,,,,,,,我他妈的气死了。,我厌倦了这种狗屎。,我完全疯了。,谢谢，我想更好地了解正在发生的事情。请告诉我，这是由特定事件引起的吗？,这个事件和你感受到的情绪是最近发生的，还是由遥远的过去发生的事情引起的？,您是否认为尝试协议 6（如果您最近这样做）会在这里产生负面影响？,你认为尝试协议 11，如果你最近这样做了，在这里有负面影响吗？,很好，谢谢你的坦率和诚实。我想问一些问题，以便更好地了解您的情况。,您是否有任何这些强烈的情绪和/或您曾与任何人专门讨论过这些情绪：,,,,,,,,,,,,,,,,,,,,,,,,,,,,,,,,,
男性,30-39,由于我的健康状况，感觉非常糟糕。,由于无法参加家庭活动，我感觉不太好。,我没有那么好，因为我被上级骂了。,你还记得是否有什么事情让你有这种感觉吗？,请问是最近发生的还是很久以前的？,您是否尝试过使用协议 6 并且它是否带回了不舒服的情绪？,您是否尝试过使用协议 11 并且它是否带回了不舒服的情绪？,我很欣赏你的开放。我还有几件事想了解。,最近您是否对他人有以下任何一种感觉：,,,,,,,我感到非常生气，因为一个陌生人袭击了我。,我感到非常生气，因为我的儿子不听从我的指示。,我感到非常生气，因为我姐姐伤害了我很多。,有没有一件特别的事情让你有这种感觉？,你开始有这种感觉是因为最近发生的事情，还是更遥远的过去重新出现的事情？,你有没有尝试过协议 6，你是否发现它引发了你过去无法控制的情绪？,你有没有尝试过协议 11，你是否发现它引发了你过去无法控制的情绪？,我希望我们今天能解决问题，让你感觉更好。我还有几个问题要问是否可以。,您是否对另一个人真正感受到或采取了以下任何一种情绪：,,,,,,,,,,,,,,,,,,,,,,,,,,,,,,,,,
女性,50-59,我觉得很难受。,我想我不能再继续下去了。,我的生活一片混乱。,你能想到让你开始有这种感觉的具体事件吗？,这是由于最近或更远的事件引起的吗？,您最近是否尝试过协议 6，并发现它使过去事件产生的无法控制的情绪恢复生机？,您最近是否尝试过协议 11，并发现它使最近发生的事件引起的无法控制的情绪恢复生机？,非常感谢。现在，如果可以的话，我将尝试更好地了解您的情况。,您是否对任何人经历或表现出以下任何情绪：,,,,,,,每个人都反对我——我的老板、我的丈夫和我的孩子。,我太生气了，我可以杀了人。,我对家乡的情况感到非常生气。,是否有特定事件导致了这种情况？,你会说最近或遥远的事件导致了这种情况吗？,您最近是否尝试过协议 6 并经历过因过去的事件而导致您无法控制的重新点燃的情绪？,您最近是否尝试过协议 11，并经历过因过去的事件而导致您无法控制的重新点燃的情绪？,感谢您迄今为止的合作。如果您同意，我想继续提出一些问题，以便更好地了解您的情况。,您是否对任何人经历或表现出以下任何情绪：,,,,,,,,,,,,,,,,,,,,,,,,,,,,,,,,,
男性,50-59,感觉嗡嗡声今天工作不顺利。,只是感觉真的处于我生命中的低谷，似乎什么都不对。,我今天失去了一个亲密的朋友，感到非常难过和孤独。,很抱歉听到这个，我可以理解。是否有导致这种情况的事件？,有这种感觉是可以的。这个事件是最近发生的还是不久前发生的？,协议 6 可以唤起您可能很久都没有感受到的情绪，所以我想知道这是否是您的正确选择。有没有可能你最近尝试了协议 6，这又重新点燃了这些负面情绪？,协议 11 可以唤起您一段时间内可能没有感受到的情绪，所以我想知道它是否是您的正确选择。有没有可能你最近尝试了协议 11，这又重新点燃了负面情绪？,我明白你正在经历什么。我现在想问一些问题，以进一步了解您的困境。,困难的情况会使我们的情绪感到紧张。您是否有任何这些强烈的感受和/或您向另一个人表达过它们：,,,,,,,我对我的朋友很生气，因为他不服从我。,我对我弟弟很生气。,我对我朋友的不当行为感到愤怒。,,,,,,,,,,,,,,,,,,,,,,,,,,,,,,,,,,,,,,,
女性,25-29,不好，我在工作中度过了紧张的一天。,好吧，我想。,我累了;一切都感觉像是一种努力。,有没有什么特别让你感到难过的事情？,,您是否尝试遵循协议 6，如果是这样，您是否感到不安？,您是否尝试遵循协议 11，如果是这样，您是否感到不安？,谢谢分享，我是来听的。请让我再问你几个问题。,您最近是否经历过以下情绪：,,,,,,,我很生气。,我只是觉得最近很生气。,我有很多事情要做；我生气了。,是不是发生了什么特别的事情激起了你的愤怒？,触发是最近发生的事件，还是遥远的事件？,是否遵循协议 6，如果你有，激起任何不愉快的感觉？,遵循协议 11（如果有）是否激起了任何不愉快的感觉？,你现在的感受是一种有效的情绪。我想问一些问题以了解您来自哪里。,如果我问你，你最近有没有表达过这些情绪：,,,,,,,,,,,,,,,,,,,,,,,,,,,,,,,,,
女性,30-39,我真的感到很失落和悲伤。我的伙伴和分手了。,今天我心情非常低落。我只是没有一个美好的早晨。,我真的很沮丧，有点绝望。我想我很沮丧。,有没有发生什么特别的事情让你有这种感觉？,我明白。这是最近发生的还是在遥远的过去发生的事情？,感谢您如此开放，我正在努力确定帮助的最佳方式，并知道重新审视创伤有多么困难。我很好奇协议 6 是否对你来说太痛苦了？,感谢您如此开放，我正在努力确定帮助的最佳方式，并知道重新审视创伤有多么困难。我很好奇协议 11 是否对你来说太痛苦了？,感谢您如此开放，我知道这有多难。我还有几个问题要尝试更好地了解您所处的位置以及如何提供帮助。,我将向您展示一系列不健康的情绪，但有时会向他人感受或表达这些不健康的情绪。如果您对生活中的人经历过以下任何一种情绪，请告诉我：,,,,,,,我现在很生气，我不知道为什么。,我气得快要爆炸了——我哥哥真的知道如何按我的按钮。,我很生气，觉得没有人尊重我。,明白了，谢谢分享有没有发生什么让你有这种感觉的具体事情？,知道了。这是多久以前，最近还是很久以前？,协议 6 是难度更大的练习之一，并不适合所有情况；我正在尝试确定它是否适合您。您是否尝试过协议 6 并发现它太难了？,协议 11 是一项更艰巨的练习，并不适合所有情况；我正在尝试确定它是否适合您。您是否尝试过协议 11 并发现它太难了？,感谢您到目前为止的耐心等待。我还有几个问题可以更好地确定如何提供帮助。,我们都会感受到某些情绪，但如果我们专注于它们或根据它们采取行动，那可能是不健康的。最近几天，您是否对以下任何情绪感到非常强烈或向他人表达过这些情绪：,,,,,,,,,,,,,,,,,,,,,,,,,,,,,,,,,
女性,30-39,我真的很不高兴，我的小狗昨天跑了，我到处都找不到他。,我感觉很糟糕，我没有通过我的课程，我不会毕业。,非常难过，我正在重温周年纪念日的悲伤日子。,这种感觉是由特定事件引起的吗？,对不起，那一定很难。是最近发生的事情还是很久以前发生的事情？,您是否尝试执行协议 6，如果是这样，是否会引发不舒服的感觉？,您是否尝试执行协议 11，如果是这样，是否会引发不舒服的感觉？,我理解你很伤心，在这种复杂的情况下这是完全有道理的。我现在有几个问题要问您，以帮助我了解正在发生的事情。,您是否对另一个人感受到或表现出以下任何情绪：,,,,,,,糟糕的,我很生气,我一点都不开心,是否发生了某个或多个事件导致您出现这种情况？,这是最近发生在你身上的事情，还是来自你更遥远的过去？,您是否尝试过协议 6 并让您感到不知所措？,您是否尝试过协议 11 并让您感到不知所措？,你很坚强，我相信如果我们一起努力，这一切都会过去，你会感觉更好。我现在很想再问一些问题，以便我能理解。,在您的生活中，您是否对他人有强烈的以下情绪：,,,,,,,,,,,,,,,,,,,,,,,,,,,,,,,,,
女性,25-29,不太好，今天早上我下雨了。,老实说，我做得不好。我考试不及格。,太可怕了，昨晚有人闯入我家。,这是因为什么特别的事情吗？,这种感觉是因为最近或遥远的事件而产生的吗？,您最近是否尝试过方案 6 并因此重温了创伤性事件？,您最近是否尝试过协议 11 并因此重温了创伤性事件？,谢谢你。我现在会问你几个问题，以便更好地了解你的情况。,您最近是否对任何人有过以下情绪：,,,,,,,我现在感到很生气。,我很生气。,,,,,,,,,,,,,,,,,,,,,,,,,,,,,,,,,,,,,,,,
男性,40-49,我已经好多了。,不太好，不幸的是。,今天我的心情很沉重。,你能想到发生这种情况的具体原因吗？,你能告诉我更多关于发生的事情吗？这个事件是遥远的还是最近的？,您是否尝试过协议 6 并且可能发现这并没有像您希望的那样提供帮助？,您是否尝试过协议 11 并且可能发现这并没有像您希望的那样有帮助？,谢谢你今天和我分享这个。我还有一些问题要问，以帮助更好地了解您的情况。,我想知道有些情绪最近是否出现在你的生活中。您是否认同以下任何一种情绪：,,,,,,,我一点都不好。其实挺烦的。,我现在很生气。,我很生气，想要感觉好点。,我明白了，谢谢你和我分享你的感受，我想知道更多发生的事情。这是由特定原因引起的吗？,感谢你的分享。这是最近发生的事情还是很久以前发生的事情？,如果您尝试过协议 6，结果如何，是否勾起了不好的回忆？,如果您尝试过协议 11，结果如何，是否勾起了不好的回忆？,谢谢你和我分享这个。我还有几个问题可以帮助我了解情况。,您是否会说您最近对任何人感到或表达了以下任何情绪：,,,,,,,,,,,,,,,,,,,,,,,,,,,,,,,,,
男性,50-59,我觉得很难受。我失去了我的狗。,我情绪低落。我想我生病了。,我感到很失望。我被朋友出卖了。,我很遗憾听到。你能告诉我它是否是由你可以分享的特定事件或事件引起的吗？,明白了，谢谢分享。你会说这是最近发生的还是遥远的事件，这样我才能得到更好的画面？,我认为协议 6 可能会有所帮助，但在我提出建议之前，我想进一步调查一下。如果你最近尝试过协议 6，你能告诉我它是否会因为旧的事件而导致无法控制的情绪吗？,我认为协议 11 可能会有所帮助，但在我提出建议之前，我想进一步调查一下。如果你最近尝试过协议 11，你能告诉我它是否因为最近的事件而导致无法控制的情绪吗？,非常感谢你跟我说话。想请教您一些问题，以便更好地了解您的情况。,如果您对任何人感到或表达了任何情绪，请随时告诉我：,,,,,,,我不好。我头上的工作压力太大了。,我没有心情和别人说话。,我没那么好，我想一个人呆着。,,,,,,,,,,,,,,,,,,,,,,,,,,,,,,,,,,,,,,,
女性,40-49,我感到很沮丧，今天早上我不想起床。,我很伤心，我之前在淋浴时哭了。,我不想吃早餐，因为我太难过了。,是不是发生了什么事情导致了这种情况？,这个事件是最近发生的还是前一阵子发生的？,您最近是否尝试过考虑此事件，但发现它太痛苦了？,您最近是否尝试过考虑此事件，但发现它太痛苦了？,感谢您分享这个。现在我想更好地了解你的情况，所以我会问你一些问题，如果可以的话。,您是否记得对某人有或表达过以下任何强烈的负面情绪：,,,,,,,我的老板只是因为我胡说八道而解雇了我！,我直接打了我前任的车窗。,我觉得我想打人。,你能告诉我是不是有什么特殊情况导致了这种情况？,我想知道更多关于这件事发生的时间。是最近发生的还是不久前发生的？,你有没有试过在你的脑海中重新体验这个事件，但发现它太难了？,你有没有试过在你的脑海中重新体验这个事件，但发现它太难了？,我很感激你分享它。我现在可以问一些问题以确保我理解一切吗？,你能告诉我你是否对某人有过或表达过以下负面情绪：,,,,,,,,,,,,,,,,,,,,,,,,,,,,,,,,,
男性,30-39,我今天心情有点低落。,好吧，我只是觉得没有什么是我想要的。,我不好。我只是不想今天起床。,是不是发生了什么事情导致了你现在的感觉？,引起这些感觉的事件是最近发生的，还是发生在遥远的过去？,你是否尝试过协议 6，如果是，你是否对过去有消极的想法，导致你的思绪在那个方向徘徊？,你是否尝试过协议 11，如果是，你是否对最近的过去有消极的想法，导致你的思绪在那个方向徘徊？,如果可以的话，我想问你几个问题，以便更好地了解你的情况。,我想知道您是否对某人有过以下任何情绪：,,,,,,,我很生气。,我只是不想现在处理这个。,我生气了，你怎么看。不要再问这些问题了。,我能理解。您会说这是由特定原因引起的吗？,我完全理解你为什么会有这种感觉。为了帮助您，我需要知道这是最近发生的还是前一段时间发生的。,如果您曾经尝试过协议 6，是否会引发困难的感觉？,如果您曾经尝试过协议 11，是否会引发困难的感觉？,谢谢，我想帮你。我需要问一些问题以更好地了解您的情况。,这当然不是一个理想的情况，如果可以的话，我想进一步调查你的情绪状态。您是否对任何特定的人有过以下强烈的情绪：,,,,,,,,,,,,,,,,,,,,,,,,,,,,,,,,,
女性,60-69,不太好。我的姐妹们有地方可去，有事可做。我觉得落后了。,可怕。当我一直在努力清理自己的时候，我妈妈骂我很乱。,在垂头丧气。我丈夫已经回办公室工作了，我一个人。,有没有发生什么事情让你有这种感觉？,您是在回忆遥远的过去还是最近的事情？,根据过去的情况，在这件事发生后使用协议 6 是否让您的情绪更加无法控制？,基于最近的情况，在这件事发生后使用协议 11 是否让你的情绪更加无法控制？,感谢您的分享。我想通过询问一些后续问题来更好地了解发生了什么。,您是否有时对另一个人感到或表现出以下任何特定情绪：,,,,,,,我最好的朋友找到了一个可以一直出去玩的人。,一个同学把我的项目建议当成了自己的。,我父亲总是说我愚蠢和懒惰。,在某件事发生后，你有没有这些感觉？,这是前一段时间发生的还是最近发生的？,你有没有发现协议 6 带来的情况导致你变得无法控制情绪？,你有没有发现协议 11 带来的情况导致你变得无法控制情绪？,谢谢你告诉我这些。现在有些问题可以让我们更好地了解发生了什么。,您是否曾有过以下强烈情绪的感受或表现：,,,,,,,,,,,,,,,,,,,,,,,,,,,,,,,,,
女性,30-39,很糟糕。我发现我父母要离婚了。,不太好。我丈夫刚失业。,有点可怕。我爸爸生病住院了。,我很抱歉听到这个。你能想到导致这种情况发生的具体原因吗？,你认为是最近的事情引起了这种感觉，还是更遥远的事情？,在我们继续之前，我想评估哪种协议最适合您的情况。您是否已经通过协议 6 并发现它对您产生了负面影响？,在我们继续之前，我想评估哪种协议最适合您的情况。您是否已经通过协议 11 并发现它对您产生了负面影响？,感谢你的分享。如果没问题，我会问几个问题，以便更好地了解您正在经历的事情。,困难的情况会影响我们的感受和行为。您是否发现自己对他人有以下情绪或表达：,,,,,,,我真的很生气。我不公平地失去了工作中的大晋升。,不好。我发现我老公出轨了。,糟糕的。我岳母不会停止越界。,我看得出你很生气。你能想到引发这些感受的具体事件吗？,这个特定事件发生在最近还是遥远的过去？,在我们进一步讨论之前，我想了解一下协议 6 是否适合您。你能告诉我你是否已经尝试过协议 6，是否会引发任何愤怒的情绪？,在我们进一步讨论之前，我想了解一下协议 11 是否适合您。你能告诉我你是否已经尝试过协议 6，是否会引发任何愤怒的情绪？,谢谢你的诚实，我知道这可能很困难。我只是要问几个问题，以便更好地了解您的具体情况。,理解我们的情绪可能很困难。您是否会说您对以下情绪有任何强烈的感受或表达：,,,,,,,,,,,,,,,,,,,,,,,,,,,,,,,,,
女性,60-69,今天心情特别低落。和弟弟吵架了,不太好。我似乎对做太多事情没有兴趣。,好吧，我想。感觉比起还低。,你能告诉我这是否是由特定事件引起的吗？,谢谢你让我知道。这是由最近或遥远的事件（或事件）引起的吗？,如果您最近尝试了协议 6 并发现由于旧事件而重新点燃无法控制的情绪，您能否告诉我？,如果您最近尝试了协议 11 并发现由于最近的事件而重新点燃了无法控制的情绪，您能否告诉我？,谢谢你。我想问你一些问题，以便更好地了解你所遇到的情况。,如果您对某人有强烈的感受或表达以下任何一种情绪，请告诉我：,,,,,,,我在另一门课上不及格，为此我很生自己的气。,糟糕的。我对我的兄弟很生气，我相信他正试图让我的家人反对我。,我真的对我的邻居很生气，他今天早上无缘无故地和我吵架了。,我理解，我很抱歉你有这种感觉。这是由特定事件引起的吗？,谢谢你的回复，我真的很想帮忙。你能告诉我这是由最近的事件还是由遥远的事件引起的吗？,谢谢你提供信息。你能告诉我你最近是否尝试了协议 6 并发现由于旧事件而重新点燃了无法控制的情绪？,谢谢你提供信息。你能告诉我你最近是否尝试过协议 11 并发现由于旧事件，这重新点燃了无法控制的情绪？,谢谢你。现在我想再问你一些问题，以便更好地了解你的情况。,你能告诉我你是否对某人有过强烈的感受或表达过以下任何一种情绪：,,,,,,,,,,,,,,,,,,,,,,,,,,,,,,,,,
男性,30-39,不是很好,我感觉不太好,我可以做得更好,谢谢，我明白了。是不是有什么特别的原因导致了这种情况？,原来如此。这是最近发生的还是之前发生的？,好的，谢谢你。您最近是否尝试过协议 6，它是否会导致重温痛苦的情绪？,好的，谢谢你。你最近是否尝试过协议 11，它是否会导致重温痛苦的情绪？,好的，谢谢你。请再问几个问题，让我更好地了解您的情况。,您是否会说您对他人强烈感受到或表达了以下任何情绪：,,,,,,,我很生气,我有点生气,我很生气,你一定很难有这种感觉。这是由特定的东西触发的吗？,好吧，我能理解。你有这种感觉是因为最近或更远的过去吗？,明白了，非常感谢分享。最近对协议 6 的尝试是否导致过去的情绪爆发？,明白了，非常感谢分享。最近对协议 11 的尝试是否导致过去的情绪爆发？,谢谢你让我知道。我想通过一些问题来更好地理解这一点。,最近有没有强烈地感受到或向任何人表达过这些情绪中的任何一种：,,,,,,,,,,,,,,,,,,,,,,,,,,,,,,,,,
女性,40-49,我不厉害,我真的很沮丧。,我有一个糟糕的蓝调案例。,有没有发生什么让你难过的事情？,这个事件是最近发生的还是前一段时间发生的？,您是否尝试过协议 6，如果是，是否让您感觉更糟？,您是否尝试过协议 11，如果是，是否让您感觉更糟？,好的，谢谢，让我们看看我们是否可以深入了解这个问题。如果你不介意的话，我会再问你几个问题。,目前的情况是否让您有以下感受：,,,,,,,我真的很生气我的前任。,我的前任毁了我的生活，我疯了。,我对我和我的前伴侣分手的方式感到非常沮丧。,有什么特别的事情让你有这种感觉吗？,这是很久以前发生的，还是最近发生的？,您最近是否尝试使用协议 6，如果是，是否让您的情绪激增？,您是否尝试使用协议 11，如果是，是否让您的情绪激增？,感谢您与我分享这一点，让我们再深入了解一下。我现在想再问你一些问题，以便我可以提供帮助。,这种困难的情况是否导致您有任何这些情绪和/或对它们采取行动：,,,,,,,,,,,,,,,,,,,,,,,,,,,,,,,,,
男性,30-39,我感觉很糟糕，我想我今天失去了一个朋友。,我心情不好，我最好的朋友不会跟我说话。,我过得不好，我最喜欢说话的人甚至不再承认我了。,是否有什么特别的事情似乎引起了这种感觉？,我很抱歉听到这个。是否有一些最近发生的事件可以作为造成这种情况的原因，或者是不久前发生的事件？,这是不幸的。你有没有尝试过协议 6，它是否引发了你对这次事件的同样困难的情绪？,这是不幸的。你有没有尝试过协议 11，它是否引发了你对这次事件的同样困难的情绪？,谢谢你，很抱歉你现在正在挣扎并想提供帮助。让我们继续讨论下一个问题，并尝试解决这种情况。,如果你还记得，你能告诉我你是否对另一个人有过以下强烈的情绪：,,,,,,,我不能忍受我的生活，显然我的伴侣也不能，因为她已经走了。,我很生气，我完全被我的前任甩了，而且被鬼魂化了。,我对我的前女友很生气，我不敢相信我搞砸了我们的关系。,我很抱歉。有什么特别让你有这种感觉的吗？,也许你能告诉我是最近发生的事情让你有这种感觉，还是遥远的事情？,您是否使用了协议 6 来帮助您并且您的情绪是否失控？,您是否使用协议 11 来提供帮助并且您的情绪是否失控？,我真的希望在我的帮助下你会感觉好些。让我们深入了解一下这个问题的根源。,我知道这可能很难，但你能告诉我更多关于你的情绪吗？我想知道您是否对另一个人有过以下情绪：,,,,,,,,,,,,,,,,,,,,,,,,,,,,,,,,,
女性,40-49,我很沮丧，因为我男朋友和我分手了。,我只想哭，因为我觉得我的狗死了。,我似乎再也感觉不到快乐了，因为我因失去工作而感到难过。,请告诉我这种感觉是否源于某个事件？,你会说这是最近或遥远过去事件的结果吗？,您是否注意到由于过去的事件，尝试协议 6（如果您尝试过）是否有无法忍受的情绪？,您是否注意到由于最近发生的事件，尝试协议 11（如果您尝试过）是否有无法忍受的情绪？,非常感谢你。我现在想通过问你一些额外的问题来更深入地了解你的困境。,您是否有强烈的冲动向他人表达以下情绪或自己强烈感受到这些情绪：,,,,,,,我很生气，我的朋友和我男朋友调情，我不知道如何处理。,我不好，因为我很生气，以至于我丈夫买了一辆昂贵的汽车，而且从来没有和我说过这件事。他让我如此沮丧。,糟糕的！我很生气，因为我的邻居说我的孩子是坏名声，因为她因为他进入她的院子而生他的气。我觉得她是个可笑的人！,谢谢，如果您能详细说明一下您感到如此生气的原因，我将不胜感激。是特定事件造成的吗？,你能告诉我这个令人不安的事件是前一段时间发生的还是最近发生的？,你最近是否尝试通过协议 6 并发现它会从访问过去的事件中引发负面情绪？,你最近有没有尝试过协议 11，并觉得它会从访问过去的事件中引发负面情绪？,非常感谢您的回复。我可以找到一些额外的信息来帮助我能够充分理解您的担忧吗？,如果您经历过以下任何情绪或想向另一个人表达这些情绪，请告诉我：,,,,,,,,,,,,,,,,,,,,,,,,,,,,,,,,,
男性,50-59,糟糕，昨天我失去了一个亲近的人。,真的很沮丧，我似乎无法开始任何事情。,有点蓝，真的。我似乎无法享受任何东西。,有什么特别让你有这种感觉的吗？,我很遗憾听到这个消息。这是最近发生的还是不久前发生的？,这是你执行协议 6 的结果吗？,这是你执行协议 11 的结果吗？,很抱歉让您受到伤害，在我尝试进一步调查时请耐心等待。我想再问你一些问题，这样我才能更好地了解情况。,您是否对某人有过以下强烈感受，无论您是否告诉过他们：,,,,,,,太糟糕了 - 我觉得我需要伤害某人。,就像一座即将喷发的火山。,我快疯了，我不能再忍受了。,没关系，我是来帮忙的。有什么特别让你有这种感觉的吗？,这是最近发生的，还是你想起了更遥远的过去？,这些负面情绪是你尝试协议 6 引起的吗？,这些负面情绪是否是您尝试使用协议 11 引起的？,谢谢分享，真的很有帮助。如果你同意的话，我想再问一些关于这个的问题。,您是否有以下任何强烈感受和/或您向某人表达过它们：,,,,,,,,,,,,,,,,,,,,,,,,,,,,,,,,,
女性,18-24,我感觉不太好。我男朋友昨天和我分手了。,我感觉不太好。我的祖母上周去世了。,我感觉不太好。我丢了我最喜欢的玩具，我找不到了,我很抱歉。这是由特定事件引起的吗？,我很抱歉听到这个。我也可以问一下是不是由最近或遥远的事件（或事件）引起的？,我很抱歉你正在经历这个。您最近是否尝试过协议 6 并发现由于旧事件而重新点燃了无法控制的情绪？,我很抱歉你正在经历这个。您最近是否尝试过协议 11 并发现由于最近的事件而重新点燃了无法控制的情绪？,感谢您与我分享这一点，我想以某种方式帮助您。现在我会问一些问题以了解您的情况。,我与你的情绪保持一致，我们会理解克服它。您是否对某人有强烈的感受或表达过以下任何一种情绪：,,,,,,,我不好，我的团队被取消了资格，我和朋友打赌输了 100 美元，我真的很生气。我有这种感觉是球队的错。,我不好！我被解雇了，我真的很生气。我在工作中做的一切都是正确的，我有这种感觉是他们的错。,我不好，我和父母吵架了，我离开了家，我很生气。我有这种感觉是他们的错。,有这种感觉没关系。请问这是否是由特定事件引起的？,过这个就好了。这是由最近或遥远的事件（或事件）引起的吗？,我理解并且很抱歉发生这种情况。您最近是否尝试过协议 6 并发现由于旧事件而重新点燃了无法控制的情绪？,我理解并且很抱歉发生这种情况。您最近是否尝试过协议 11 并发现由于旧事件而重新点燃了无法控制的情绪？,我现在会问你几个问题来了解你的情况。,我们有时会感觉到我们认为不好的情绪，但我们知道它们不好这一事实让我们意识到，所以感受这些情绪是可以的，我们总有一天会感受到它们。您是否对某人有强烈的感受或表达过以下任何一种情绪：,,,,,,,,,,,,,,,,,,,,,,,,,,,,,,,,,
男性,30-39,真的很伤心。我不能让自己做任何事,我觉得很糟糕，自从我父亲去世后，一切似乎都没有任何意义。,我只是不明白起床的意义。没有什么感觉很好。,你觉得哪让我觉得抱歉。这是由特定原因引起的吗？,这是最近发生的，还是前一段时间发生的？,协议 6 中的练习对某些人来说可能很困难，所以我想知道它们是否适合您。您是否尝试过协议 6 中的练习并发现它们很困难或有创伤？,协议 11 中的练习对某些人来说可能很困难，所以我想知道它们是否适合您。您是否尝试过协议 11 中的练习并发现它们很困难或有创伤？,谢谢你告诉我。你介意我问你一些关于这些感受的问题吗？,我想知道您是否强烈感受到或表达了以下任何情绪：,,,,,,,我感觉很糟糕，我刚刚得到了一些非常令人恼火的消息,今天太糟糕了，一切都出错了。,明明我不好，我真的早伤害了自己,是不是发生了什么特别的事情导致了这种情况？,这是最近发生的事件还是很久以前发生的遥远事件？,请问，您是否尝试过协议 6 中的练习，这是否困难或痛苦？,请问，您是否尝试过协议 11 中的练习，这是否困难或痛苦？,谢谢你。我想更好地了解你的情况，需要问一些问题，可以吗？,您是否认为您可能强烈表达或感受到以下任何情绪：,,,,,,,,,,,,,,,,,,,,,,,,,,,,,,,,,
女性,40-49,我感到空虚和绝望。这次的疫情真的让我很受伤。,我和我的伴侣吵架了，我真的很难过。我觉得是我的错。,我不应对。我只是觉得我可以一直哭。,您是否觉得您目前的情绪可能是由特定事件或事件引起的？,非常感谢你让我知道。你会说是最近或遥远的事件（或事件）引起了这种情绪吗？,感谢您与我分享这个，我知道这可能很困难。我想问你最近是否尝试过协议 6，如果是，你是否因此感到更加痛苦。,感谢您与我分享这个，我知道这可能很困难。我想问你最近是否尝试过协议 11，如果是，你是否因此感到更加痛苦。,感谢您与我分享您的感受，感谢您的信任。如果您不介意，我现在将问您几个问题以更好地了解情况。,谢谢你，我想让你知道，如果我们能够理解它们并向它们学习，即使是负面情绪也可以帮助我们成长。您最近是否对您认识的任何人经历过以下任何情绪：,,,,,,,我很生气我的老板在我的同事面前让我难堪。,我只是一直觉得很生气。老实说，我认为我应该得到比这更好的。,我损失了一大笔钱，我对自己很生气。我想打自己。,你会说你现在正在经历的这种感觉是由一个或多个特定事件引起的吗？,谢谢你的回答，我可以联系。你会说这件事或让你感到愤怒的事件发生在最近或遥远的过去吗？,谢谢你帮助我更好地理解。我想知道您最近是否尝试过协议 6，如果是，您是否发现它弊大于利？,谢谢你帮助我更好地理解。我还想知道您最近是否尝试过协议 11，如果是，您是否发现它弊大于利？,感谢您的分享，这是您正在体验的一种完全正常且有效的情绪。现在，如果您不介意的话，我想再问您一些问题以更好地了解情况。,有时，我们可能会感受到我们并不引以为豪的情绪，但识别它们、接受它们并理解它们仍然很重要。请问您是否对另一个人有以下情绪：,,,,,,,,,,,,,,,,,,,,,,,,,,,,,,,,,
女性,30-39,请放过我吧，我很痛苦。,今天简直惨不忍睹。,我似乎无法摆脱这种低落的情绪。,感谢您与我分享您的情绪，我知道现在可能很难处理它们。为了我能更好地帮助你，你能告诉我具体的事件是否让你有这种感觉吗？,我明白了，谢谢。这个事件是最近的还是更远的？不管怎样，我希望这对你来说没有太大的创伤。,请问您是否已经通过协议6并发现它带回了困难的情绪？,请问您是否已经通过协议11并发现它带回了困难的情绪？,谢谢分享，很抱歉你正在经历这个。我只想再问一些问题，以便更好地了解您现在的感受。,谢谢你对我的信任，我现在想知道你最近在处理什么样的情绪。你能告诉我你是否有过以下任何一种情绪：,,,,,,,我再也受不了了。,我非常沮丧。,我讨厌今天的每一个人。,感谢您与我分享您的感受，尽管现在对您来说可能很困难。你认为你的感觉可能是由某些特定的事情引起的吗？,我明白了，谢谢。这个或多个事件是遥远的还是最近的？,我想了解协议 6 是否适合您，因为它可能非常激烈。请问您最近是否尝试过协议 6，并发现这会带回过去的负面情绪？,我想了解协议 11 是否适合您，因为它可能非常激烈。请问您最近是否尝试过协议 11，并发现这会带回过去的负面情绪？,很抱歉你现在必须处理这个问题。请让我问你一些问题，以便我确定什么是让你感觉更好的最佳行动方案。,生活中有些时刻我们可能会体验到我们并不引以为豪的情绪，但没关系，只要我们准备好向它们学习。您是否会说您最近有以下情绪：,,,,,,,,,,,,,,,,,,,,,,,,,,,,,,,,,
男性,40-49,由于封锁，今天很伤心,我没有逃得这么厉害。,我今天感觉不太好,请问，有什么具体原因吗？,那件事是最近发生的，还是在你过去更遥远？,你有没有尝试通过尝试协议 6 来回想那件事，如果是这样，它是否带回了困难的情绪？,你有没有尝试通过尝试协议 11 来回想那件事，如果是这样，它是否会带来困难的情绪？,谢谢你。我想问你一些更多的问题，可能有助于我理解。,我们有时可能会经历一些我们可能会羞于承认的困难情绪，但它们是完全正常的，我们识别并处理它们很重要。你能告诉我你是否感受到或表达了以下任何一种情绪：,,,,,,,我对我的配偶生气,我感觉很糟糕,我今天不好,你会说是什么特定的事情让你有这种感觉吗？,这是最近发生的还是不久前发生的？,你是否已经尝试通过执行协议 6 重新思考这个问题，如果是这样，它是否重新点燃了不舒服的情绪？,您是否已经尝试通过执行协议 11 重新思考这个问题，如果是这样，它是否重新点燃了不舒服的情绪？,谢谢你。我想问你一些可能有助于我理解它的问题。,请问您是否感受到或表达了以下任何一种情绪：,,,,,,,,,,,,,,,,,,,,,,,,,,,,,,,,,
男性,40-49,我受够了。我认为我这个月无法应付所有账单，而且我还在不停地工作。,自从我去年失业以来，我就有点沮丧了,不好，自从X离开后，我的情绪真的很低落。,这可能与特定事件有关吗？,我明白。这与最近发生的事情还是更遥远的事件有关？,您最近是否尝试推进协议 6，并且您重新审视的创伤是否变得难以处理？,您最近是否尝试推进协议 11，并且您重新审视的创伤是否变得难以处理？,谢谢，感谢您与我分享，我知道这可能很困难。我想再问几个问题，以便更好地了解您的情况。,您认为以下任何情绪是否恰当地描述了您最近的感受或表达方式：,,,,,,,狂怒。每个人都在不停地打扰我工作。,我真的很生气！今天是一件又一件的事情。,我很烦。每当我认为自己处于领先地位时，就会出现其他情况。,哦，那不好。是不是有什么东西触发了这种感觉？,很抱歉听到这个。是最近发生的还是更远的事件导致了这种情况？,当按照协议 6 的要求尝试重新审视您的创伤时，您是否发现自己在情绪上不舒服并且难以继续？,当按照协议 11 的要求尝试重新审视您的创伤时，您是否发现自己情绪不舒服并且难以继续？,感谢您的分享。我现在想问你几个问题，让我更好地了解你。,请试着坦率地看待你现在的情绪状态。您是否认为您最近可能强烈感受到以下任何一种情绪：,,,,,,,,,,,,,,,,,,,,,,,,,,,,,,,,,
女性,40-49,我今天感觉超级沮丧，似乎没有任何意义了,坦率地说，我看不到生活中的任何意义了,我感到非常孤独，我没有朋友，也没有男朋友,谢谢你让我知道，我非常抱歉你有这种感觉。请问这种感觉是不是有什么特殊原因？,我明白了，谢谢。您是说这件事发生在最近，还是您还记得更遥远的过去？,谢谢你，也许协议 6 可以帮助你处理这个事件，但是在我推荐它之前，我想确保你过去没有遇到过糟糕的经历。你是否已经尝试过协议 6，如果是，它是否激起了困难或创伤性的情绪？,谢谢你，也许协议 11 可以帮助你处理这个事件，但是在我推荐它之前，我想确保你过去没有遇到过糟糕的经历。你是否已经尝试过协议 11，如果是，它是否激起了困难或创伤性的情绪？,感谢您对我敞开心扉，我理解这可能很困难，我感谢您的诚实。我想再问你几个问题，以便我可以更好地帮助你，如果你没问题的话。,我想问你关于你可能感受到的负面情绪；有时感觉到它们是完全正常的，但重要的是我们在它们接管我们的生活之前学会识别它们。回想一下您最近的过去，您是否有时对某人有以下任何情绪：,,,,,,,我很生气我男朋友没有告诉我真相。,我很生气，因为我的猫毁了我最喜欢的地毯,我最近对我的工作感到非常沮丧。,谢谢你，我明白现在处理这种感觉有多难，希望我能帮助你感觉更好。你能告诉我是否有特定的事件让你有这种感觉吗？,我明白了，谢谢你告诉我。请问，这件事引起你的愤怒是遥远的还是最近的？,谢谢你；我认为协议 6 可以帮助你处理这个事件，但是有些人报告说这个协议可能相当激烈。你是否已经尝试过协议 6，如果是这样，它是否激起了困难或创伤性的情绪？,谢谢你；我认为协议 11 可以帮助你处理这个事件，但是有些人报告说这个协议可能相当激烈。你是否已经尝试过协议 11，如果是这样，它是否激起了困难或创伤性的情绪？,谢谢你这么耐心的回答，我知道这可能很困难。如果可以的话，我想再问一些问题，以便我可以建议最佳的行动方案。,谢谢，下一个问题是关于可能影响我们生活和人际关系的负面情绪，因此我们学会识别它们很重要。想想您最近的过去，您是否有时会对某人产生以下任何情绪：,,,,,,,,,,,,,,,,,,,,,,,,,,,,,,,,,
女性,30-39,我真的很伤心很沮丧。,可怕。我只是很难过。,我希望我能快乐。,,,,,,,你觉得你需要一直陪在某个人身边吗？,你会说你倾向于将任何错误归咎于他人吗？,你会说你是那种总是需要掌控的人吗？,我想知道你是否总是觉得是你造成了问题，即使这不是你的错？,你认为自己是一个乐于倾听他人观点的人吗？,您是否认为您可能正在经历个人危机，不再与您的支持网络保持联系？,我超级生气,我真的很生气。,我很生气，我不知道如何改变它。,,,,,,,你会说你倾向于救人吗？,一般来说，你觉得别人应该为你的问题负责吗？,对自己完全诚实，你会说你总是觉得需要控制吗？,我想知道当发生不好的事情时，您是否总是感到有责任感。,老实说，你认为你总是可以考虑替代你的观点吗？,最近有没有发生什么事情让你觉得与你的朋友和家人的支持网络疏远了？,,,,,,,,,,,,,,,,,,,,,,,,,,,
女性,40-49,没那么好。我发现我的祖母活不长了。,我今天做的没那么好。他们正在推出我最喜欢的童年电视节目。, 今天感觉有点无聊，因为我收到了一些关于一些财务问题的坏消息。,,,,,,,你觉得成为别人的救星是你的责任吗？,明白了，谢谢您是否曾将自己视为负面情绪的受害者？,负面情绪会导致我们想要控制别人。你是否觉得自己是在试图控制或支配他人？,当事情出错时，您是否总是承担责任或为发生的事情指责自己？,老实说，您是否尝试过设身处地为他人着想或换个角度看待情况？,您的个人生活中是否有任何重大问题可能导致您感到悲伤？,我对我室友发生的事情很生气,我对我的同事很生气,我只是对生活很生气，因为似乎没有什么事情适合我。,,,,,,,你觉得拯救他人或解决他们的问题是你的责任吗？,你是否觉得别人应该为你的负面情绪负责？,谢谢你。由于您目前的情绪，您是否觉得需要控制他人？,在审视自己的处境时，您是否总是为正在发生的事情责备自己？,你有没有从不同的角度看待生活中正在发生的事情？,在您的个人生活中是否有任何令人不安的事情，您是否与亲近的人闹翻了？,,,,,,,,,,,,,,,,,,,,,,,,,,,
男性,25-29,我今天感觉很恶心,我觉得我想吐,我现在很沮丧,,,,,,,你觉得你必须拯救别人吗？,你有没有觉得自己可能被别人害了？,你是否觉得你在试图压制某人？,你是否总是试图为消极的情况和事件责备自己？,,你现在对生活事件有困难吗？,我很不高兴,我很生气,我很烦,,,,,,,难道，也许，你试图拯救某人？,你觉得别人对你的负面情绪负责吗？,如果我问，你觉得你现在想要控制你生活中的某个人吗？,你是否总是试图批评自己？,您认为在您目前的情况下可能还有其他观点可以考虑吗？,由于与生活中的人争吵，您是否正在经历强烈的负面情绪？,,,,,,,,,,,,,,,,,,,,,,,,,,,
男性,30-39,不好，我的狗死了。,不好，我和妈妈吵架了。,很糟糕，我的女朋友甩了我。,,,,,,,你认为你应该救人吗？,你会说你是这种情况下的受害者吗？你会因为这种感觉而责怪别人吗？,你是否觉得你在试图控制任何人，或者让他们做你想让他们做的事情？,如果出现问题，您是否总是觉得责备和指责总是落在自己身上？,当这些观点被呈现给你时，你有没有反思过其他观点？,您是否在与亲人相处时遇到任何困难？,我为今天发生的事情而生气。,我对我伴侣的行为方式感到恼火。,太可怕了，我的坏爸爸像往常一样打我,,,,,,,我非常抱歉你正在处理困难的情绪。也许你觉得你应该在你的生活中拯救别人？,您将自己视为受害者，还是将自己的感受归咎于他人？,可能是你试图控制某人吗？,你会不会说每次出了问题你总是责备自己？,我很抱歉你现在正在经历这种消极情绪。如果我问，请说实话，您是否会说在向您提出这些观点时，您总是充分考虑其他人的观点？,很抱歉听到你的麻烦，我总是在这里提供帮助。您现在是否在与任何亲人相处时遇到困难？,,,,,,,,,,,,,,,,,,,,,,,,,,,
男性,50-59,我今天没那么厉害。,有点蓝的感觉。,今天下午我有点沮丧和沮丧。,,,,,,,你觉得在这种情况下你应该帮助别人吗？,我想知道你对你在这个角色中的角色有什么看法。在目前的情况下，您是否觉得自己是一个受害者，想要将自己的负面情绪转移到其他人身上？,你觉得你有能力影响你生活中的其他人吗？,当事情出错时，你是否总是道歉并觉得是你的错？,您可能已经讨论过并被提出了各种需要考虑的观点。当这些被呈现给您时，您是否真的考虑过其他观点和观点？,您最近是否与朋友或家人发生过任何导致这些负面情绪的重大问题？,老实说，我很生气。,"我不是很好 - 事实上, 我现在很生气。",我现在不开心，有点不高兴。,,,,,,,想想最近和不那么近的事件，你有没有想拯救别人的印象？,请问您现在是否觉得自己是受害者，并将自己的感受归咎于他人？,有时，您是否喜欢想象自己掌权并控制他人？,当事情不对或出错时，您是否有总是责怪和指责自己的倾向？,您过去可能进行过其他对话，在这些对话中您谈到了其他观点和观点。您是否曾经在自己的生活中实践过提供给您的任何建议或新观点？,您最近是否与朋友或亲人发生了个人问题，也许是闹翻了，或者您有家庭问题吗？,,,,,,,,,,,,,,,,,,,,,,,,,,,
女性,30-39,我之前哭过,我需要得到支持,伤心,,,,,,,你觉得你必须帮助别人吗？,你有没有觉得自己受到了任何形式的伤害？,你有没有感觉你在控制别人，或者至少试图控制？,如果出了什么问题，你总是批评自己吗？,您是否会说，您在之前的讨论中可能会向您提出其他人的观点和论点，您是否一直在仔细考虑？,如果我问你，你在个人事务上有什么问题吗？,那不是你的事,你知道这有什么用吗,你无权问这个问题,,,,,,,你是不是总觉得需要拯救生命中的人？,如果你不介意我问，我想知道你是否因为你正在经历的这些负面情绪而责怪别人。,您认为您可能对其他人表现出控制性行为吗？,你有没有注意到你最近总是因为任何消极的情况而责备或指责自己？,如果可能的话，我想知道您是否觉得您一直对过去向您提出的不同观点给予充分和仔细的考虑。,是否因为与朋友或亲人的关系问题等令人痛苦的事件，您现在正在经历个人危机？,,,,,,,,,,,,,,,,,,,,,,,,,,,
女性,30-39,我很难过,我希望我能改变,我觉得很懒,,,,,,,是不是觉得自己需要成为别人的救星？,你是否觉得其他人应该为你的消极情绪负责？,也许，您正在表现出某种控制行为？,当事情出错时，你总是责备自己吗？,想想或多或少最近的情况，你有没有在谈话中把自己放在别人的位置上？,你目前正在经历什么个人的事情吗？,我对自己受到的对待感到非常沮丧。,今天真的对我造成了伤害，我已经筋疲力尽了。,我很生气，我可以尖叫。,,,,,,,也许你想成为别人的救星？,是别人让你觉得自己是受害者吗？,你认为你可能会以一种控制的方式行事吗？,当事情出错时，您是否总是觉得自己应该受到责备？,你有没有尝试从别人的角度看问题，它有帮助吗？,您是否正在经历一些痛苦的事情，例如与您所爱的人闹翻？,,,,,,,,,,,,,,,,,,,,,,,,,,,
男性,40-49,我今天有几次哭泣的咒语。,天气很糟糕，它让我陷入了垃圾场。,我今天感到有点孤独和悲伤。,,,,,,,你是否觉得你必须成为别人的救星？,你会说是别人造成了你的负面情绪吗？,在内心深处，你是否有一种想要控制另一个人的感觉？,当事情对你不利时，你总是把责任推给自己吗？你总是指责自己的错误吗？,在之前的谈话中，你是否能够考虑其他人的观点？,您是否觉得自己正面临个人危机，例如，与家人、朋友或其他亲人相处困难？,我只是在生气。,我对我的工作很生气。我感到被困在其中，这让我感到沮丧。,我最好的朋友一直表现得像个混蛋，我对她很生气。,,,,,,,您是否觉得有必要成为生活中其他人的救星？,您是否有受害的感觉，并感觉周围的其他人让您有这种感觉？,你身边或生活中是否有人试图控制？,你是否觉得总是你的错？当事情没有解决时，你会严厉地责备和指责自己吗？,您是否会说，当其他观点出现在之前的对话中时，您真的能够考虑这些观点吗？,由于与亲近的人的关系出现问题，您是否觉得自己正在经历个人危机？,,,,,,,,,,,,,,,,,,,,,,,,,,,
男性,30-39,我很好，我想。,我感觉不太好。,我今天很难过。,,,,,,,你认为拯救别人是你的责任吗？,你觉得别人应该为你的悲伤负责吗？,你发现自己试图控制别人的行为吗？,当事情出错时，你总是把责任归咎于自己吗？,在过去的谈话中，你真的努力去了解别人的观点吗？,您是否正处于个人性质的创伤之中，例如与家人或朋友相处的困难？,我生气了。,我很生气。,我感到愤恨和恶意。,,,,,,,你是否觉得有责任拯救另一个人，也许是一个所爱的人？,请告诉我，你觉得你有这种感觉是别人的错吗？,您是否觉得自己想要或需要控制生活中其他人的行为？,当事情出错时，你是否总是认为自己是罪魁祸首？,你有没有想过别人在你的情况下会怎么想或感受？,这种感觉是否给您和您所爱的人带来了更大的问题？它是否导致了个人危机？,,,,,,,,,,,,,,,,,,,,,,,,,,,
女性,40-49,我听说我爷爷感染了新冠肺炎，正在住院。,我最好的朋友本周搬到了全国各地。,我的车需要大修，我破产了。,,,,,,,您是否觉得处于无法帮助他人的境地很困难？,你是否觉得自己的情绪是他人行为的原因？,你想控制局面，还是控制另一个人？,如果我可以问这个，您是否总是认为发生的任何事情都是自己的错？,你有没有想过其他人会如何看待这种情况？,请问你是在家里、工作上还是和朋友相处上有问题？,我的经理骂我所以我很生气,我父母和我吵架所以我很生气,我的朋友让我失望所以我很生气,,,,,,,,,,,,,,,,,,,,,,,,,,,,,,,,,,,,,,,
男性,25-29,我不舒服，我和我女朋友今天分手了。,我真的很难过，因为我和我哥哥吵架了。,我现在很受伤，因为我最好的朋友对我撒了谎。,,,,,,,您是否认为您总是必须将人们从麻烦中解救出来，即使他们是自己创造的？,你是否认为，也许，你没有对自己的感受承担全部责任，这导致你对他人进行猛烈抨击？,有没有可能你只是想控制另一个人的所有想法和行为？,你是否总是为生活中发生的任何负面事情负责，即使你不负责任？,你会说你曾经能够真正走出自己，从不同的角度思考一个情况吗？,在您的个人生活中是否有任何事情让您有这种感觉？,我现在很生气，因为我没有通过考试,我很生气，因为我打破了一个盘子，碎片散落在地板上。,我很生气，因为我最好的朋友没有出现在我的生日聚会上。,,,,,,,客观地看待自己，您是否觉得自己总是需要成为自己故事的主角，并帮助所有人摆脱负面情况？,也许，您现在正在逃避对自己的行为负责，而只是将自己的感受归咎于他人？,你认为你有可能只是想控制另一个人的一举一动吗？,你认为你总是为不是你的错的事情承担责任吗？,当谈到你的谈话时，你认为自己是一个倾听其他观点的人吗？,你觉得你现在的个人生活不稳定吗？您与家人或朋友的关系是否岌岌可危？,,,,,,,,,,,,,,,,,,,,,,,,,,,
女性,30-39,感觉一切都没有希望了。,我当然不是处于最佳状态。,今天不是个好日子。,,,,,,,你是否觉得肩上有一份拯救他人的重担？,如果我问，你今天的感受是否会责怪别人？,您现在是否因试图控制您无法控制的某人或某事而感到沮丧？,你会说你经常对自己太苛刻吗？,请问你觉得可以考虑别人的观点吗？,我希望你不介意我问，但你是否面临困难时期？,我很生气。,我感觉准备好战斗了。,我现在对一切都很生气。,,,,,,,如果我问你这个，你觉得救人是你的工作吗？,谢谢你让我知道。你觉得其他人让你有这种感觉吗？,你想控制一个不合作的人吗？,当坏事发生时，你总是生自己的气吗？,你会说你一般都会听别人的意见吗？,如果我问，你现在是否在为个人问题而苦苦挣扎？,,,,,,,,,,,,,,,,,,,,,,,,,,,
男性,30-39,不好。我的狗今天不得不睡觉。,我的母亲刚刚去世，我无法停止哭泣。,我想没有人爱我。,,,,,,,你觉得你让某人失望了吗？,你觉得别人在试图伤害你吗？,你有没有担心你可能会把你的负面情绪发泄到别人身上？,偶尔为我们的问题责备自己是正常的，但我们应该小心不要把它变成一种破坏性的习惯。你有没有注意到你总是为任何出错的事情责备自己？,你有没有想过拥有一个不同于你自己的观点会是什么感觉？,您现在是否在与他人的关系中遇到重大困难或挑战？,一个白痴差点造成车祸，我很生气。,我对我最好的朋友对我说的话感到不安。,我现在真的很生气。我刚刚因为工作中的晋升而被拒绝，这是因为我的一位同事认为我的想法值得称赞。,,,,,,,有时，当我们生气时，是因为我们想帮助别人，但我们觉得我们做不到，或者他们不让我们做。你是否觉得在你的生命中，有一个你想要拯救或拯救的人？,你觉得有人正在或试图伤害你吗？,您是否担心可能会将这些愤怒情绪发泄到某人身上，并试图控制它们？,当发生伤害我们的事情时责备自己是很正常的，但如果我们总是这样做，它可能会积聚成非常愤怒的情绪。你认为你总是为每一个错误都责备自己吗？,当发生让你生气的事情时，你有没有想过替别人着想？,很抱歉你生气了，我想知道这是否可能是更大事情的征兆。您最近生活中是否发生了其他重大困难？,,,,,,,,,,,,,,,,,,,,,,,,,,,
男性,25-29,今天真的有点沉重。,不太好，失望，沮丧。,今天有点感觉乌云笼罩着我。,,,,,,,你有没有感觉到或想到任何让你有想要拯救别人的冲动的事情？,你会说你有这些情绪的原因完全是因为别人吗？,您是否有任何想法可以控制他人或试图控制他们？,你会说当出现问题时，你觉得责任总是在你身上吗？,你有没有想过别人的观点，你有没有花时间去探索他们？,我想知道现在是否有任何事情感觉比平常大。您是否觉得自己正面临个人危机？,我觉得很可怕，很生气，很可恨。,我感到很愤怒，好像我什至无法直视。,我感到很生气，就像生活是不公平的，我对此很无助。,,,,,,,带着这种感觉，你有没有想过救人？,好的，那么你对周围人的感觉呢？你会说你是在这种情况下遇到麻烦的人，完全是别人的错吗？,好的，然后你想如何表现。现在有没有想要尝试控制你生活中的某个人的冲动？,如何对你生活中发生的事情负责。你是否觉得自己总是要为出错的事情负责？,回想一下你最近的谈话，你还记得别人的想法吗，你有没有进一步考虑过？,是不是感觉现在有什么大事正在发生，比如个人危机？,,,,,,,,,,,,,,,,,,,,,,,,,,,
男性,30-39,我今天感觉不太好。,我很难过。我的心碎了。,这对我来说不是一个好时机。,,,,,,,你认为你需要成为别人的救星吗？,在这种情况下，您是否觉得自己是受害者，将自己的感受归咎于其他人？,老实说，您认为控制某人可以吗，或者您会这样做吗？,当事情出错时，你是否总是不断地责备和指责自己，即使在内心深处你能认识到这不是你自己的错？,在之前的谈话中，你是否觉得自己一直能够考虑不同的观点？,谢谢你。你会说你在个人生活中遇到困难吗？,我不好。我不知道为什么这一切都发生在我身上。,就像我需要冷静,生气的,,,,,,,,,,,,,,,,,,,,,,,,,,,,,,,,,,,,,,,
男性,25-29,我很沮丧，感觉我没有未来,我很痛苦，我已经病了很多年，我找不到治疗方法,我很郁闷，一直找不到女朋友,,,,,,,你相信拯救别人的生命会让你对自己感觉更好吗？,有没有人应该为您所感受到的疾病负责？,在内心深处，当你可以控制或操纵别人做你想做的事时，你会感觉良好吗？,请问您是否总是为生活中的所有错误而责备自己？,为了解决或减轻你的问题，你是否考虑过在之前的谈话中可能向你提出的其他人的观点？,您是否与某些人（例如同事、朋友或家人）遇到过私人问题？你不能满足自己或他人的期望吗？,我真的很生气，他们在学校取笑我，但我对此无能为力,我很生气，我工作组的人无缘无故地排斥我,我太可恨了，我最信任的人以我无法想象的方式背叛了我,,,,,,,你相信帮助或拯救某人会让你更平静吗？,如果我问，你认为你感到这种愤怒是别人的错吗？,你认为你可能需要控制某人，让他们做或说你想要的，以减少愤怒吗？,你是否总是因为发生在你身上的负面事情而对自己感到内疚或生气？,您是否考虑过可以改变您对当前状况的看法的各种观点和观点？,您是否与某些人、家人或朋友有重大的个人问题？,,,,,,,,,,,,,,,,,,,,,,,,,,,
男性,30-39,我很沮丧。,我完全感觉很糟糕,我度过了最糟糕的一天,,,,,,,我想更好地理解为什么你现在正在经历这种消极的感觉。你觉得你需要拯救别人吗？,你会因为你目前的情绪而责怪别人吗？,难道你现在正试图接管别人？,你是否总觉得自己是一切出错的原因？,你会说你是那种在谈话中很乐意考虑别人意见的人吗？,您是否担心您与亲近的人之间的任何个人问题？,我为今天发生的事情感到非常生气。,我对我朋友的行为感到非常恼火。,我对我伴侣的行为方式感到恼火。,,,,,,,会不会因为不帮助别人而生气？,你是否因为感到恼火而责怪某人？,当您生气时，您是否经常发现自己试图控制他人？,你是否总是为发生在你身上的坏事而生自己的气？,在得出结论之前，您是否也倾向于包括其他人的观点？,你是否因为个人的烦恼而生气？你是在工作中还是在家里与人打架？,,,,,,,,,,,,,,,,,,,,,,,,,,,
女性,25-29,我感觉很糟,什么都不好,我不好,,,,,,,你认为拯救别人是你的使命吗？,其他人会因为你的心情不好而受到责备吗？,你觉得有义务控制别人的行为吗？,我想知道您是否认为出现问题时总是责怪自己。,你能自信地说你总是能够考虑别人的观点吗？,你现在是否正在和其他人一起经历微妙和困难的时刻？,我不好，我对我的搭档很生气，因为他说了一些令人恼火的句子,我今天不酷，我很生气,我今天感到非常生气,,,,,,,你相信拯救别人是你的责任吗？,您是否感觉或相信其他人可能伤害了您？,你觉得有义务控制别人的态度吗？,你总是为自己的错误责备自己吗？,你有没有尝试过从另一个角度看待这种情况，以及你目前的情绪？,您是否与您所在环境中的人遇到了您似乎无法解决的问题？,,,,,,,,,,,,,,,,,,,,,,,,,,,
女性,40-49,我很郁闷（苦闷，消沉,我情绪低落,我超级难过,,,,,,,你认为你应该为别人牺牲自己吗？,谢谢，我明白了。如果我问这个，你觉得现在每个人都想找你吗？,如果我问，你认为自己是那种总想掌权的人吗？,如果我问，你是不是总觉得自己搞砸了？,你会考虑别人的想法，并采纳他们的意见吗？,你会不会说你现在的生活太混乱，而且变得势不可挡？,我很生气,我真的很不开心,我讨厌一切,,,,,,,你觉得有必要为别人牺牲自己吗？,你是否觉得现在所有的人和所有人都在反对你？,您是否感觉或愿意控制他人？,无论发生什么事，你总是觉得不对劲吗？,你通常会考虑别人的想法，你重视他们吗？,在危机的边缘，您现在是否真的感到压力很大？,,,,,,,,,,,,,,,,,,,,,,,,,,,
男性,30-39,我好多了。我最近肯定有点发疯。,老实说，不是很好。我的猫刚刚去世。,我快要热泪盈眶了。我最近刚丢了工作，压力真的给我带来了。,,,,,,,你会说你倾向于帮助别人，甚至可能以牺牲自己的幸福为代价吗？,你觉得把你的问题和感受归咎于他人更容易还是更自然？,你有没有觉得你需要控制别人的行为来应对？,你是否发现你似乎总是为出错的事情责备自己，即使你无法控制它们？,您是否能够真正考虑与您交谈的人的观点？,您是否觉得您目前正在经历严重的个人困难，可能是与您的亲人或朋友？,不是很好。最近似乎一切都让我感到沮丧，我需要付出很多努力才能保持冷静。,我不断发现自己不由自主地握紧拳头。我感觉我的神经被击中了，我快要爆炸了。,我不能说我感觉很棒。我和以前一样易怒，我害怕做或说一些我可能会后悔的事情。,,,,,,,您认为拯救或帮助周围的人是您的责任吗？,你会说你的感受可以归因于别人吗？,你认为你最近需要控制你的人际关系吗？,您是否倾向于向内看并为出现的每个问题责备自己？,当你与他人交谈时，你是否能够认真倾听并诚实地考虑他们的观点？,您会说您目前正在经历个人创伤，可能涉及您的亲人或朋友吗？,,,,,,,,,,,,,,,,,,,,,,,,,,,
男性,40-49,不太好。我的狗昨晚死了。,感觉不好。我妈妈昨晚住院了。,不太好。我期末考试不及格。,,,,,,,如果可以的话，您是否认为您可能正在尝试成为别人的救星？,明白了，谢谢，那我再深入研究一下。在这种令人遗憾的情况下，您是否觉得自己是受害者？,谢谢你的回复，很有帮助。试着从外面看自己，你是否觉得你在控制或试图控制别人的行为？,请问您是否一直认为自己是造成问题的主要原因？,谢谢你让我知道。您是否相信您已经探索了所有选项，包括其他人可能向您建议的选项？,很抱歉让您感到难过，为了帮助您，我想深入挖掘一下。如果你不介意我问一下，你正在经历一场艰难的个人危机吗？,极度愤怒！老婆离我而去！,糟糕的！我的室友偷了我的项链！,非常失望！我的老师错误地指责我作弊,,,,,,,感谢您的信任，感受您的感受是可以的。你相信你可以——或者应该——成为别人的救世主吗？,感觉你的感觉是可以的。你相信你是你情绪如此低落的受害者吗？,明白了，谢谢你觉得你可能试图控制别人吗？,谢谢，我明白了。你相信你是所有问题的根源吗？,谢谢你让我知道。你认为你已经考虑了所有的选择，你可以从每个角度来看待你当前的情况吗？,感谢您的答复。如果你不介意我问一下，你现在正在经历个人危机吗？你的人际关系或其他事情是否特别困难？,,,,,,,,,,,,,,,,,,,,,,,,,,,
女性,60-69,我好多了。,我无法停止哭泣。,仿佛有一朵乌云笼罩着我。,,,,,,,您目前的担忧是否与您想要帮助的人有关？,您是否觉得有人以任何方式伤害了您？,你是否觉得有人不接受你的权威，但他们应该接受？,当出现问题时，您是否觉得好像总是要责怪自己？,与您交流过的其他人可能提供了一些建议。其他人提出的任何建议对您有帮助吗？,您是否会说您在与朋友或家人相处时遇到困难？,我非常生气,,,,,,,,,,,,,,,,,,,,,,,,,,,,,,,,,,,,,,,,,
男性,18-24,我不好，我真的很难过,我很难过，我和我男朋友吵架了,我感觉不好，我分手了,,,,,,,难不成你是来救人的？,你会因为你正在处理的这种负面情绪而责怪别人吗？,如果您必须对自己诚实，您是否觉得您可以或想要控制某人？,当事情出错时，你是否总是倾向于责备自己而不管你是否真的犯了错误？,想一想，你有没有真正考虑过其他人过去向你提出的其他观点和观点？,你是否觉得自己遇到了麻烦，没有人可以帮助你？,我不好，当陌生人撞到我的车时，我真的很生气,我感到非常恼火，我在酒吧打架并被禁止在那里,我真的很生气，我看到我丈夫欺骗我,,,,,,,请问你有没有觉得自己应该成为别人的救星？,谢谢你的回答。你会因为你现在的负面情绪而责怪别人吗？,你认为你现在可以试图控制别人吗？,你会说，出了事总是自责吗？,您能否自信地说，您过去一直仔细考虑朋友或家人提出的其他观点？,你会说你现在可能正在经历一些危机吗？,,,,,,,,,,,,,,,,,,,,,,,,,,,
男性,40-49,我觉得有点空虚。我的生活中没有任何事情发生。,我在垃圾场。一切可能出错的地方都出错了。现在杀了我。,今天早上刚看到新闻，我被摧毁了。,,,,,,,您是否认为您的脑海中某处正在发生某些事情，让您觉得自己应该成为生活中其他人的救世主？,我明白了，谢谢。你不开心是因为别人让你感觉不好，就像你被他们伤害了一样，你是受害者？,谢谢，我明白了。你是否有可能很难控制别人？,谢谢你的回答。当事情没有如愿以偿时，您是否觉得自己总是在责备和指责自己？,在您与他人的其他对话中，您是否充分考虑了他们试图提出的观点？,在您的内心深处，这是您正在经历的个人危机吗？你是否感到被你的亲人或朋友伤害？,我需要休息一下社交媒体,这是一个非常糟糕的时刻,这是一个非常紧张的时刻,,,,,,,,,,,,,,,,,,,,,,,,,,,,,,,,,,,,,,,
男性,25-29,不是很好,我今天过得不好,我感觉像废话,,,,,,,成为别人的救世主对你来说很重要，这对你有好处吗？,谢谢你，让我们再回想一下你的这种感觉。你会说你是一个受害者，你会因为你的感受而责怪别人吗？,在回答下一个问题之前，请尝试深入了解您与他人的关系。你觉得你在试图控制某人吗？,我想让你停顿一下，想想你是否总是在出现问题时责备自己？,在之前的谈话中，你有没有停下来倾听并考虑其他提出的意见？,看看您的个人生活，您是否觉得自己正在经历个人危机（与亲人有困难，例如与朋友吵架）？,我对这个世界感到厌恶,一点都不好！,我怎么会在这种情况下？,,,,,,,看看你自己，你是否相信你现在的情绪是因为你渴望成为别人的救星？,你认为你的感觉是因为你把你的感觉有多消极而责怪别人吗？,你有没有停下来想过，如果你有这种感觉是因为你试图控制某人，然后发现你真的是？,你有没有想过这种不好的感觉是否是因为你总是在出现问题时责备自己并指责自己？,老实说，当别人向您提出意见时，您是否真的觉得您总是会考虑并尊重他人的意见？,如果您不介意我问一下，您是否正在经历个人危机，或者您是否与所爱的人有困难？,,,,,,,,,,,,,,,,,,,,,,,,,,,
男性,18-24,不好,我感到沮丧,我不知道我的感受,,,,,,,你认为自己是别人的救星吗？,明白了，谢谢你认为自己是别人的受害者吗？,你有没有觉得你在试图控制某人？,也许你会说，当出现问题时，你总是责怪自己？,在谈话中，你通常会考虑其他人的观点吗？,你和你爱的人有什么困难吗？,我生气,我他妈不知道,我想打人,,,,,,,你认为自己是别人的救世主，还是觉得自己对生活中的某个人过于负责？,你认为自己是别人行为的受害者吗？,你有没有觉得你试图让某人处于你的控制之下？,当出现问题时，你是否经常责备自己？,在之前与您生活中的人的讨论中，您是否检查并采纳了与您自己不同的任何观点？,请问此时此刻您与亲人是否有重要的问题，或其他重大问题？,,,,,,,,,,,,,,,,,,,,,,,,,,,
男性,40-49,不太好，这是同一个狗屎不同的日子。,她就是不和我说话了，我不知道该怎么办。,我想我很沮丧，我只是累了……你知道吗？厌倦了这一切。,,,,,,,你认为别人的问题应该是你要解决的问题吗？,你认为这是别人的错，有没有人让你感觉不好？,您是否认为自己可能会过度参与，试图控制不该控制的人？,你是否总觉得问题是你自己的错？,你有没有退后一步，从各个角度考虑，站在别人的角度看你的情况？,你现在的生活中有什么重大的个人问题吗？,我对我的父母很生气，他们总是试图控制我。,我不敢相信她欺骗了我，我现在非常受伤和生气。,我的老板一直在贬低我，我再也受不了了。,,,,,,,你觉得你是在试图拯救某人，干预他们的行为吗？,有没有人会因为你的感受而受到责备？,你认为这种情况，以及其中的人，是你试图支配的东西吗？,当事情出错时，你是否觉得总是你的错？,你有没有站在对方的角度，站在对方的角度看这个情况？,请问你现在的生活有什么大问题吗？,,,,,,,,,,,,,,,,,,,,,,,,,,,
女性,25-29,我今天有点不高兴。,我今天过得很糟糕。,今天和男朋友吵架了,,,,,,,你觉得有人需要你的帮助吗？,你觉得这些情况是别人行为的错吗？,你是否觉得自己正试图为别人的行为负责？,您是否觉得自己在对自己进行评判，并在逆境中总是责备自己？,您认为还有其他方法可以查看这种情况吗，其他人的建议是否可以帮助您找到它？,您现在是否正在经历艰难时期，是否与朋友或亲人闹翻了？,我对上周在工作中发生的事情感到很生气。,我在想我最近和妈妈吵架，这让我很生气。,我很生气我的老板不让我加薪。,,,,,,,你是否试图以牺牲自己的幸福为代价来帮助别人？,你会说是别人让你有这种感觉吗？,你觉得你最近需要为别人的行为负责吗？,当负面事件发生时，你是否总是把额外的责任归咎于自己？,你认为还有另一种方式来看待这种情况吗？,我想知道您现在是否正在经历特别困难的时期。,,,,,,,,,,,,,,,,,,,,,,,,,,,
女性,30-39,我很沮丧，我今天应该去看我爸爸，但他不得不重新安排时间，我很想念他。,我感到沮丧，因为我找不到放松的方法。,我很难过。我的狗死了，我无法承受伤害。,,,,,,,忠诚和乐于助人总是美好的美德，但是，如果我们开始忘记自己的幸福，它们就会变得不健康。您认为专注于帮助他人比成长和专注于自己更重要吗？,您是否认为其他人正在让您做某事，或者正在以某种方式伤害您？,当涉及情绪时，总是很难保持客观，但如果可以的话，我希望你尝试一下。你是否觉得你总是更关注别人在生活中所做的事情，而不是你在生活中所做的事情？,在面临挑战或对抗性的情况时，您是否倾向于将事情个人化，总是将所有责任归咎于自己？,回想以前的情况和与他人的对话，您是否曾经跳出思维过程并思考可能挑战您的观点？,您在个人生活中是否遇到任何困难或面临危机？,我生自己的气。,我很生气我的老板写信给我。,我以前从来没有这么生气过，我只是被诬告偷窃。,,,,,,,你认为在你生命的这一刻，你应该专注于拯救别人吗？,有时别人让我们受苦，但有时可能是我们逃避为自己的行为和选择承担责任。你觉得你因为别人而受苦吗？,老实说，您是否认为自己将时间和精力集中在控制他人的行为上？,当出现问题时，您是否觉得自己总是要承担所有后果？,你有没有花时间考虑过你的观点之外的其他观点？,您是否正面临个人危机，或者您是否与家人、朋友或亲人闹翻了？,,,,,,,,,,,,,,,,,,,,,,,,,,,
男性,25-29,一点都不好，我只是丢了工作。,没有什么是我的方式，我从来没有足够的钱做一切。,糟糕的。汽车无法启动，这真的让我失望。,,,,,,,,我想知道你是否感到被周围的人理解或对抗；这对我能够帮助你很重要。你认为你周围的人理解你还是他们实际上是问题的一部分？,你觉得让别人控制自己很舒服吗？,当你情绪低落时，你是否总是为生活中的错误而责备自己？,过去，在与他人交谈时，您是否站在他们的立场上？,您是否觉得在日常生活中与亲近的人有麻烦？,生气了，彻底结束了这一切。我刚出去工作。,生气又生气。我周围没有人在听我说话。,一点都不好。我很生气，刚刚和我的伙伴吵架了。,,,,,,,你有没有觉得你总是试图照顾别人，而不是你自己？,我理解你很生气，你很受伤。你认为你周围的人正在造成你正在经历的负面情绪吗？,如果我问你这个，你觉得你需要控制吗？,您是否总是觉得自己是造成问题的人？,你有没有从别人的角度看情况，你觉得有用吗？,你会说你的大部分问题都围绕着你现在最亲近的问题吗？,,,,,,,,,,,,,,,,,,,,,,,,,,,
女性,18-24,我感觉不太好，我被诊断出得了一种可怕的疾病。,我今天很伤心，昨晚我失去了一位亲爱的朋友。,我感到非常难过，我出了车祸，我的车抛锚了。,,,,,,,你相信即使牺牲自己的幸福，你也能帮助别人吗？,你是否觉得有人对你的负面情绪负有部分责任？,你是否在不知不觉中试图控制你周围的人？,即使是不公平的，您是否总是倾向于为生活中发生的所有不好的事情责备自己？,每当有人向您提出这些观点时，您是否尝试过仔细查看其他人的观点？,现在，在你的朋友或家人圈子里，有什么事情困扰着你吗？,请别打扰我,不要打扰我,像个傻逼,,,,,,,,,,,,,,,,,,,,,,,,,,,,,,,,,,,,,,,
男性,30-39,我感觉不太好，昨天和朋友闹翻了,我现在感觉不太好我很伤心,我在我的生活中感到孤独所以我很伤心,,,,,,,你认为，也许，帮助自己也可以帮助别人？,你的处境是否让你觉得好像别人有错？,,您是否总是不公平地要求自己为发生在您身上的事情负责？,,您是否感到与周围的人隔绝，或者您的安全处于某种危险之中？,我不好是因为我的朋友欺负我,我不好，想到我的孩子我很生气,我对我的老板很生气，因为他咄咄逼人,,,,,,,,你觉得你的负面情绪可能是由其他人引起的吗？,在你的生活中，有没有人试图影响他的意见？,您是否觉得意外情况总是要归咎于您？,你认为你能把你的愿景变成另一个观点吗？,,,,,,,,,,,,,,,,,,,,,,,,,,,,
男性,30-39,我有点沮丧。,我不享受自己。,我不想做任何事情。,,,,,,,你是否感到为他人的命运承担责任？,你是否觉得自己受到了伤害，是别人的错？,您是否有可能在强力影响他人的决定和行为？,想一想，你会不会说遇到问题时总是自责？,您是否充分考虑了过去与之交谈的人的观点？,您是否在人际关系中遇到困难（例如与朋友的失败）？,到目前为止，我讨厌我的一天。,今天一切都糟透了。,今天正在失去我的耐心。,,,,,,,你觉得有责任解决别人的问题吗？,你是否觉得自己受到了别人的负面影响？,您是否认为有人没有给您应得的自由，而您必须说服他们？,当事情没有按计划进行时，你是否总是让自己感觉很糟糕？,您是否考虑过其他人在您之前与他们的对话中会如何看待事物？,或许，您的人际关系是否正在发生戏剧性的变化（例如，与朋友或亲人相处不好）？,,,,,,,,,,,,,,,,,,,,,,,,,,,
男性,50-59,不是很好。我只是觉得空虚。,有待改善。我的妻子和家人最近似乎很疏远,有点难过。我父亲最近去世了。,,,,,,,你觉得你被期望去拯救别人吗？,请问您现在是否觉得自己是受害者，而其他人要为您的悲伤负责？,你有没有发现自己责怪或控制你周围的人？,当事情出错时，你是否发现自己总是承担责任？,你会诚实地说你对别人的观点持开放态度吗？,如果你不介意我问这个，家人、朋友有什么问题吗？,不是很好。我想辞掉我的工作。,我觉得很烦躁。,我正在被迫害。,,,,,,,你发现自己相信你必须拯救别人吗？,如果我问，你有没有发现自己因为你的感受而责怪别人？,你是否经常发现自己试图控制别人？,当事情出错时，您是否发现自己总是要承担责任？,你容易考虑别人的观点吗？,你现在是否发现自己压力很大，与同事、朋友或家人有问题？,,,,,,,,,,,,,,,,,,,,,,,,,,,
男性,18-24,我感觉不好。我发烧了。,由于和朋友吵架，我很沮丧。,我无法集中注意力，感到孤独。,,,,,,,你相信有值得你拯救的人吗？,你认为有人要为你的负面情绪负责吗？,如果你想一想，你现在想要控制你生活中的某个人的力量吗？,当你的生活出现问题时，你是否认为总是你的错？,你觉得在之前的谈话中你是否充分考虑了其他观点？,你正在经历艰难的时期，还是个人危机？如果是这样，你可以告诉我。,我今天真的很生气。,这是非常糟糕的一天。,我朋友的行为让我很生气。,,,,,,,您是否自费让他人安全？,你现在是否因为别人而感到难过？,你会说你可能试图控制某人吗？,你是否觉得，在内心深处，你总是为发生的任何不好的事情而对自己大喊大叫？,,,,,,,,,,,,,,,,,,,,,,,,,,,,,
女性,50-59,我真的很沮丧，很沮丧，我在任何地方都找不到工作。,我失去了动力，似乎永远无法提高我的成绩，我很难过。,我觉得很糟糕，我的女朋友甩了我，现在我没有人了，我真的很沮丧。,,,,,,,你觉得你可以做些什么让别人变得更好吗？,您是否觉得您对此不承担任何责任，而其他人应该为伤害您而负责？,是否涉及权力斗争，需要有人获胜？,您是否总是觉得自己是错的人，即使您不应该这样做？,你通常能把自己放在别人的位置上吗？,请问你最近压力大吗？,我像大黄蜂一样生气，我想打人。,我总是被踢倒，我真的很生气！,受够了被虐待，我从来没有这么生气过！,,,,,,,你有没有觉得你更关心别人的需要而不是你自己的需要？,是不是有时，您将自己犯下的错误归咎于他人，或者倾向于逃避内疚？,,您是否通常觉得自己应该做一些不同的事情，您是否经常质疑自己的行为？,您是否能够在不立即判断或争论的情况下查看其他观点？,我想知道您的生活总体情况如何。最近有没有什么重大的令人痛心的事件或挑战？,,,,,,,,,,,,,,,,,,,,,,,,,,,
男性,30-39,我真的很郁闷。我所做的一切都不值得。,真的不好。我想我的婚姻结束了。,我每天都很难过，自从那次事故后我一直很痛苦。,,,,,,,你是否觉得你的行为是在试图解决问题、帮助某人或使事情对某人有利？,有没有其他人让你难过？,你觉得你可能试图影响或改变别人的行为吗？,请告诉我，当事情出错时，你总是把责任推给自己吗？,谢谢你的回答。您是否能够考虑在之前的对话中向您提出的替代观点和意见？,在您的个人生活中，您目前正在经历什么特别困难的事情吗？,我真的很生气，我今天在工作中无法完成任何事情。,生气了，我的朋友真的很烦人。,生气的。工作中的人期望我做任何事情！,,,,,,,你认为你的感情可能是因为你试图用你的行为帮助、拯救或救赎别人吗？,没关系，谢谢你让我知道。您是否觉得，也许是某人或某事引起了您的负面情绪？,你认为你的行为会被别人认为是控制吗？,当出现问题时，您是否总是觉得自己应该受到责备？,你真的觉得你在之前的谈话中总是能够考虑其他观点吗？,请问，您目前是否有任何具体的个人或情感上的困难？,,,,,,,,,,,,,,,,,,,,,,,,,,,
女性,40-49,我今天很伤心，似乎什么都不对。,我失去了所爱的人，从那以后我就没有真正感到快乐。,我真的很沮丧，我感到沮丧，没有动力。,,,,,,,请问您是否相信将他人从问题中解救出来是您自己的责任？,非常感谢您的回答。我现在想问你，你是否认为自己是这种情况的受害者，而你的痛苦感觉应该归咎于其他人。,再次感谢，这对我的理解很有帮助。可能是你试图控制或操纵别人做你想让他们做的事情？,我明白了，谢谢你花时间回答这个问题。请问您是否觉得自己有一种总是将问题归咎于自己的倾向？,你是说在之前的谈话中，你总是倾听别人的观点，花时间仔细考虑他们的观点吗？,感谢您到目前为止的回答。请问您现在是否觉得自己正在经历个人危机，或者您是否正在与周围的人遇到难以处理的人际关系困难？,我现在很生气，我不敢相信我被当成了傻子。,我真的，真的很生气。我觉得我可以炸了。,我对我的伴侣对我撒谎感到生气。,,,,,,,如果我问，在这种情况下，您是否觉得自己是在努力拯救或拯救其他人？,谢谢您的回答。我现在想问你，你是否觉得自己是受害者，让你有这种感觉应该怪别人。,再次感谢您帮助我了解情况。您是否有可能试图控制或操纵生活中的其他人？,我明白了，谢谢你的耐心。如果可能的话，我想知道您是否认为每当发生不好的事情时，您可能总是倾向于责备自己。,你会说你在之前的谈话中一直考虑其他观点，充分考虑其他人的意见和建议，而不是让他们闭嘴吗？,如果我问，您是否觉得您与朋友、家人或亲人遇到了难以控制的困难？,,,,,,,,,,,,,,,,,,,,,,,,,,,
女性,30-39,我今天好难过。,我感觉有点虚弱和沮丧。,我没有太多精力去做任何事情。,,,,,,,感谢您迄今为止的合作。请问您是否觉得有必要将生活中的其他人从他们自己的问题中解救出来？,我明白了，谢谢。您是否觉得自己是其他人行为的受害者？,谢谢你。你会说，也许你正试图控制别人，让他们做你想让他们做的事，或者说你想听的话？,谢谢，我明白了。你是否觉得你总是为你面临的问题责备自己？,感谢您的信任，请帮助我更好地理解。你是说，在之前的谈话中，你一直愿意听取别人的看法和意见吗？,谢谢你。我想知道您是否因为与朋友或家人的问题而正在经历特别困难的时刻。,我今天很生气。,我恨这个国家！,我对这里的情况很生气，我真的很讨厌职业政治家。,,,,,,,我可以先问你，你是否觉得有责任拯救你生命中的其他人？,我明白了，谢谢。在这种情况下，您是否可能将自己视为受害者？,我明白了，谢谢。控制行为呢？你有没有向其他人展示过这些？,我明白了，谢谢你到目前为止的回答。如果我问，你觉得你是那种一出事就总是自责的人吗？,再次感谢您今天的耐心等待。我想知道您是否真的相信，您在之前的讨论中一直仔细考虑其他人的观点。,谢谢你对我敞开心扉，我想帮助你放下消极的想法。是否因为与家人或亲人的问题，您现在正在经历一段特殊的痛苦？,,,,,,,,,,,,,,,,,,,,,,,,,,,
男性,50-59,不好，我感到孤独,我很无聊，我一个人在家,疫情让我蒙受了损失,,,,,,,,,,,,,滚蛋,我想让我为了杀他而自杀的朋友起死回生,我讨厌我的女孩,,,,,,,谢谢你，你做得很好。如果我问你，你发现自己在努力拯救你周围的人吗？,我看到有些事情困扰着你。你觉得有人在伤害你吗？,再次感谢您的合作。我可以问一下，您是否对某个人感到如此负责，以至于您可能试图控制他们？,你是不是总觉得自己摸到的东西都坏掉了，犯错总是过分自责？,请问在日常生活中，您是否会认真倾听朋友的意见，而不总是有提出自己愿景的冲动？,我知道这对你来说不是一个好时机，也许还有更重要的事情发生。您是否正在经历个人危机，面临涉及生活中其他人的无法处理的问题？,,,,,,,,,,,,,,,,,,,,,,,,,,,
男性,40-49,我很难过,我感到孤独,我情绪低落,,,,,,,你觉得你应该成为别人的救世主吗？,感谢您分享这个。你能告诉我你是否认为自己是受害者，把你的负面情绪归咎于别人吗？,谢谢你让我知道这件事。你能告诉我你是否觉得你在试图控制某人吗？,感谢您分享这个。你能告诉我你是否觉得当事情出错时你总是在责备和指责自己吗？,你能告诉我你是否觉得你通常能够考虑和学习别人的观点？,感谢您的耐心等待，我真的很感激。你能告诉我，你是否觉得在你生命中的这一刻正在经历个人危机，在工作或家庭中遇到严重的困难？,我不好,我感到有压力,我累了,,,,,,,你能告诉我你是否想拯救别人、朋友或所爱的人吗？,你能告诉我你是否认为自己是一个受害者，把你的负面情绪归咎于别人吗？,你能不能看看你自己，告诉我你是否觉得你在试图控制某人？,当出现问题时，您是否觉得自己总是在责备和指责自己？,老实说，您能否告诉我，在之前的对话中，您是否真的考虑过其他观点和观点？,你觉得你现在可能正在经历个人危机吗？,,,,,,,,,,,,,,,,,,,,,,,,,,,
男性,40-49,空是轻描淡写,今天是我想成为钉在墙上的钉子的日子之一。然后就站在那里,比平时更没用,,,,,,,谢谢，现在我想问你一个简单的问题，以便我能更好地理解。拯救别人会让你快乐吗？,,,您是否总是仔细考虑负面事件并想知道如果事情变得不同会发生什么？,你认为自己是一个思想开放、喜欢听别人意见的人吗？,如果你有一根魔杖，现在有没有人会从你的生活中消除，以便感觉更好？,我有更好的日子,你有奖金问题吗？,比昨天更糟,,,,,,,我想问你，即使是自费帮助别人，你是否是天生的？,,有时我们会后悔自己的生活没有始终处于掌控之中，并因此试图控制他人。你觉得你可能试图控制某人吗？,如果我告诉你，你可能对自己太苛刻了，你会同意吗？,你认为自己是一个能够真正倾听他人意见的人吗？,,,,,,,,,,,,,,,,,,,,,,,,,,,,
女性,60-69,我感到沮丧和悲伤,我被悲伤淹没,我感到悲伤和沮丧,,,,,,,你觉得你必须照顾其他人吗？,也许，您现在是否觉得世界与您为敌？,下面的问题可能感觉有点直接，但请尽量诚实地回答。你会说你现在觉得有必要控制某人或某事吗？,想想你过去对自己的感觉，你会说你觉得一切都是你的错吗？,你会说你善于从不同的角度看情况吗？,感谢您如此耐心和合作。如果你不介意，我希望你告诉我你是否觉得你此刻正在挣扎。,我对我的老板很生气，因为他总是冲我大喊大叫,我生自己的气，因为我不能减肥，也没有自制力,我很生气，因为生活太不公平了,,,,,,,你通常觉得要为别人的感受负责吗？,,,谢谢你。当事情出错时，你是否觉得总是你的错？,我想知道从另一个角度来看这个是否有用，你有没有尝试过？,你是否觉得你现在生活中有无法解决的问题？,,,,,,,,,,,,,,,,,,,,,,,,,,,
女性,60-69,今天心情真的很低落,我感觉像一块湿抹布,我一点都不舒服……我完全心灰意冷,,,,,,,您现在的心情是否取决于您无法帮助所爱的人这一事实，您是否因此而感到内疚？,我明白。在这种情况下，其他人是否是问题所在，也许是您亲近的人对待您的方式？,我明白了，也许你的悲伤可能是因为无法从别人那里得到你需要或期望的东西。可能是您试图控制某人但无法控制，这让您感到沮丧？,当您无法实现目标时，您是否总是倾向于责备自己，即使责任实际上应该归咎于其他人？,您是否曾尝试从外部看自己，并通过更广阔的镜头看周围的世界，而不受任何偏见的影响？,我知道这可能很艰难，所以感谢您如此耐心地回答所有问题。您最近是否经历过强烈的情绪压力，或者您是否感到被朋友或亲人误解？,今天我觉得自己很糟糕！,我对全世界都很生气！,看，如果可以的话，我会打破一切，包括这台该死的电脑！,,,,,,,让我们试着了解是否有更深层次的事情让你感到这种愤怒。最近有没有发生什么事情，你是否对某个人感到内疚，也许……一个你无法帮助的人？,谢谢，那么我们需要在别处寻找导致您负面情绪的原因。是其他人让您有这种感觉，例如您的家人或工作中的某个人吗？,我想知道您的愤怒是否部分是由于缺乏控制和对它的渴望引起的。您是否感到无法但又想控制所爱的人或工作中的某个人？,即使后果并不直接取决于您自己的行为，您是否总是对周围发生的一切负责？,作为一种习惯，你会说你热衷于考虑除你自己之外的其他观点吗？,您与朋友和亲人的关系如何，您最近是否发现难以与他们建立联系？,,,,,,,,,,,,,,,,,,,,,,,,,,,
女性,40-49,刚过，最近没太多精力做事,我很高兴你问这个问题，因为我最近真的很糟糕。我想我很沮丧。,好吧，我该从哪里开始呢。我很难过，我很难打字。,,,,,,,我想了解一下您如何看待自己在社交圈中的角色。你是否经常觉得救人是你的工作，或者别人希望你这样？,没关系，谢谢你让我知道。有没有人因为你的悲伤而特别责备谁？,会不会是为了改善自己的处境并让自己感觉更好，您正在尝试控制生活中的其他人？,谢谢你让我知道。你会不会说你很容易自责，经常因为出了问题而责备自己？,您会认为自己是一个很容易听取他人观点和意见的人吗？,我想知道你的悲伤是否可以在更广泛的问题上解决。您在生活中是否遇到任何重大问题，例如，您是否与所爱的人闹翻了？,我对我的老板很生气，她总是那么苛刻，根本不考虑人们的心理健康,我对我的伴侣在房子周围无所事事感到生气,我工作，我做饭，我打扫卫生，他们还想让我做什么！,,,,,,,谢谢你和我分享这个。为了我能更好地帮助你，你能告诉我，你是否一直觉得生活中比平时更需要帮助别人，或者拯救他们是你的责任？,好的，谢谢你让我知道。也许您已经陷入一种心态，将自己视为受害者，而其他人是肇事者？,当我们觉得自己的生活很少或没有时，我们可能会渴望控制。可能是你希望或试图控制你生活中的某个人？,好的，感谢您回答这个问题，还有任何内疚或有罪的感觉。每当出现问题时，您是否倾向于觉得自己有错？,谢谢你，这有助于我更好地了解你。你相信你是一个能够听取别人建议并付诸实践的人吗？,你知道，我想知道这种愤怒是否有更深的根源。您的生活中是否有任何重大事件、危机或与您关心的人发生重大关系？,,,,,,,,,,,,,,,,,,,,,,,,,,,
女性,25-29,感觉空虚，吃不下睡不着,自从他离开我我真的不想再活了,我不能再这样下去了，太痛苦了,,,,,,,是否有可能因为无法拯救生活中需要拯救的人而导致您的悲伤？,我同情你现在所经历的悲伤。我想知道，在你的生活中，有没有人让你觉得应该为你的悲伤负责？,你的悲伤会导致你对某人变得操纵吗？是否可能是您试图让某人做或说某事以让自己感觉更好？,嗯，我明白了，谢谢你花时间回答所有这些问题，我仍在努力找出最好的帮助方式。你会说当出现问题时，你有把矛头指向自己的倾向吗？,谢谢你。如果你不介意，我想知道你是否认为自己是一个思想开放的人，能够不加评判地倾听别人的意见。,你的悲伤是否与一些更大的问题有关，比如你和你所爱的人之间的人际关系危机？,一切都很糟糕，我讨厌我的生活,哦，甚至不要让我开始！,我现在很生气我会打人,,,,,,,让我们试着找出让你感到这种愤怒的更深层次的原因。可能是因为您无法将生活中的某个人从他们自己的问题中解救出来而感到沮丧吗？,我明白了，那么受害的感觉呢，这些有时会让我们对这个世界感到愤怒。你觉得别人在伤害你或利用你吗？,好的，谢谢你，那我们需要去别的地方看看你为什么会有这种感觉。可能是你有控制你认识的人的言行的愿望，但这种愿望让你感到沮丧？,嗯，那么也许你内心深处觉得这是你造成的。你是否总是为自己的错误或失败而责备自己，不管你对它们负有多大的责任？,您是否觉得自己通常能够走出自我，以全新的眼光看待情况？,我想知道你的愤怒是否会被隐藏在表面之下的更大的东西触发。您最近在个人生活或职业生活中是否遇到了非凡的困难？,,,,,,,,,,,,,,,,,,,,,,,,,,,
女性,30-39,不好，我认为什么都不会改变。,非常难过，我今天没有精力。,所以，我今天的心情很阴郁。,,,,,,,你相信你可以通过帮助别人来帮助自己吗？,你有没有觉得别人要为你现在的感受负责？,你认为你可能拥有或渴望影响他人的力量吗？,当出现问题时，您是否总是感到有责任感？,在过去的谈话中，你是否总是考虑到别人的意见，即使他们与你看待世界和自己的方式相去甚远？,您是否会将您生命中的这一刻描述为一个紧张而复杂的时刻，您、您的人际关系和情感都受到了强烈挑战？,不好，我今天过得很糟糕。,沮丧，我很生气，我不知道为什么。,好吧，但我觉得很烦。,,,,,,,如果您与您现在的感受联系在一起，是否需要感觉对某人有用？,你认为有人会对你现在的感受负责吗？,谢谢你，那么你控制或影响他人的能力呢？您是否觉得自己已经或需要对他人产生影响？,你是否总是觉得自己是发生在你身上的困难或麻烦的主要责任人？,在之前的谈话中，您是否考虑并考虑过向您提出的任何其他观点？,你认为你的人际关系可能有困难，难以与他人交流感情或爱吗？,,,,,,,,,,,,,,,,,,,,,,,,,,,
男性,40-49,我今天很伤心，因为我和我的伴侣吵架了,我今天感到很沮丧，因为我今天收到了一位客户的不愉快评论,最近我失去了我的祖父，我感到很沮丧,,,,,,,在回答以下问题之前，请尝试仔细考虑您最近的过去。最近，您是否觉得自己有责任拯救周围的人，以牺牲自己为代价来帮助他们克服问题？,感谢您的回答，让我们看看是否还有其他事情困扰着您。你觉得最近有人虐待你或伤害你吗？,谢谢你的回答，我一直在这里理解和帮助你，从不评判。你有没有可能试图掌控别人的生活？,没关系，谢谢。您是否认为您最近总是在为某事责备自己？,有时，只要我们能够倾听，其他人也许能够帮助我们弄清楚情况并变得更强大。你认为自己是一个好的倾听者吗？,您现在是否有可能正在经历一些特别困难的事情，这对您的生活产生了灾难性的影响？,我开始想我哥哥什么时候离开并生气,我今天很生气,这一刻我无法控制自己,,,,,,,在回答这个问题之前，请试着仔细想想你最近的过去。最近，您是否觉得自己有责任拯救周围的人，以牺牲自己为代价来帮助他们克服问题？,感谢您的回答，让我们看看是否还有其他事情困扰着您。你觉得最近有人虐待你或伤害你吗？,我明白。你有没有可能试图掌控别人的生活？你可以老实告诉我，我是来帮忙的，不是来评判的。,没关系，谢谢。您是否认为您最近总是在为某事责备自己？,有时，只要我们能够倾听，其他人也许能够帮助我们弄清楚情况并变得更强大。你认为自己是一个好的倾听者吗？,您现在是否有可能正在经历一些特别困难的事情，这对您的生活产生了灾难性的影响？,,,,,,,,,,,,,,,,,,,,,,,,,,,
男性,40-49,我很痛苦，我已经好几个星期没能让自己做任何事情了。,真的很低，我发现大多数日子都很难起床。,所以，目前似乎没有什么能让我开心。,,,,,,,您是否经常发现自己扮演了一个好撒玛利亚人的角色，您正在努力帮助甚至纠正他人为自己的利益？,你是否发现别人经常为你周围的错误负责？,您是否发现自己花费了大量精力试图改变周围人的行为和行为？,当发生错误或事情没有按计划进行时，您是否经常自己承担？,在与他人交谈时，您是否觉得在形成自己的观点和意见时允许自己接受不同的观点和意见？,您现在在个人生活中是否正在经历任何困难或创伤？,真的很生气！我的老板根本不尊重我的时间！,被惹毛了！交通是一场噩梦，有人把我拦住了，我差点撞上他们！,我压力好大！我整整一周都没有时间独处！,,,,,,,你认为你的行为是出于拯救或帮助某人的愿望吗？,你的感受是别人行为的结果吗？在这种情况下，您认为自己是受害者吗？,您是否有可能试图改变或影响他人的行为？,当您周围出现问题时，您是否发现自己总是或经常将自己定位为该受责备的人？,在您的日常互动中，您是否经常发现当出现不同的观点时，您愿意改变主意？,你现在在你的个人生活（例如你的爱情生活，或与朋友或家人）中是否遇到任何困难或戏剧性的问题？,,,,,,,,,,,,,,,,,,,,,,,,,,,
女性,40-49,心情低落，男朋友跟我分手了,感觉自己在坑底：刚丢了工作,我感到很孤独，因为我的朋友不会参加我的生日聚会。,,,,,,,你觉得多帮助别人可以改善你自己的情况吗？,你认为你情绪低落是别人的错吗？,你觉得如果别人改变了他们的行为方式，你的生活会更轻松吗？,你是否总是觉得你应该做更多的事情来防止糟糕的情况发生？,别人的意见对你有价值吗？,这些天您在与朋友或家人的关系上有困难吗？,我感到压力很大，我对我的男朋友很生气，因为他总是迟到而不提前通知我。,我很生气，因为我的狗在我外出工作时撕毁了我最喜欢的沙发。,我很生气，我刚刚发现我的丈夫和一个同事在欺骗我。,,,,,,,您是否觉得即使他们犯错，为他人提供支持并支持他们对您来说非常重要？,您是否觉得其他人经常表现不佳或对您不尊重？,您是否觉得自己在尝试改变其他人的行为方式上付出了太多努力？,当出现问题时，你是否总是觉得你可以做得更多或不同？,我明白了，谢谢。当您进行对话时，您通常会征求其他人的意见和反馈吗？,这些天您是否遇到困难或与他人相处有困难？,,,,,,,,,,,,,,,,,,,,,,,,,,,
女性,30-39,,,,,,,,,,,,,,,,,,,,,,,,,,,,,,,我感觉很焦虑，我在等那个工作项目的回音,我其实很担心这个结果，我不敢再问了,实际上不是很好，对此感到有些焦虑,我很抱歉听到这个。有没有发生过让你有这种感觉的事情？,这很难。那是最近发生的还是不久前发生的？无论哪种方式，您的感受都是完全有效的。,我想知道，您是否认为尝试使用协议 6 来重温事件，如果您这样做了，可能会导致这种感觉吗？,我想知道，您是否认为尝试使用协议 11 重新审视该事件（如果您这样做了）可能会导致这种感觉？,我很感激你觉得很舒服与我分享。您是否愿意分享更多信息以便我可以提供帮助？,您认为您最近是否有过以下情绪：,,,,,,,我很好谢谢！,今天心情很好，睡得很好！,做得好谢谢,,,,,我在这里有一些可能会有所帮助的选项。请选择您现在要查看的协议。,花点时间通读一遍以理解，如果可以，请尝试通读整件事。完成后只需点击“继续”按钮。,你感觉更好还是更糟？,听起来还不错。会做更多的帮助吗？,我很抱歉听到这个。我们应该尝试另一个吗？
男性,18-24,,,,,,,,,,,,,,,,,,,,,,,,,,,,,,,因为明天要考试所以我感到紧张,我很担心，因为我没有做作业,我感到害怕，因为我不确定我将来想要什么职业,作为你的朋友，你可以随时告诉我任何事情，我会尽我所能帮助你。你能告诉我是否发生了让你有这种感觉的事情吗？,我明白。你能告诉我这个事件的时间，以便我进一步了解是什么让你感到焦虑，是最近的还是遥远的？,我知道这件事让你很痛苦。你最近有没有重温这个事件，试图找到它的结局，但它所做的只是把你在事件中无法忍受的情绪带回来？,我知道这件事让你很痛苦。你最近有没有重温这个事件，试图找到它的结局，但它所做的只是把你在事件中无法忍受的情绪带回来？,谢谢您，您的健康状况对我来说非常重要。我现在会问一些关于你自己的问题，希望能减轻这种痛苦。,我知道您正在经历一个艰难的时刻，我相信深入了解这些情绪的本质将帮助我了解最好的方法，以帮助摆脱您的痛苦。您是否曾经对一个人或多个人感到或表达过以下任何情绪：,,,,,,,我感觉很好，因为我刚刚发现我通过了考试,我感到很高兴，因为我进入了我梦想中的大学,我的足球队赢得了世界杯，我感到很满足,,,,,我会给你一些协议建议，但决定必须来自你，因为你最了解自己。您能否选择您认为最适合您的协议？,我建议你现在就尝试这个协议，这可能很困难，但只要尽力而为，就会好的。完成协议后，按“继续”按钮，然后我们可以讨论一下，如果您愿意的话。,我知道执行协议可能很困难且要求很高。你现在感觉如何，你会说你感觉更好还是更糟？,这真是个好消息！您想尝试不同的协议吗？,好吧，那很不幸，我道歉。有许多不同的协议可供选择，那么您想尝试另一种协议吗？
女性,40-49,,,,,,,,,,,,,,,,,,,,,,,,,,,,,,,说实话，我真的很担心事情。,感觉现在的生活有点压倒性的。,我总是忍不住感到害怕。,我了解您感到焦虑。请你能告诉我更多关于这个吗？焦虑是由一个或多个特定事件引起的吗？,我知道了。你介意告诉我这是最近发生的还是过去发生的？,您可能知道，协议 6 可用于检查此类事件。您有使用协议 6 的经验吗？而且，如果是这样，您是否发现它使与过去事件相关的困难情绪浮出水面？,您可能知道，协议 11 可用于检查此类事件。您有使用协议 6 的经验吗？而且，如果是这样，您是否发现它使与过去事件相关的困难情绪浮出水面？,非常感谢你与我分享这个，我知道这不是一件容易的事。如果您能接受，我还想再问您一些问题，以便我更好地了解您的情况。,你告诉我你一直感到焦虑，现在我想更广泛地询问你的情绪状态。下面的情绪怎么样，你有没有强烈地感受过这些情绪，或者向别人表达过这些情绪：,,,,,,,我觉得这个世界好像一切都很好。,一点也不差。,对我来说一切都很顺利。,,,,,根据您与我分享的内容，我认为这些建议适合您。请您告诉我您想尝试哪些协议？,感谢您的选择，您现在应该可以看到协议了；请看看你是如何处理它的。完成后，您可以按“继续”。,感谢您完成协议。你会说你感觉比以前更好还是更糟？,听起来还不错。您想尝试其他协议吗？,我很抱歉听到这个消息。您想尝试其他协议吗？
女性,30-39,,,,,,,,,,,,,,,,,,,,,,,,,,,,,,,我不知道，你为什么要问我？谁让你问我的？,嗯，不太好，嗯，我真的很担心发生了什么，我整个星期都没睡觉。,我今天过得不好，你能帮帮我吗？请帮帮我，你会帮我吗？,我听到了你的感受。为了支持你，你能告诉我是否有一个特定的事件引起了你的感受？,好的谢谢。你能告诉我这是最近发生的事情，还是前一段时间？,您最近是否通过协议 6 重新审视了该事件的创伤，这就是您现在感到焦虑的原因吗？,您最近是否通过协议 11 重新审视了该事件的创伤，这就是您现在感到焦虑的原因吗？,谢谢你，到目前为止你真的很勇敢地分享。我想看看我是否可以通过问你几个问题来了解你的感受和这些感受的原因来支持你，你可以吗？,为了帮助您，请您指出您是否对他人有以下任何情绪：,,,,,,,杰出的！我度过了最美好的一天！！,一切都很好，谢谢，没有抱怨！,是的，很好，谢谢。,,,,,因此，根据我们所讨论的内容，我有以下建议供您选择。请选择您现在要尝试的协议。,谢谢你。现在我希望您通读并遵循协议，完成后按“继续”。,谢谢你，欢迎回来。现在你已经完成了，你感觉如何？,这是非常积极的。你想试试另一个吗？,好的，我知道你的感受了。我可以提出不同的建议供您尝试吗？
男性,60-69,,,,,,,,,,,,,,,,,,,,,,,,,,,,,,,我感到非常焦虑，而且一点也不舒服。,我的心情真的很低落，实际上很害怕。,我今天的心理健康一点都不好,我了解您可能感到焦虑，如果您能提供更多详细信息，我愿意帮助您。认为这可能与任何特定事件有关吗？,谢谢，这可能有助于我知道发生这种情况的时间。你能告诉我，这是最近发生的还是遥远的事件？,有时它可以帮助通过协议 6 解决与过去的创伤事件相关的焦虑。你是否已经尝试过协议 6，如果是的话，你是否真的发现它带来的情绪过于强烈？,有时它可以帮助通过协议 11 解决与过去的创伤事件相关的焦虑。你是否已经尝试过协议 11，如果是的话，你是否真的发现它带来的情绪过于强烈？,我知道这对您来说可能很难讨论，但您的信息非常有用，谢谢。如果我继续问你一些问题，以便我更清楚地了解你的情况，可以吗？,我会给你一个情绪清单。我希望你考虑一下，然后告诉我你是否对其中的任何一个有强烈的感受或对某个人表达过其中的任何一个：,,,,,,,其实我感觉真的很棒。,我觉得很积极,我感觉在世界之巅,,,,,在我们的讨论之后，我列出了我想向您推荐的协议。您是否乐意查看它们并选择您可能会考虑尝试的协议？,感谢您选择此协议。您现在愿意尝试此协议吗？完成后，请您按“继续”按钮。,非常感谢您接受本协议。完成后，您最初的感受是什么，您感觉好些了还是更糟了？,我真的很高兴这个协议让你感觉好多了。你认为如果你尝试另一种协议会有帮助吗？如果是这样，您现在想尝试另一个吗？,很抱歉，这并没有让您感觉好些，有时可能需要尝试不同的协议才能感觉好些。你想尝试另一种希望对你更有帮助的吗？
男性,18-24,,,,,,,,,,,,,,,,,,,,,,,,,,,,,,,,,,我很抱歉听到这个。是否有特定的事件让您有这种感觉？,感谢您分享这个。在不详细介绍的情况下，这个事件是最近发生的还是已经有一段时间了？,你最近是否通过协议 6 重新审视了这个事件，并发现它带回了焦虑的感觉和情绪？,你最近是否通过协议 11 重新审视了这个事件，并发现它带回了焦虑的感觉和情绪？,感谢您分享这些细节，我知道这对您来说一定很困难。现在我想问一些问题，以便更好地了解您的情况。,我理解你感到焦虑。除了这种感觉，您最近是否也对某人有以下任何一种情绪：,,,,,,,绝对精彩！,非常感谢您的提问！,我感觉非常好，充满希望。,,,,,我有一些您可以尝试的推荐协议。你现在有什么想尝试的吗？如果是，请选择它。,谢谢，现在您可以尝试通过您选择的协议。当您完成后，如果您能回到我身边并按“继续”，我将不胜感激。,执行此协议后，您现在感觉如何，您感觉更好还是更糟？,这真是个好消息。如果您愿意，我们可以尝试另一种协议。,我很抱歉听到这个。如果您想尝试另一个协议，我们可以尝试其他协议？
女性,25-29,,,,,,,,,,,,,,,,,,,,,,,,,,,,,,,我今天感觉很紧张。我有一个大测试，我担心我不会通过。,我应该和朋友出去，但我觉得太紧张了。我不喜欢和一大群人在一起,今天，我的心仿佛在狂奔。我感觉不太好，我想我只需要一个人待着。,感受到您的感受是完全正常的，我理解并愿意提供帮助。您认为这是由什么特定原因引起的吗？,我很抱歉这件事发生在你身上。这是最近发生的还是不久前发生的？,感到焦虑和完全可以理解是可以的。我只需要知道您最近是否试图回忆过去的事件并发现它令人痛苦？,感到焦虑和完全可以理解是可以的。我只需要知道您最近是否试图回忆过去的事件并发现它令人痛苦？,你做得很好，我想帮助你感觉更好，并试着了解你的情况。可以多问一些问题吗？,我完全理解你的感受，这一定很难。如果我可以问，你是否觉得你已经向某人表达了以下任何情绪：,,,,,,,我很好！这是美好的一天！,我真高兴。我现在拥有我想要的一切。,我心情这么好。我觉得今天很幸运,,,,,我认为您可以从这些协议中的任何一个中受益，让您感觉自己是最好的自己。请告诉我您想尝试哪一种。,我认为这对你有好处，我是来帮忙的。请尝试现在完成此操作，完成后，按“继续”。,你在这方面做得很好。接受这个协议后你感觉如何？,我很高兴你感觉好多了，我觉得这很棒！您想尝试其他协议吗？,我很抱歉你感觉更糟。也许我们应该坐下来尝试另一种可能对您更有益的协议？
女性,40-49,,,,,,,,,,,,,,,,,,,,,,,,,,,,,,,我今天感觉很紧张。,我今天感觉不轻松，很紧张。,我今天感觉很紧张，对我的皮肤不舒服。,你目前的焦虑是否是由你所知道的特别的事情引起的？,我知道了。你能告诉我这种焦虑的原因是前一段时间发生的还是最近发生的？,您最近是否采取了协议 6，并觉得这引发了焦虑感？,您最近是否采取了协议 11，并觉得这引发了焦虑感？,我非常感谢您对我迄今为止的问题的回答。我将通过一些查询运行我必须充分了解您的情况。,最近你的焦虑是否导致你对其他人有以下不受欢迎的情绪：,,,,,,,我今天感觉轻松自在,我今天感到控制和平静,我今天感到满足和高兴,,,,,我现在给你一些建议。我很乐意让您决定要使用哪种协议。,当您准备好时，我希望您阅读并尝试该协议。一旦您对此感到满意，请随时选择“继续”。,遵循协议后，您现在感觉如何，您的情绪是否有所改善，或者您是否感到不自在？,非常好。正如您暗示的那样，您感觉心情更好，您想继续执行另一个协议吗？,这不好，但我们仍然可以修复它。正如您所暗示的那样，您在使用该方案后感觉并没有好转，您想尝试不同的方案，看看效果如何吗？
男性,40-49,,,,,,,,,,,,,,,,,,,,,,,,,,,,,,,我好多了。我正在等待我的测试结果，我对结果感到紧张。,我感觉不太好。我妈妈昨天进了医院，我在等一个电话告诉我发生了什么。,我对这里的政治局势感到压力和焦虑。,我很抱歉听到这个。有什么特别让你有这种感觉的吗？,你介意告诉我这件事是什么时候发生的，是最近发生的还是遥远的？,有时人们在尝试协议 6 时可能会受到不利影响。您最近是否尝试过使用协议 6 并发现这种体验令人痛苦？,有时人们在尝试协议 11 时会受到不利影响。您最近是否尝试过使用协议 6 并发现这种体验令人痛苦？,谢谢你。我知道这并不总是那么容易，但你能告诉我的任何事情都会帮助我更好地了解你的情况。你介意我再问你几个问题吗？,我们都会感受到情绪，有时会向他人表达情绪，有时这些情绪会非常强烈。您是否认为您对某人有过强烈的感受或表达过以下任何情绪：,,,,,,,伟大的！昨晚我的彩票号码出来了，我要辞职了。,我就放心了我的测试结果昨天回来了，我很清楚。,我很好谢谢。,,,,,我有一些我们可以尝试的建议，但我认为我们最好尝试您认为最合适的建议。请告诉我您希望我们尝试哪种协议。,现在尝试通过此协议可能对您有所帮助，如果可以请尝试一下。完成后，您只需按“继续”即可。,我希望协议有所帮助。你感觉好些了还是更糟了？,我很高兴它有所帮助。你认为你可能喜欢做另一个协议吗？,我很遗憾听到。您想尝试不同的协议吗？
女性,50-59,,,,,,,,,,,,,,,,,,,,,,,,,,,,,,,今天下午去看牙医，我感到很紧张！,我很焦虑，我的考试成绩明天就出来了，我可能没有达到我所希望的。,我感觉很糟糕，我最好的朋友收到了一些令人担忧的健康消息！,我看得出你很着急。有没有发生过让你有这种感觉的事情？,这是最近发生的还是前一段时间发生的？,您最近是否尝试过协议 6 并发现您发现的情绪难以处理？,您最近是否尝试过协议 11 并发现您发现的情绪难以处理？,谢谢你与我分享这一切。如果您不介意，我现在要问您几个问题，以便我进一步了解您的情况。,你能告诉我你是否曾经对其他人感受到或表现出强烈的这些情绪：,,,,,,,我感觉很棒！,我感觉自己站在世界之巅！,我感觉超级棒！,,,,,这是我推荐的。请随意选择您想尝试的协议。,太好了，你为什么不现在就来看看这个协议。完成后，请按“继续”。,完成方案后，你能告诉我你感觉好些还是坏了？,太好了，我很高兴它有所帮助。您想尝试其他协议吗？,很抱歉这没有帮助。您想尝试其他协议吗？
男性,30-39,,,,,,,,,,,,,,,,,,,,,,,,,,,,,,,我对开始我的新工作感到紧张。我不确定我是否适合,我担心我的绩效评估，以及我是否做得足够来获得晋升。,我害怕在会议上出丑，我讨厌公开演讲。,我明白焦虑的感觉是可怕的。有什么特别让你有这种感觉的吗？,这些感觉是由最近的事件引起的，还是由于更遥远的事件而引起的？,我知道你过去发生的事情会带来强烈的情绪。是否因为尝试执行协议 6 而重新点燃了这些感觉？,我知道你过去发生的事情会带来强烈的情绪。是否因为尝试执行第 11 号协议而重新点燃了这些感觉？,谢谢你和我分享你的感受。为了了解您的情况，我现在想征得您的同意，问您一些问题。,您是否觉得这些焦虑感可能是由对某人的任何其他情绪引起的，例如：,,,,,,,我感觉很棒，工作很棒！,东西很好，新房子看起来棒极了！,我很好，大部分情况下一切都很好。,,,,,我对协议有一些建议，可以帮助您解决问题。你想选择你认为最适合你的吗？,我了解此协议可能具有挑战性，但请您尝试完成它。如果您设法完成它，请按“继续”，然后我会问您几个后续问题。,谢谢，我知道这可能要求很高。该协议是否让您感觉比以前更好或更糟？,这太妙了！尝试另一种协议你会觉得舒服吗？,我很抱歉听到这个消息。你愿意尝试另一种协议吗？
男性,25-29,,,,,,,,,,,,,,,,,,,,,,,,,,,,,,,我今天真的很紧张，我似乎无法摆脱这种恐惧感,我感觉不太好。我感到压力很大，我很担心，因为我不知道为什么会有这种感觉。,我今天的心情真的很低落，我很害怕它不会好转。,我知道你现在感觉不是最好的。你认为你的感受与任何特定事件有关吗？,我知道谈论这些事情可能很难，所以谢谢你对我敞开心扉。你想告诉我更多关于这件事是什么时候发生的，是最近发生的事情还是过去发生的事情？,在某些情况下，协议 6 可用于回顾特别创伤性事件，但这有时会引发麻烦的情绪反应。你之前有没有使用过协议6，它有没有让你有任何无法控制的情绪？,在某些情况下，协议 11 可用于回顾特别创伤性事件，但这有时会引发麻烦的情绪反应。您之前是否使用过协议 11，它是否导致您有任何无法控制的情绪？,谢谢分享，我知道有时会很困难。我们可以多谈谈您目前的个人情况吗？,当我们感觉不到自己时，有时我们可以将其发泄在我们周围的人身上。您是否对生活中的任何人强烈感受到或表达了以下任何情绪：,,,,,,,我感觉很棒没什么好抱怨的,我感觉棒极了,我从未如此快乐,,,,,现在我们已经掌握了所有相关信息，我想向您推荐一些我认为会产生积极影响的协议。您可以选择最能引起您共鸣的协议。,太好了，现在我希望您尝试完成此协议。慢慢来，当你走到最后只需按“继续”。,现在你已经完成了，让我们谈谈你现在的感受。你觉得更积极还是更不积极？,太好了，这是朝着正确方向迈出的一步。我认为尝试另一种协议是个好主意，你怎么看？,如果您感觉更糟，请不要担心，这可能会发生，但我们仍然可以解决它。我们要不要尝试不同的协议，然后看看你感觉如何？
女性,40-49,,,,,,,,,,,,,,,,,,,,,,,,,,,,,,,今天不太好，着急,我很担心,你问来干什么,我听说你很焦虑。有没有发生过的事情可能让你有这种感觉？,我很遗憾听到这个消息，希望你不介意在它发生时与我分享。是最近的还是遥远的？,我想知道现在是否有什么东西重新点燃了这种感觉。您是否尝试过记住或重温此事件并因此感到焦虑？,我想知道现在是否有什么东西重新点燃了这种感觉。您是否尝试过记住或重温此事件并因此感到焦虑？,感谢你的分享。我想问你一些问题，以便我能多了解一点。,您能否与我分享您是否强烈感受到以下任何一种情绪：,,,,,,,我感觉很好谢谢！,伟大的！,真的很好谢谢,,,,,我有一些建议可能对你有用。你能告诉我你想尝试哪种协议吗？,太好了，你现在可以试一试吗？您只需要记住在完成后按“继续”。,我想问你这是怎么回事。它让你感觉好些了吗，还是产生了相反的效果？,您想看看其他人是否也有同样的帮助吗？,您想尝试一些可能更合适的不同的东西吗？
女性,30-39,,,,,,,,,,,,,,,,,,,,,,,,,,,,,,,我今天很焦虑。,我感觉不太好，我担心面试。,我害怕有什么不好的事情会发生在我身上。,我很抱歉你有这种感觉。我知道这可能很难谈论，但是否有特定事件导致了这种情况？,它是最近发生的，还是过去的事件仍然影响着你？,通过尝试协议 6 来重温创伤性事件会带来消极和无法控制的情绪。您是否尝试通过执行协议 6 重新审视该事件并因此感到不舒服？,通过尝试协议 11 来重温创伤性事件会带来消极和无法控制的情绪。您是否尝试通过执行协议 11 重新审视该事件并因此感到不舒服？,谢谢你和我分享，你做得很好。你介意我再问你一些问题，以便我能更好地了解你的情况吗？,对他人有强烈的情绪是很正常的，我不是来评判你的。您是否对他人感受到或表达了以下任何情绪：,,,,,,,我感觉很好，谢谢！,我今天过得很愉快，这里没有抱怨。,我做得很好，我的心情很好。,,,,,我想推荐一些我认为非常适合您的情况的协议。请选择您要尝试的协议。,当你准备好时，请开始这个协议。完成后，按“继续”。,完成此协议后，您感觉如何，好还是坏？,我很高兴协议能够提供帮助。你想尝试另一个吗？,很抱歉，该协议无法帮助您。你想尝试另一个吗？
女性,50-59,,,,,,,,,,,,,,,,,,,,,,,,,,,,,,,我今天应付得不太好,我为自己的安全感到害怕,我很担心我们的未来,有没有什么特别的事情你能回忆起来，可能会让你有这种感觉？,这是很久以前的事件吗？或者也许是最近发生在你身上的事情？,你是否尝试过协议 6 来回想这个事件，如果你有，记住这个事件是否会让人精神崩溃？,你有没有尝试过协议 11 来回想这个事件，如果你有，记住这个事件是否会让人精神崩溃？,你的回答对我的理解很有帮助。我非常想了解更多，所以我还有几个问题，如果你觉得可以吗？,您是否对您认识的其他人强烈感受到或表达了以下任何情绪：,,,,,,,非常好,今天是个好日子,我很好,,,,,您可以选择多种选择，因此我有不止一个建议。也许您可以选择一种您现在喜欢使用的协议。,既然您已经做出选择，请遵循协议，我希望您会喜欢它。完成后，您将需要按“继续”按钮。,谢谢你。如果您能指出这项活动是否让您感觉比开始前更好或更糟，那将非常有帮助。,这真的很好，做得很好。如果您愿意，您可以选择另一个协议进行工作。,很抱歉听到它，通过它做得很好。如果您想尝试其他协议，看看这是否更适合您，还有其他选择。
男性,25-29,,,,,,,,,,,,,,,,,,,,,,,,,,,,,,,我感到不确定和恐惧。,我对今天不是很自信，有一种不好的感觉。,由于出现症状，我必须进行 Covid 检测，而且我担心自己可能会呈阳性。,哦不，很遗憾听到它。是不是发生了什么事情触发了这些感觉？,造成这种焦虑的原因，可能是这几天发生的事情，还是感觉更遥远了？,如果我可以问一下，最近对协议 6 的尝试是否触发了这些感觉？,无论如何，如果我可以问一下，最近对协议 11 的尝试是否会触发这些感觉？,我很高兴你能够对我敞开心扉。我希望我们能进一步深入研究这个问题。,除了你提到的这些感受之外，你最近的经历也涉及到这些感受：,,,,,,,我感到活着和幸福。,我很积极也很感激。,我有一种同性恋的感觉，我对我所拥有的一切感到欣喜若狂。,,,,,我有几个选项给你。请告诉我您认为哪种协议最适合您。,那太棒了。你能不能现在就遵循这个协议，完成后点击“继续”。,能否请您表达一下您在完成此协议后的感受？,太好了，我真的很高兴！您是否也愿意尝试另一种协议？,您愿意尝试另一种可能效果更好的协议吗？
女性,40-49,,,,,,,,,,,,,,,,,,,,,,,,,,,,,,,我感觉有点摇摇欲坠。,事情让我很沮丧。,我还好，就是有点着急。,那可能很粗糙。你认为它可能与发生的事情有关吗？,啊，我明白了。这是最近发生的事情还是前一阵子发生的事情？,有时不好的感觉可能会回来，因为发生了一些事情让它们再次出现。您最近是否尝试过协议 6，并且无法将自己与过去所产生的负面情绪疏远？,有时不好的感觉可能会回来，因为发生了一些事情让它们再次出现。您最近是否尝试过协议 11，并且无法将自己与过去所产生的负面情绪疏远？,我很高兴你与我分享了这一点，它真的帮助我更好地理解。我现在想问一些更多的问题来继续那段旅程。,感到焦虑也可能与其他情绪混合在一起，我想看看您是否认出此列表中的任何一种情绪，或者您是否对它们感到熟悉。您之前是否强烈体验过以下任何一种情绪：,,,,,,,非常好。,一切都感觉很顺利，很开心，谢谢！,我很好谢谢！,,,,,所以我有一些协议建议我认为对你很有效；这里有一些建议，所以看看吧。您认为哪种协议适合您？,谢谢你。现在就开始研究这个协议，我们会看看它是否有帮助。完成后按“继续”，我们将再谈一些。,谢谢你这样做。它是否有所作为，如果是这样，您现在感觉好些了，还是更糟了？,这是一个好的开始。你想继续我建议的另一个协议吗？,很抱歉它现在不合适，我们可能需要尝试一些想法才能找到我们的方法。你现在准备好尝试另一个了吗？
女性,30-39,,,,,,,,,,,,,,,,,,,,,,,,,,,,,,,我感觉不太好，我最近工作太辛苦，几乎没有时间照顾自己。,我今天感到很焦虑。我的待办事项清单似乎越来越长，我工作的时间越来越长。,我感到害怕。我身体不太好，我害怕感染 Covid-19。,得知您感到焦虑，我深表遗憾。是不是发生了什么事情引发了这些焦虑情绪？,你能告诉我是什么事件触发了这些感觉，是最近的还是遥远的过去？,谢谢你和我分享这个。请问，你最近有没有讨论过这个过去的事件或试图重温它，这可能让你感到一些不适或带来一些负面情绪吗？,谢谢你和我分享这个。请问，你最近有没有讨论过这个过去的事件或试图重温它，这可能让你感到一些不适或带来一些负面情绪吗？,我真的很感谢你和我分享你的感受。如果您觉得可以继续，我想问您一些问题以进一步了解您的情况。,您过去是否曾对自己或他人表达或感受到以下任何负面情绪：,,,,,,,我感觉很棒我刚从一个小假期回来。,一切都很好。我在山上散步度过了愉快的一天。,我感觉很好。我现在正在读一本好书。,,,,,我认为以下协议对您有益。您可以选择您认为此时最适合您的那个。,请立即尝试该协议。如果您愿意继续我们的谈话，请按“继续”。,,伟大的！你想尝试另一种协议吗？,我很遗憾听到你感觉更糟。也许你想尝试另一种协议？
男性,18-24,,,,,,,,,,,,,,,,,,,,,,,,,,,,,,,不是很好，老实说感觉有点紧张,只是担心接下来的几天,我现在脑子里有很多事情，这让我很焦虑,那真不幸。有没有什么特别的事情让你有这种感觉？,这件事是最近发生的还是过去发生的？,你是否已经尝试过重新审视这个事件却发现这样做会带来强烈的负面情绪？,你是否已经尝试过重新审视这个事件却发现这样做会带来强烈的负面情绪？,感谢您与我分享这一点，我知道这样的事情很难公开。我想提供帮助，为此，我需要询问一些有关您的情况的问题。,谢谢你和我在一起。过去，您是否对某人有过以下任何一种情绪或行为：,,,,,,,还不错，事情进展顺利,我很好,我现在感到很幸福,,,,,根据你告诉我的，这里有一些我们可以尝试的协议。请选择您现在想经历的任何事情。,好的，让我们试试这个。完成后，请按“继续”。,完成协议后，您现在感觉如何，好还是坏？,太好了，很高兴听到这个消息！您想尝试其他协议吗？,我很抱歉听到这个。您想尝试不同的协议，看看它是否更有效？
女性,40-49,,,,,,,,,,,,,,,,,,,,,,,,,,,,,,,我今天感觉不是最好的。我很焦虑，不知道为什么。,我真的很害怕，因为我稍后要去看牙医。,我今天感觉很可怕。我很害怕失去工作。,有什么特别的事情让你有这种感觉吗？,这是最近发生的事情还是过去发生的事情？,我明白你为什么会感到焦虑。你认为尝试协议 6 会重新点燃这些难以控制的情绪吗？,我明白你为什么会感到焦虑。你认为尝试协议 11 会重新点燃这些难以控制的情绪吗？,我真的很想帮忙。如果你不介意，我想再问一些问题。,您还记得最近您是否对某人有过强烈的感受或表达过以下任何一种情绪：,,,,,,,我感觉很棒谢谢你。,生活是美好的！,我对我的新伙伴感到非常高兴和满足。,,,,,以下是您今天可以尝试的一些协议建议。我希望您选择您想尝试的协议。,请仔细阅读协议，慢慢来。完成后，按“继续”。,如果我可以问一下，您现在完成了协议，感觉如何？我希望你感觉好些，但如果你感觉更糟也没关系，告诉我，我会尽力提供帮助。,很高兴听到。您想在感觉好些时尝试另一种协议吗？,这并不理想，但请不要放弃，有些协议有时会激起一些负面情绪，这是正常的。您想此时尝试另一种协议吗？
女性,30-39,,,,,,,,,,,,,,,,,,,,,,,,,,,,,,,我的焦虑是通过屋顶。,我今天真的很累。,我的神经被击中了。,如果你觉得分享很舒服，你能告诉我这种感觉是否来自发生的特定事情吗？,这是最近发生的事情，还是过去的事情仍然在您的脑海中？,你最近有没有尝试过协议 6 并发现它把所有那些不好的感觉都带回来了？,您最近是否尝试过协议 11 并发现它让所有那些不好的感觉回来了？,谢谢分享，我知道这对你来说不容易。如果可以，我想多谈谈你的情况，以便我了解你来自哪里。,我希望你对你的处境有很多强烈的感受。您是否感受到以下任何一种情绪，无论是在内心还是向另一个人表达：,,,,,,,好冷啊,我很好谢谢。,我心情这么好。,,,,,我有一些建议给你。请查看并选择您想尝试的任何协议。,好的，您现在可以继续尝试。完成后，您可以按“继续”。,该协议是否改变了您的感受，无论是好是坏？,那太棒了！你现在想试试另一个吗？,你想用不同的方式再试一次吗？
男性,60-69,,,,,,,,,,,,,,,,,,,,,,,,,,,,,,,我今天感到压力很大，因为我有一个截止日期要满足。,我担心我们国家的 covid-19 的发展方向以及政府最近做出的决定，并担心我会感染该病毒。,我很担心我年迈的父亲的健康。,我希望你能应付。你介意我问你是否有特定的事件或问题引起了你的焦虑？,这个事件是最近发生的还是你已经想了一段时间了？,我意识到克服过去的消极想法可能很困难。最近尝试协议 6 是否让您回忆起这个事件，从而使您记忆犹新，并让您感到焦虑？,我意识到克服过去的消极想法可能很困难。最近尝试了协议 11 是否让您想起了这件事，从而使您记忆犹新，并让您感到焦虑？,我非常乐意倾听您的担忧并与我分享您的感受。你愿意多说几句，以便我给你提供一些有用的建议吗？,有时，焦虑可能会导致对他人缺乏信任、对他人感到愤怒或想要报复。您是否觉得您的焦虑可能导致您感受到以下任何其他情绪：,,,,,,,我今天对我的股票市场投资组合表现特别满意。,今天天气很好，我们在公园里悠闲地散步。,我的足球队今天赢了，这总是让我心情愉快。,,,,,我肯定会推荐各种协议。请选择您认为最适合您的那一项。,,你现在感觉怎么样？我希望它对你有用。,真是太好听了。您想继续并选择另一个协议吗？,很抱歉它没有为您解决，但是我可以推荐其他选择。你想尝试另一个吗？
男性,25-29,,,,,,,,,,,,,,,,,,,,,,,,,,,,,,,我今天感到非常紧张和焦虑,老实说不太好，我刚刚惊恐发作,其实很害怕，我可能需要一些帮助,哦，那不好。这与发生的任何特定事件有关吗？,好的，我明白了，请告诉我更多关于它的信息。这是什么时候发生的，最近还是前一段时间？,协议 6 可能会有很大帮助，但我知道它有时也会引起不必要的压力。您最近是否尝试过协议 6，并在使用后发现自己太苦恼了？,协议 11 可能有很大帮助，但我知道它有时也会引起不必要的压力。您最近是否尝试过第 11 条协议，并在使用后发现自己太苦恼了吗？,感谢您与我分享这一切。你介意我们继续前进并一起解决这个问题吗？,您最近是否对任何人有过以下强烈的感觉或情绪：,,,,,,,我过的不错你近来怎样？,感觉真棒,从来没有更好的,,,,,我想过什么最适合你。如果您查看选项并告诉我您想尝试哪种协议，那就太好了。,尽最大努力执行此协议，慢慢来。完成后，按“继续”。,谢谢。接受此协议后，您感觉如何？我希望你现在感觉好多了，但如果你觉得自己感觉更糟，那也没关系。,那太棒了！您想采用另一种协议吗？,有这种感觉是完全正常的，你不是一个人。您想尝试不同的协议，看看它是否能让您感觉好些吗？
女性,18-24,,,,,,,,,,,,,,,,,,,,,,,,,,,,,,,我感觉不太好，我很焦虑,我今天其实很着急,焦虑的,很抱歉你感觉不太好。有发生过什么事情让你有这种感觉吗？,这是多久以前发生的，是最近发生的还是遥远的？,协议 6 有时会对人们产生相当负面的影响。您是否尝试过协议 6，它是否对您产生了负面影响？,协议 11 有时会对人们产生相当负面的影响。您是否尝试过协议 11，它是否对您产生了负面影响？,非常感谢你告诉我。如果你不介意，我会问你几个问题，这样我才能更好地了解发生了什么。,我现在要问你一些其他的负面情绪。你能告诉我你最近是否对某人有过以下情绪：,,,,,,,我感觉很棒谢谢！,很好，谢谢,我感觉很棒！,,,,,这些是我的建议。请告诉我您想尝试哪种协议。,伟大的！现在请您尝试完成此协议并在完成后按“继续”。,该协议是否让您感觉更好或更糟？,那好极了！尝试另一种协议会让你感觉更好吗？,我很抱歉听到这个。您想尝试另一种协议吗？
男性,40-49,,,,,,,,,,,,,,,,,,,,,,,,,,,,,,,由于covid-19，我感到焦虑,我感到害怕，我不知道为什么,我实际上已经被情绪的动荡和极度的恐惧所淹没,你有什么事吗？,我很抱歉听到它。这是什么时候发生的，最近还是前一段时间？,我知道这很难，所以感谢您与我分享。如果你尝试过协议 6，是否会重新点燃你这种不好的感觉？,我知道这很难，所以感谢您与我分享。如果您尝试过协议 11，是否会重新点燃您的这种不好的感觉？,我是来找你的，谢谢你与我分享。你介意我再问你几个问题吗？,你是否对别人有以下感觉：,,,,,,,我觉得很棒！,我感觉很棒！,我今天感到温暖和模糊。,,,,,这是我想推荐的一些协议。随意选择您想尝试的协议。,请现在就试一试。完成后，只需点击“继续”即可。,你现在感觉如何？我希望它有帮助。,伟大的！你也想尝试不同的吗？,很抱歉它对你不起作用。我们试试不同的怎么样？
女性,40-49,,,,,,,,,,,,,,,,,,,,,,,,,,,,,,,我今天感到非常焦虑。,我今天感到非常害怕。,今天，我既焦虑又害怕。,这是因为发生了什么事情吗？,这是什么时候发生的，是最近还是前一段时间？,您是否尝试过协议 6 并且感觉过于强烈？,您是否尝试过协议 11 并且感觉过于强烈？,谢谢你。我现在想问一些问题，以便我了解您的情况。,您是否对某人有强烈的以下任何一种情绪：,,,,,,,我今天真的很开心。,今天，我真的很满足。,今天，我感到快乐和满足。,,,,,我可以推荐一些可能有帮助的协议。随意从这些协议中选择您喜欢的协议。,您现在可以试试这个协议，当您准备好继续时，您可以选择“继续”。,该协议是否帮助您感觉更好，或者您感觉更糟？,我真的很高兴你感觉好多了。也许您准备好尝试另一种协议？,我很抱歉。如果您想尝试另一个协议，可能有更好的协议吗？
男性,25-29,,,,,,,,,,,,,,,,,,,,,,,,,,,,,,,,,,我想如果我们谈谈是什么让你有这种感觉可能会有所帮助。是不是某个特定的事件让您感到苦恼？,好的，谢谢，我很高兴你能很自在地谈论这个。这个事件是最近还是前一段时间引起了你的焦虑？,处理过去的创伤真的很艰难，我很欣赏你的勇气。请问您是否尝试过协议6，但发现它太难了？,处理过去的创伤真的很艰难，我很欣赏你的勇气。请问您是否尝试过协议 11，但发现它太难了？,我真的很感激你对我敞开心扉。如果你不介意的话，我还有一些问题。,每个人一整天都会处理很多情绪，并不是所有的情绪都是积极的。我想问你，你最近有没有特别感受到以下任何一种情绪：,,,,,,,我感觉很好谢谢你。,如果我尝试过，感觉不会更好,我今天感觉很棒,,,,,我对一些协议有一些想法，我认为它们会真正使您受益。你想尝试哪一个？,我认为你选择了一个很好的，请尽力而为。完成后只需点击“继续”，我们就可以从上次停下的地方继续。,现在，这样做后立即感觉好转或恶化是完全正常的。你说完成协议后的感受如何？,那太棒了。如果您有兴趣，我还有一些协议也应该有所帮助？,这是完全正常的，尽管我当然希望这对您来说是一种更积极的体验。我们再试一次怎么样？
男性,18-24,,,,,,,,,,,,,,,,,,,,,,,,,,,,,,,,,,是什么让你有这样的感觉，如果你不介意告诉我，这是一个特定的事件吗？,这是最近发生的，还是遥远过去的记忆？,您是否尝试过协议 6 并发现它没有一个好的结果？,您是否尝试过协议 11 并发现它没有很好的结果？,谢谢。如果你允许的话，我现在想再问你一些问题。,您是否对一个或多个人有以下任何感受：,,,,,,,我感觉很公平,伟大的。你呢？,我今天感觉很棒,,,,,这里有一些我认为可能对您有所帮助的协议建议。选择您认为最好的协议,请尝试在您自己的时间完成协议。完成后，请返回并点击“继续”，以便我们评估进展情况。,遵循协议后，您现在感觉好些了吗？,伟大的。你想再做一个吗？,啊，那不好，也许换个选择会更好。你想再做一个吗？
女性,50-59,,,,,,,,,,,,,,,,,,,,,,,,,,,,,,,我今天真的很焦虑，我不知道为什么,我今天压力很大，我在等一些测试结果,我对面试感到紧张,我看得出你很着急，我愿意帮忙。是不是有什么特别的东西导致了这种感觉？,我很抱歉听到这个，我希望你不介意进一步详细说明。这是最近发生的，还是在更远的过去发生的？,我知道协议 6 通常会触发对过去的创伤事件重新产生焦虑感，所以在我推荐它之前，我想知道这是否发生在你身上。协议 6 是您最近尝试过的并且让您感到焦虑的东西吗？,我知道协议 11 通常会触发对过去的创伤事件重新产生焦虑感，所以在我推荐它之前，我想知道这是否发生在你身上。协议 11 是您最近尝试过的并且让您感到焦虑的东西吗？,感谢您信任我并与我分享您的感受。我可以问你一些问题吗？我想更好地了解以帮助您。,有时我们会向他人反映嫉妒、贪婪、嫉妒、仇恨或恶意的感觉，过去的不信任会导致报复的想法，但请放心，所有这些情绪都是完全正常的。你认为你可能会感受到以下任何一种情绪：,,,,,,,谢谢你的提问，我今天真的很开心,我感觉很好谢谢你，非常满意,我今天很开心，一切都很顺利,,,,,我想如果我们能找到这些感觉的根源，我们会让你感觉好很多。您认为您想尝试以下任何协议吗？看一看，让我知道您是否想尝试一些东西。,太好了，我很高兴您愿意尝试一下，希望您会发现它很有帮助。请在准备好后仔细阅读协议，如果完成后可以按“继续”，那就太好了。,感谢您花时间完成协议。它让你感觉如何——更好或更糟？,我很高兴您发现这有帮助，并且您这样做后感觉好一些。你认为你也会从另一个协议中受益吗？,很抱歉这个练习让你感觉更糟，有时不同的方法对不同的人更有效。您是否愿意尝试其他协议？
男性,30-39,,,,,,,,,,,,,,,,,,,,,,,,,,,,,,,有点害怕，昨天做了件丢人的事,我很紧张，我在旁边。,我没事，就是有点着急。我只想让这一天结束。,有没有发生过让你有这种感觉的事情？,这是最近发生的还是很久以前发生的？,你有没有尝试过协议 6，当你回忆过去的事情时，它有没有让你有任何不好的感觉？,您是否尝试过协议 11，并且在回忆过去的事情时是否让您有任何不好的感觉？,非常感谢你。我现在想再问你一些问题，以帮助我了解你正在经历的事情。,你对别人有没有经历过这些情绪：,,,,,,,真的很好，睡了一个好觉。,今天心情很好，期待下午。,聪明的伙伴，一切顺利。,,,,,我有一些您可以尝试的协议的建议。请选择一项立即查看：,在你自己的时间，看看这个协议并尝试完成它。完成后，您可以按“继续”。,我想问您对协议的看法，以及它是否对您有帮助。你感觉好些了，还是真的让你感觉更糟了？,你认为你想尝试另一种协议吗？,你觉得你想看看另一个协议吗？
女性,40-49,,,,,,,,,,,,,,,,,,,,,,,,,,,,,,,我今天过得很糟糕 我很担心我的考试,我怕我不记得我学过的任何东西,我对考试很紧张,很抱歉你现在正在经历这个。是否有任何特定事件导致了这种情况？我希望我能做些什么来帮忙。,我知道这对你来说可能很难谈论。我想问一下，是最近发生的事情还是前一段时间发生的事情？,有时，当我们通过某些协议并发现，正如我们所做的那样，这些协议可以揭示负面情绪和体验。你有没有尝试过协议 6 但发现它太令人痛苦了？,有时，当我们通过某些协议并发现，正如我们所做的那样，这些协议可以揭示负面情绪和体验。你有没有尝试过协议 11 但发现它太令人痛苦了？,感谢您分享这些感受，我理解这对您来说可能是一个艰难的过程。如果你没问题，我想再问你一些问题，以帮助我更好地了解你的情况。,你说你有焦虑的感觉，不知道你是否还记得你是否对另一个人有过其他强烈的情绪。您是否认为以下任何一项可能适用于您最近的感受：,,,,,,,我很好,很好，谢谢，你呢？,今天心情好,,,,,我相信这些协议可能对您有益。看一看它们，然后告诉我您想尝试哪一个。,仔细阅读协议，请慢慢来，按照自己的节奏进行，不要着急。完成后，按“继续”。,接受此协议后，您感觉如何，您认为它对您有帮助吗？,我很高兴协议对您有所帮助。您想尝试其他协议吗？,你认为通过另一个协议会有所帮助吗？
女性,30-39,,,,,,,,,,,,,,,,,,,,,,,,,,,,,,,我今天感觉不太好。我的脑子在飞速运转，我无法停止对所有事情的过度思考。,天哪，我今天不知为何感到很害怕。,我感觉有点像坏事要发生一样，我无法停止思考,很抱歉听到您有这种感觉，尽管有这种感觉也没关系，您并不孤单。今天有什么特别的事情让你有这种感觉吗？,我明白了，我想知道更多关于发生的事情。这是最近发生的还是不久前发生的事情？,协议 6 确实可以唤起回忆，这取决于情况的好坏。您是否尝试过协议 6，它是否对您产生了负面影响？,协议 11 确实可以带回记忆，这取决于情况，可能是好是坏。您是否尝试过协议 11，它是否对您产生了负面影响？,到目前为止，您一直很棒，您的感受绝对有效，我知道重新审视或解决焦虑或过去的事件可能非常困难。可以问一些问题以了解您的情况吗？,有时，我们会被负面情绪淹没。你对某人有过这些情绪的经历：,,,,,,,我感觉很厉害这是美好的一天。你好吗？,很好，最近生活进展顺利，我感到很平静,我现在感觉很好。,,,,,根据你告诉我的，我选择了一些可能对你有帮助的协议。您现在想尝试一个协议吗？如果是，请选择它。,太好了，那我们继续吧。尽最大努力完成后，请返回并按“继续”。,做完这些后你感觉如何，你感觉好些了还是更糟了？,这真是个好消息。我们试试另一个，看看我们怎么样？,没关系，并不是每个人在第一个之后都感觉更好。我们试试另一个，看看我们如何处理那个？
男性,40-49,,,,,,,,,,,,,,,,,,,,,,,,,,,,,,,我担心我的孩子在学校,我担心我目前的工作状况,我一点都不正常，我的头在旋转，我感到有压力,我很遗憾听到你今天感觉不太好。是不是有什么特别的事情让你有这种感觉？,请帮助我进一步了解。这是最近发生的事件还是遥远的过去？,您是否已经尝试过协议 6，但发现它不但没有缓解您的焦虑，反而使情况变得更糟？,您是否已经尝试过协议 11，但发现它不但没有缓解您的焦虑，反而使情况变得更糟？,很高兴你分享了你的感受。我们可以进一步谈谈以帮助我了解我如何在您的情况下为您提供支持吗？,很高兴您已经认识到您目前的感受，让我们看看我们是否可以识别其他一直困扰着您的负面情绪。您最近是否对任何人感到或表达过以下任何一种情况：,,,,,,,我不能更快乐,我觉得我今天已经实现了我想要的一切,我希望我每天都有这样的感觉,,,,,以下是我对哪些协议最适合您的想法。请选择您想尝试的协议：,我希望你现在开始协议。然后当你完成时，只需按“继续”。,完成协议后，您现在感觉如何？,那太棒了。您想尝试附加协议吗？,我很遗憾听到你有这种感觉。您想尝试其他协议吗？
男性,50-59,,,,,,,,,,,,,,,,,,,,,,,,,,,,,,,我真的很着急，我的肚子在打结，我怕我的驾驶考试不及格。,不好，我害怕去看医生，我觉得事情很严重。,我今天压力很大，感觉隧道尽头没有光，我拖欠了抵押贷款。,哦，很遗憾听到你感到焦虑。这种感觉是由你无法控制的事情引起的吗？,这种感觉的原因是发生在你年轻的时候还是最近？,这些情绪是不是因为你偶然尝试了协议 6 而重新点燃了？,这些情绪是不是因为你偶然尝试了协议 11 而重新点燃了？,谢谢你。为了更清楚地了解你的情况，我想再问你一些问题。,您是否曾在任何时候对某人表达或感受到以下任何情绪：,,,,,,,我很高兴马赢了,完成了本周的工作，我感到很满足，现在可以放松了,今天是个好日子我很健康,,,,,我有一些协议可以帮助你。您想选择一款来尝试吗？,既然您已经选择了您想尝试的方法，请彻底检查一遍。准备好后选择“继续”。,现在你已经尝试了这个协议并走到了尽头，你对你的情况感觉更好还是更糟？,您想尝试另一种协议吗？,也许我们需要更深入地了解您的情况。如果您愿意，我们可以通过其他一些协议来工作。
男性,40-49,,,,,,,,,,,,,,,,,,,,,,,,,,,,,,,我担心会有不好的事情发生,我害怕回家,我觉得我可能得了重病但不想看医生,我意识到您对某事感到焦虑并希望提供帮助。你认为是不是有什么具体的、已经发生的事情导致了这种感觉？,好的，大声说出来是好的第一步。你能想出让你有这种感觉的事件是最近发生的还是过去发生的？,很好，我相信你对协议 6 很熟悉。你最近有没有尝试过协议 6，如果有，当你想到这些过去的事件时，你是否觉得这带来了一些难以处理的感觉?,很好，我相信你对协议 11 很熟悉。你最近有没有尝试过协议 11，如果你尝试过，当你想到这些过去的事件时，你是否觉得这带来了一些难以处理的感觉?,感谢您回答这些问题，我知道这对您来说可能很困难。我现在想继续问你一些问题，以便更好地了解你此刻的感受。,我认为有时焦虑可能会带来其他强烈的情绪。你能告诉我你是否对某人有过或表达过以下任何情绪：,,,,,,,我感觉很好，目前一切进展顺利,我感觉很好，我在一段时间内第一次有一种很好的感觉,对目前的情况真的很满意,,,,,我这里有一些协议希望您查看，我认为它们可能对您有所帮助。您能否通读一遍并告诉我您认为哪一种对您最有益，并且您想尝试一下。,请通读协议信息，当您觉得自己理解并准备开始时，请尝试通过它。完成后，请按“继续”。,没关系。既然你已经完成了协议，你能说你比开始之前感觉好还是坏？,非常好。如您所知，列表中还有更多协议，您是否认为您可能想尝试其他协议，看看情况如何？,这有时会发生，但这里有更多协议可能对您更有效。你想尝试另一个，看看它是否有帮助？
女性,25-29,,,,,,,,,,,,,,,,,,,,,,,,,,,,,,,紧张的,不舒服,害怕的,很抱歉听到您今天感到焦虑，这对您来说一定很困难。你今天有这种感觉，有什么特别的原因吗，是不是发生了什么事情？,感谢你的分享。你能告诉我这件事发生并引起你焦虑的事情是最近发生的还是遥远的过去？我越了解，就越能支持你。,处理过去发生的事情可能很困难。你是否已经尝试过协议 6 来重新审视这个事件，但发现它太难和痛苦了？,处理过去发生的事情可能很困难。你是否已经尝试过协议 11 来重新审视这个事件，但发现它太难和痛苦了？,感谢您选择与我分享您的感受。如果你觉得舒服，我可以再问你一些问题，看看我怎样才能最好地支持你吗？,情绪往往难以识别，我认为你做得很好。重要的是我们了解我们的情绪是从哪里形成的，所以我想问你最近是否有过以下感受：,,,,,,,乐观的,积极的,快乐,,,,,,现在请花一些时间来完成协议。准备好后，请回来，以便我们继续。,在完成协议后，您能确定您现在的感受吗？,太好了，谢谢你的时间。您想继续使用另一个协议吗？,很抱歉听到你感觉更糟。您想继续并执行另一个协议吗？
男性,40-49,,,,,,,,,,,,,,,,,,,,,,,,,,,,,,,我感到非常焦虑。,我感到害怕。,不太好，老实说，我怕我搞砸了。,我很抱歉听到这个，我可以联系。有没有什么特别的事情让你有这种感觉？,这件让你感到焦虑的事情——是最近发生的还是前一段时间发生的？,你最近有没有想过这个事件，它是否给你带来了一些令人不安的情绪？,你最近有没有想过这个事件，它是否给你带来了一些令人不安的情绪？,到目前为止，感谢您与我分享。如果可以，我想再问你一些问题，如果你没问题的话。,请问您是否对某人有过或表达过以下任何情绪：,,,,,,,我感觉很好，谢谢。,不错。今天心情很愉快。,我很高兴也很满足。,,,,,我们可以尝试多种协议。您想探索以下哪些内容？,我很欣赏这可能是新的，但现在尝试通过这个协议。完成后，按“继续”按钮。,感谢您尝试该协议。如果您考虑一下服用前的感觉和现在的感觉，您会说您感觉更好还是更糟？,我很高兴你发现它很有用。您想尝试其他协议吗？,我们可以尝试其他协议。你愿意接受吗？
女性,40-49,,,,,,,,,,,,,,,,,,,,,,,,,,,,,,,一整天，我都有一种可怕的感觉，觉得有什么不好的事情要发生了。,我担心这么多不同的事情，我觉得我无能为力。,我需要完成的事情太多了，我敢肯定我会忘记一些重要的事情。,所以我可以帮助你减轻你的焦虑，你能想到可能导致它的具体事件吗？,很高兴您能够识别出这一点。这是最近发生的事件还是前一段时间发生的事情？,你最近是否尝试过协议 6，你是否发现它激起了你觉得难以处理的情绪？,你最近有没有尝试过协议 11，你是否发现它激起了你觉得难以处理的情绪？,谢谢你，你做得很好，和我分享这个。如果你没问题，我想再问一些问题，以真正了解你正在经历的事情。,稍后我将列出一些情绪。您是否对某人有强烈的以下任何情绪，甚至对他们采取行动：,,,,,,,今天对我来说是个好日子。,我今天真的很开心。,我今天过得很愉快，一切都很顺利。,,,,,我有一些建议。如果可以，请告诉我您认为哪种协议最适合您今天？,请在准备好后尽快尝试通过协议。完成后，只需按“继续”。,感谢您的确认，我希望您不介意与我分享您在接受此协议后的感受。你觉得你感觉比以前更好还是更糟？,您想尝试另一种协议，看看它是否也有效吗？,很抱歉让你感觉更糟。您是否准备好尝试不同的协议，哪个可能更适合您？
男性,40-49,,,,,,,,,,,,,,,,,,,,,,,,,,,,,,,说实话，我有点担心和压力。,不太好，恐怕我脑子里有很多事情让我感到压力山大。,我有更好的日子，我感觉不舒服，现在对事情感到焦虑。,哦，这很难，我们都去过那里，所以我理解。有什么特别的事情引起了你的感受吗？别担心，我们会努力解决的。,这是您一直担心的事情，还是您想到的新事情？,,,好的谢谢。所以如果可以的话，让我问一些问题，以尝试更多地了解事情。,我知道当我感到焦虑或害怕时，我有时会不假思索地做出消极的反应；我想知道你是否也遇到过同样的情况。如果我可以问，你会说你对某人有强烈的感受或表达过以下任何一种情绪吗：,,,,,,,非常好,对我很好,我很好！,,,,,所以这就是我的建议，我很想知道您想选择哪种协议。,试试这个协议，当你完成它时，按“继续”。,你说你现在感觉如何，好还是坏？,很好，我很高兴它正在工作。我们要不要试试另一个？,很抱歉这没有帮助。我们要不要试试另一个？
女性,40-49,,,,,,,,,,,,,,,,,,,,,,,,,,,,,,,我感到非常不安。,我感觉很紧张。,我今天感到不安,,哦不，那一定很难。这是最近的还是遥远的？,您是否尝试过协议 6，如果是，您是否觉得它引发了这些困难的感觉？,您是否尝试过协议 11，如果是，您是否觉得它引发了这些困难的感觉？,你敢于分享。我现在想再问一些问题，以便更好地了解情况。,您是否对他人有过以下任何负面情绪：,,,,,,,都好,伟大的,我很好谢谢。,,,,,好的，这是我的建议。您可以选择您认为现在最适合您的协议。,您可以在准备好后启动协议。完成后，您可以按“继续”。,接受这个协议后，你感觉如何？,你会很高兴再做一次吗？如果是这样，我可以推荐不同的协议。,哦，那不好。你认为我们可以再试一次吗，也许使用完全不同的协议？
女性,30-39,,,,,,,,,,,,,,,,,,,,,,,,,,,,,,,我觉得很烦。,我今天有种不好的预感。,我今天很紧张,有没有发生在你身上的事情让你有这种感觉？,这是最近发生的还是遥远的事件？,您是否已经尝试过协议 6，如果是，您是否注意到它引发了创伤或不舒服的感觉？,您是否已经尝试过协议 11，如果是，您是否注意到它引发了创伤或不舒服的感觉？,谢谢你和我分享这个。现在，为了更好的理解，我想问一些更多的问题。,你最近有没有对任何人有过以下强烈的感觉：,,,,,,,我满月了！,我今天欣喜若狂。,我今天没有抱怨。,,,,,如果你愿意，我有一些我认为可以帮助你的建议。在以下协议中，您现在想尝试其中一种吗？如果是，请选择它。,请试试这个。让我知道它是否适合你，完成后，点击继续。,你说你服用后感觉好些了还是更糟了？我真的希望我希望协议对您有所帮助，但如果情况并非如此，请随时告诉我。,优秀的！您想尝试其他协议吗？,您想尝试不同的协议吗？
女性,18-24,,,,,,,,,,,,,,,,,,,,,,,,,,,,,,,我今天感觉有点紧张。,我感到担心和焦虑。,我今天一直感到害怕。,很抱歉你现在感到焦虑，我想尽我所能提供帮助。我希望你不介意我问，但有没有特别发生的事情？,好的，有道理，谢谢你告诉我。这个事件是不久前发生的，还是最近发生的？,有时，重温创伤性事件可能比它的价值更痛苦。你最近有没有尝试过重温这个事件，但发现它太难了？,有时，重温创伤性事件可能比它的价值更痛苦。你最近有没有尝试过重温这个事件，但发现它太难了？,再次感谢您与我分享这个。如果你没问题，我想再问一些问题，以便更清楚地了解正在发生的事情。,我知道你说你今天一直感到焦虑，所以我想知道你是否有其他负面情绪。这些情绪中的任何一种是您过去或现在感受到的：,,,,,,,我感觉好极了。,好久没有这么好的感觉了！,我今天感觉很开心。,,,,,我有一些我认为可能在这里工作的建议。请继续看一看，您可以选择您觉得最舒服的协议。,在您自己的时间继续执行协议。完成后，请记住单击“继续”。,既然协议已经完成，你的感觉和之前的感觉有什么不同吗？,好的，很高兴听到。你想尝试另一个吗？,好的，别担心，我们还有一些可能更适合您。你想尝试不同的吗？
男性,40-49,,,,,,,,,,,,,,,,,,,,,,,,,,,,,,,我感到紧张。,我感到有压力。,我感到害怕。,有什么事情让你有这种感觉吗？,这是因为最近发生的事情，还是因为你想起了更遥远的过去？,您是否已经尝试回想这件事，如果是这样，是否让您感觉更糟？,您是否已经尝试回想这件事，如果是这样，是否让您感觉更糟？,感谢您与我分享。我可以再问你一些问题，希望我能帮助你处理这种负面情绪吗？,这种情况是否让您感受到任何特别消极的情绪，例如下面列出的情绪：,,,,,,,我感觉很好。,我感觉棒极了。,我感觉很棒。,,,,,这是我的建议。你想尝试其中任何一个吗？,请试试这个协议。完成后，按“继续”。,做完这个协议后，你感觉如何？我希望它有所帮助。,我很高兴这次会议很有帮助。您想尝试另一种协议吗？,我很遗憾听到这次会议没有帮助。您想尝试另一种协议吗？
女性,30-39,,,,,,,,,,,,,,,,,,,,,,,,,,,,,,,我对今天开始我的新工作感到有点焦虑。,我怕我的狗做不了手术。,我的心在狂跳，我感到紧张不安。,我能理解你的心情。在你的生活中，有没有发生过什么事情让你产生了这种感觉？,我很抱歉发生在你身上，很难经历一些痛苦的事情。这是最近发生的还是前一段时间发生的？,众所周知，协议 6 会对某些人产生负面影响，如果您最近尝试过，我想知道它是否会导致您目前的情绪。您是否熟悉协议 6，如果熟悉，您是否认为它可能会导致您的焦虑？,众所周知，协议 11 会对某些人产生负面影响，如果您最近尝试过，我想知道它是否会导致您目前的情绪。您是否熟悉协议 11，如果熟悉，您是否认为它可能导致您的焦虑？,感谢您与我分享，感谢您对我的信任。我想再问你几个关于你的情况的问题，如果你没问题的话。,有时我们会感到强烈的情绪，而这些情绪并不属于我们；感受它们是可以的，但值得反思它们。您认为您最近是否可能对某人表达过以下任何负面情绪：,,,,,,,我很好！,我今天感觉很好。,我今天过得很好。,,,,,我们可以尝试多种协议，我想找到最适合您的协议。让我知道您更愿意尝试哪种协议。,在您完成此协议时，请尝试将注意力集中在您自己和任务上。最后，按“继续”按钮。,欢迎回来！接受协议后你感觉如何？,我很高兴你在完成最后一个协议后感觉好多了。你想尝试另一个吗？,并非每个协议都适用于所有人，没关系，我建议不要放弃并重试。你想一起尝试另一个吗？
男性,25-29,,,,,,,,,,,,,,,,,,,,,,,,,,,,,,,有点紧张；我觉得我的老板对我不满意。,我还好，但我起晚了，不得不赶去上班。我希望我不会遇到麻烦。,我已经好多了，我很担心，因为我今天早上起床时听到了一声响亮的“啪”声，现在我的背部酸痛。,我很抱歉听到它。是不是有什么特别的事情让你有这种感觉？,我希望你能谈论它。这是最近引起您焦虑的事情还是过去很遥远的事情？,谢谢，我想将协议 6 作为您的可能建议，但我知道有时和在某些情况下它可能会令人不快。你有没有尝试过协议 6，它对你来说是不是不愉快？,谢谢，我想将协议 11 作为您可能的建议，但我知道有时和在某些情况下它可能会令人不快。你有没有尝试过协议 11，它对你来说是不是不愉快？,谢谢你和我分享你的感受。现在，我想尝试通过一些问题来更多地了解您的感受。,您是否发现您对生活中的人有强烈的负面情绪？这些可能包括：,,,,,,,好的谢谢你！我刚刚找到了我以为丢了的最喜欢的帽子。,我感觉很好，谢谢你的提问！我昨晚睡得很好。,太棒了，谢谢。我都忙于工作！,,,,,根据您与我分享的内容，我想推荐这些协议。请花一些时间考虑它们并选择一个。,当您选择了要尝试的协议后，请开始该协议。完成后，您可以按“继续”继续。,谢谢，我想知道你现在感觉如何。您认为该协议有任何积极或消极影响吗？,优秀的！在这种情况下，您想继续使用另一个协议吗？,我明白了，我很遗憾听到这个消息。你觉得不同的协议可能有帮助吗？
女性,30-39,,,,,,,,,,,,,,,,,,,,,,,,,,,,,,,我对考试真的很紧张,恐怕我不能按时完成所有这些工作,我害怕我所爱的人可能会发生不好的事情,感谢您让我知道您的感受，我想帮助您克服这个问题并感觉更好。请问，您目前的感觉是由特定事件（或事件）引起的吗？,我明白了，谢谢你澄清这一点。我想知道，这个事件是最近发生的，还是更远的过去？,我觉得我可以向你建议协议 6 来处理过去的事件，但我想确保它适合你。您过去是否尝试过协议 6 并发现它重新点燃了不舒服的情绪？,我觉得我可以向你建议协议 11 来处理过去的事件，但我想确保它适合你。您过去是否尝试过协议 11 并发现它重新点燃了不舒服的情绪？,感谢您迄今为止分享的一切，我真的很感激。我现在想再问一些问题，以便更好地了解情况。,如果可能的话，我想知道您最近是否经历过任何消极和难以处理的情绪。你能告诉我，你对你认识的人是否有强烈的感受或表达过以下任何情绪：,,,,,,,我今天很放松，是我的休息日,我很高兴，因为昨天是我的生日，我收到了很多礼物,我男朋友最近对我很好，我很高兴我们的关系重回正轨,,,,,请在下面找到我的建议。您可以选择您喜欢的协议，它将显示给您，以便您可以尝试。,感谢您的选择！如果您现在可以尝试通过此协议，我将不胜感激。完成后，您可以返回并按“继续”按钮。,谢谢，希望对你有帮助。你能告诉我你在接受这个协议后感觉好些还是坏了？,哦，我真的很高兴听到它！您现在想尝试另一种协议吗？,听到这个我真的很抱歉。如果您愿意，我可以建议另一种可能有帮助的协议。
男性,18-24,,,,,,,,,,,,,,,,,,,,,,,,,,,,,,,目前我承受着很大的压力。我现在正在处理家里发生的很多事情。,我家有人感染了新冠病毒，我现在非常焦虑。,我很害怕。我不知道如果我这次考试不及格会发生什么。,听到这真的很难过，但有这种感觉也没关系。是否有什么特定的东西导致了这种感觉？,我在这儿陪你。这是什么时候发生的，最近还是在更远的过去？,我可以问一下，想想发生的事情对你来说是不是太痛苦了？,我可以问一下，想想发生的事情对你来说是不是太痛苦了？,感谢您分享这些信息并信任我。也许你现在可以帮助我更清楚地了解情况。,有没有向任何人表达过这种感觉：,,,,,,,实际上我做得很好。谢谢。,好多了。现在有很多值得感激的地方。,世界顶级！,,,,,考虑到您的情况，我想为您推荐这些协议。请让我知道您希望从哪个协议开始。,如果你能通过这个协议，我会很高兴的。完成后，您可以按“继续”。,你现在感觉如何，这是否有助于让你感觉更好，或者不是真的？,很高兴听您这么说。您还想尝试其他协议吗？,没关系。你想尝试另一种协议吗？
男性,60-69,,,,,,,,,,,,,,,,,,,,,,,,,,,,,,,我感到有点压力。,我今天真的很紧张。,我一点也不对。我实在应付不过来。,我很抱歉听到这个。发生了什么？有什么特别让你不安的事情吗？,这是最近发生的，还是已经在你脑海中盘旋了一段时间的事情？,协议 6 有时会让人们感到不安，所以我想知道您是否遇到过这种情况。协议 6 是否是您尝试过并因此感到不安的东西？,协议 11 有时会让人们感到不安，所以我想知道您是否遇到过这种情况。协议 6 是否是您尝试过并因此感到不安的东西？,感谢您的分享，它帮助我了解您所经历的一切。我将再问几个问题，以找出帮助您度过难关的最佳方法。,我想问你一些我们并不引以为豪的感觉，但是当我们感觉不舒服时，有时对他人的负面情绪会留在我们的脑海中。最近有任何这些情绪困扰着你：,,,,,,,我感觉自己站在世界之巅。,这些天事情正在按我的方式进行。,我充满了春天的欢乐。,,,,,我有一些想法可能会有所帮助。您可以选择要跟随哪个。,太好了，当你准备好时，你可以通过这个协议。完成后，按“继续”。,该协议是否让您感觉更好，还是产生了相反的效果？,我很高兴这有帮助。您也想尝试另一种协议吗？,很遗憾，一个不适合你，但我们会找到一个有效的协议。还有其他可能更适合您的协议，您想尝试一个吗？
男性,30-39,,,,,,,,,,,,,,,,,,,,,,,,,,,,,,,我怕我女朋友要离开我,我不知道这个月我将如何处理所有事情,我对自己的职业感到焦虑，不知道大流行结束后我会做什么,我很遗憾听到你有这种感觉。如果您不介意，我想问您这是否是由特定原因引起的。,我明白，我很遗憾听到这个消息。请问这感觉是最近发生的事情，还是对过去更遥远的事情的记忆？,协议 6 可能对您的情况有所帮助，但它并不适合所有人，因此我想了解它是否适​​合您。您是否已经在过去执行了协议 6，并发现它由于旧事件而重新点燃了无法控制的情绪？,协议 11 可能对您的情况有所帮助，但它并不适合所有人，因此我想了解它是否适​​合您。您过去是否已经使用过协议 11，并发现它因旧事件而重新点燃了无法控制的情绪？,感谢您迄今为止的开放态度。我现在想继续提出更多问题，以便我能够更好地理解和帮助您。,请问最近几天，您是否对生活中的某个人有以下强烈的感受或表达：,,,,,,,我对我的新公寓和它的位置很满意,我很高兴我的老板选择了我参加升职,我今天感觉很棒，谢谢你的提问,,,,,如果您觉得合适，我想推荐以下协议。您可以选择您喜欢的一种来查看其内容。,如果您现在可以尝试选择的协议，我将不胜感激。准备好后，返回并按“继续”。,感谢您确认您已接受此协议，我希望这对您来说是一次积极的体验。请问您现在感觉比开始协议之前好还是不好？,这是个好消息，谢谢你让我知道。您现在想尝试另一种协议吗？,哦，我很遗憾听到它，有时通过协议会带回不舒服的回忆，我知道这可能很艰难。您想用不同的协议再试一次吗？
男性,40-49,,,,,,,,,,,,,,,,,,,,,,,,,,,,,,,我怕我得了癌症,我最近对离开家感到焦虑和害怕。这种长时间的隔离对我不利,不太好，感觉快要窒息了,好吧，我想知道是什么让你有这种感觉。有没有发生什么让你感到焦虑的事情？,这是最近发生的还是不久前发生的？,您最近是否尝试过协议 6？这是否带来了不舒服的回忆，让你感到不知所措？,您最近是否尝试过协议 11？这是否带来了不舒服的回忆，让你感到不知所措？,感谢您与我分享这一点，我很感激这对您来说既艰难又令人沮丧。我可以问几个问题来帮助我了解发生了什么吗？,您是否会说您曾经对某人有以下任何情绪，和/或表达过它们：,,,,,,,我感觉很好，我的皮肤很开心,我感觉很好，生活很好,我今天对自己感到很满足,,,,,我认为这些协议之一可能会对您有所帮助。您想尝试哪种协议？,试试这个协议，完成后按“继续”。,你认为这让你感觉更好还是让你感觉更糟？,您想尝试另一种协议，看看它是否也能让您感觉更好吗？,尝试不同的协议，看看是否能让你感觉更好呢？
女性,18-24,,,,,,,,,,,,,,,,,,,,,,,,,,,,,,,我今天很焦虑，我要考驾照。,我今天很焦虑，一切都感觉很压倒性。,我今天很紧张，因为我有一个大考试。,,,,,,,你认为你有责任救出自己以外的人吗？,您认为是否有任何外部因素可能会影响您的感受，例如其他人的行为、言语或行为？,你认为你可能是在试图掌管别人吗？,是否有可能您总是为出错的事情责备自己，即使它们不一定是您的错？,与人交谈时，您认为自己善于倾听和理解他们的观点吗？,你个人现在是否正在经历一段艰难的时期？,我今天感觉很好，我通过了考试！,今天能见到我的家人，我感到很兴奋。,我期待着和我的朋友出去吃饭。,我很高兴听到这个！你想让我推荐一个协议来进一步增强你的积极性吗？,非常感谢你与我分享。从您的回答来看，您感觉 {} 听起来对吗？,我很抱歉造成误解。你能告诉我这些情绪中的哪一种符合你的感受吗？,感谢您今天的合作，我很感激。回头见！,,,,,
女性,30-39,,,,,,,,,,,,,,,,,,,,,,,,,,,,,,,我害怕死亡，有时我只是彻夜难眠，想着生命的荒谬,我真的很担心我的外表，有些日子我宁愿根本不出门,我怕我会失业，下个月付不起房租,,,,,,,如果可以的话，我想调查一下，找出你焦虑的根源。您是否通常将自己视为救援者，肩负着将他人从自己的问题和不幸中拯救出来的任务？,我明白了，谢谢，那么或许我们应该去别处寻找这种焦虑的根源。你会说现在有人在伤害你，强迫你做你不想做的事情或让你受苦吗？,没关系，谢谢你让我知道。难不成你就是想控制别人的人？有时，当我们自己经历痛苦时，我们可能会这样做。,我明白了，那很好，谢谢。最近，你是不是总发现事情没有按计划进行时，总是把责任推到自己身上？,我想问问你现在的思维模式，如果可以的话。一般来说，你认为自己是一个不带偏见地倾听他人意见的人吗？,为了让我能够帮助您，我需要知道您的生活中是否正在发生重大事件。你觉得你现在过得特别困难，无论是在工作中，在家里还是和朋友在一起？,我今天感觉很好,这是一个如此美好的晴天,我今天比上周快乐多了,哦，真是太好听了！如果您愿意，我想推荐一个符合您当前感觉的协议。,明白了，谢谢从你告诉我的情况来看，我会说你现在感觉{}，这听起来对吗？,哦，真的很抱歉，我当时一定是误会了。您能否通过从以下列表中选择来告诉我您的感受：,非常感谢您今天抽出时间与我们合作，希望您喜欢我们的会议。我期待着下次见到你。,,,,,
男性,50-59,,,,,,,,,,,,,,,,,,,,,,,,,,,,,,,真的很糟糕 - 真的很担心，真的觉得可怕的事情总会发生,我今天的焦虑很严重，一点点事情都让我担心,可怕，感到害怕和神经质,,,,,,,谢谢你，我真的很感谢你的合作，我想我们应该花点时间看看是什么让你有这种感觉。我可以问一下，在你的生活中，你觉得以某种方式“拯救”别人是你的工作吗？,谢谢，我现在想关注的是你对这种焦虑的感受。有没有觉得你之所以有这种感觉是因为别人的所作所为？,谢谢，你可以直接说“不”或“是”，因为这有助于我更清楚地了解你的感受。在你的生活中，是否有一种关系让你试图对他们进行过多的控制？,谢谢，我想再问问你对这种焦虑的感受。你内心有没有一个声音对你说，这实际上完全取决于你，你应该为这种感觉负责，或者出现问题是你的错？,现在让我们来看看你的日常生活。当你与人交谈时，当你谈论事情时，当你发表意见时，你是否考虑过人们的不同观点？,感谢您耐心回答这些问题，我想专注于您现在的真实情况。这种焦虑真的比我们所说的更糟糕吗，你真的因为生活中正在发生的事情而痛苦吗？,太棒了，真的太棒了,做得很好谢谢,真的很好,有这种感觉真好；我希望我们能抓住它并把它装进瓶子里。我可以推荐一个协议，它可以帮助增强您的感受。,谢谢你告诉我，我想确保我理解正确。我相信您有 {} 的感觉，您能确认一下吗？,哦，我很抱歉，我真的很感谢你告诉我我做错了 - 有时可能很难。你能给我一些帮助以确保我理解吗？这是一个列表 - 请让我知道哪一个描述了您的感受：,非常感谢与我交谈，我真的希望它做得很好。真的希望很快能再见到你！,,,,,
女性,40-49,,,,,,,,,,,,,,,,,,,,,,,,,,,,,,,老实说，我今天感到有点焦虑。我昨天见了一个朋友，现在他们被告知需要自我隔离。,很着急。我仍在等待我昨天参加的那次面试的回音。我知道我做得很好，但我上次也这么认为，并没有得到这份工作。,焦虑的！！我现在月经推迟了 3 天，而且我从不迟到！,,,,,,,有时我们希望我们可以帮助或拯救我们周围的每个人，即使以我们自己的幸福为代价。你最近有没有特别想救人或救人？,你是否觉得事情不是你的错，你已经做了你能做的，不应该受到责备，但别人是？,有时我们希望我们可以 24/7 全天候为某人服务，但这也可能变成控制行为。您是否认为您可能对某人表现出控制性行为，或试图接管他们生活的某些方面？,当出现问题时，您是否总是责备自己，希望自己做了不同的事情和/或挽救了这一天？,假设还有其他人以某种方式卷入这种情况，您是否尝试从他们的角度考虑？,现在有什么特别不舒服的地方吗，你的生活中是否有重大问题？,伟大的！今天设法将我所有的任务从我的清单中核对出来。,我感觉很好，只剩下 30 分钟了，然后我就下班了整整两个星期。,老实说，这将是我 15 个月以来第一次见到我父亲，这让我很兴奋。,好的！我有一些协议建议，希望能保持你的好心情。,我知道了。所以您感觉 {}，对吗？,哦，我的错。那么你说你今天的感觉如何？,今天真是谢谢你了。很快再见。,,,,,
男性,30-39,,,,,,,,,,,,,,,,,,,,,,,,,,,,,,,你为什么这么问我？,,,,,,,,,如果可以的话，我想调查一下，找出你焦虑的根源。您是否通常将自己视为救援者，肩负着将他人从自己的问题和不幸中拯救出来的任务？,你会说有人要为你的感受负责吗？,您是否担心无法知道或控制其他人将要做什么？,你总是为出错的事情负责吗？,你能想到有人说过的话改变了你的想法吗？,您是否在任何个人困难中挣扎（例如与亲人或与朋友闹翻）？,万分谢意。你？,我其实是！,好事发生了,我看你是！如果可以的话，我想推荐一个协议。,谢谢你分享你的情绪。我认为您感觉 {} 是否正确？,哦，对不起，我误解了你的情绪。也许您可以将您当前的情绪描述为列表中的其中一种？,我非常感谢你的参与，希望我们能很快再次见面。,,,,,
女性,18-24,,,,,,,,,,,,,,,,,,,,,,,,,,,,,,,我做得不好，我的焦虑正在踢我的屁股。,我实际上感觉不太好，我的头脑很模糊，我感到焦虑，我的直觉告诉我出了什么问题。,我有压力,,,,,,,你认为自己是别人唯一的希望吗？,你觉得有人要怪你吗？,您是否觉得需要控制事物或人来帮助缓解焦虑？,当事情出错时，你是否总觉得是你自己的错？,您是否正确考虑了可能以某种方式卷入这种情况的其他人的观点和观点？,您是否在任何人际关系或生活中遇到任何困难？,我很好谢谢。,我感觉很满足。,我真的很欣喜若狂。,那太棒了！我碰巧有一个可以帮助最大化这些积极情绪的协议，你想看看吗？,谢谢你。根据您所说的，我会说您感觉{}，我的假设是否正确？,我很抱歉。你实际感觉如何？你能从下面的列表中选择它吗？,非常感谢您参加本次会议，我非常感谢您的时间。一会儿见！,,,,,
男性,30-39,,,,,,,,,,,,,,,,,,,,,,,,,,,,,,,我今天很焦虑。,我很害怕我可能不会很好地通过考试,我对考试的题目感到焦虑,,,,,,,你相信你可以缓解人们的问题吗？,你认为有人会因为你的感受而受到指责吗？,你是否觉得你可能被视为控制欲强，甚至令人生畏？,你总是把自己的不幸归咎于自己吗？,每当别人向你提出意见时，你是否总是考虑他们的观点？,您是否觉得自己正在经历一些精神或社交方面的弱点和问题？,我很好。,我很震惊。,我很满意。,这是可爱的！让我给你一个你可以尝试的协议。,我相信从您所说的一切中您感受到{}，这是否准确？,非常抱歉。请从以下情绪中选择您的感受：,感谢您的参与。我们下次见面。,,,,,
男性,18-24,,,,,,,,,,,,,,,,,,,,,,,,,,,,,,,我有一种害怕以后坐飞机的感觉。我真的很怕坐飞机,我担心破坏其中一台工作中的机器会产生什么后果。我可能会丢掉工作！,我明天要考试，我真的很害怕我没有做好充分的准备。我是一个完美主义者，所以这种对不了解一切的担忧让我感到恐惧,,,,,,,这是因为有一种对他人而不是自己的幸福负责的感觉造成的吗？,在这种情况下，是否更像是一种被其他人做错的感觉，导致了这些消极的想法？,您是否认为您正试图影响您无法控制的某人或某事？,你是否觉得在经历了一次消极的经历后，你总是对自己太苛刻，而不是把一些责任推到你无法控制的事情上？,您是否觉得自己总是尽力倾听他人的意见，并在谈话中真正尝试理解他们？,是否有什么个人原因导致了这些负面想法？,我很好谢谢你，我刚刚收到一个好消息,太棒了，谢谢你，我正在准备和我喜欢的人约会,太好了，我的工作刚刚加薪,听起来不错。我有一个协议，你可以尝试进一步改善这种感觉，信不信由你！,谢谢，如果我错了，请纠正我。我说您现在感觉 {} 是否正确？,对不起，有时很难知道某人在键盘后面的感受。相反，您介意从这个列表中选择一种更适合您当前状态的情绪吗？,感谢您的参与，我真的很感激，您的努力非常宝贵。祝你有美好的一天！,,,,,
女性,40-49,,,,,,,,,,,,,,,,,,,,,,,,,,,,,,,我怕我的孩子受苦。他们发烧了,我怕我的孩子生病了,我担心我的孩子可能感染了 covid-19,,,,,,,有时我们可能会觉得解决所有问题并帮助每个人是我们的工作。你认为你要为别人的幸福负责吗？,您认为其他人的态度和/或行为会影响您的感受吗？,你是否认为也许你是在试图强迫别人？,会不会是你总是对自己太苛刻？,有时很容易被我们自己的观点所迷惑。你通常对别人的观点持开放态度吗？,看起来你可能过得很艰难，请知道你可以和我谈谈。你的生活中有什么特别令人痛苦的事情吗？,伟大的。谢谢你。,极好的。到目前为止，这是美好的一天！,这里一切都很好。谢谢你的提问。,那太棒了现在，为了让你感觉更好，我可以建议一个协议，你有兴趣吗？,听起来您是 {}，是吗？,对不起，我一定是看错了情况。请告诉我，你感觉如何？,谢谢你今天，我真的很感激。很快又赶上了。,,,,,
男性,30-39,,,,,,,,,,,,,,,,,,,,,,,,,,,,,,,我吓得魂不附体，胃不舒服。,可怕，我真的很着急,,,,,,,,你通常把别人放在自己之前吗？,谢谢你让我知道。有人对你做了什么吗？,谢谢你。有人没有按照你喜欢的方式做事吗？,明白了，谢谢当事情出错时，你是否总是责备自己，即使这不是你的错？,谢谢你的回答。您是否曾经尝试从不同的角度看待事物，尝试将自己置于别人的位置？,我明白。您是否觉得自己的生活遇到了困难？,伟大的！,其实还不错！,不能抱怨，事情进展得很顺利。,凉爽的！您想尝试一种协议来增强这种感觉吗？,谢谢你。如果我理解正确，您的感觉是 {}，对吗？,哦对不起。你能选择你感受到哪种情绪，或者最接近它的一种情绪吗？,感谢您今天的时间！希望早日收到你的消息！,,,,,
女性,40-49,,,,,,,,,,,,,,,,,,,,,,,,,,,,,,,我强调我不会按时完成我的工作,我担心我的工作不会达到足够高的标准,我怕我不会通过考试,,,,,,,谢谢你。你有没有想过你对某人有足够的影响力，你可以或应该拯救他们？,谢谢你的回答。你是否觉得有人给你施加了不适当的压力？,谢谢你。或许，您是否相信您正在对一个人施加不适当的压力来获得您所需要的结果？,没关系，谢谢。你是否总是把情况看得太个人化，以至于你觉得对失败负责，并认为这总是你的错？,在过去的互动中，您是否相信自己一直在倾听并听到其他表达的意见？,您的个人生活中是否有任何事情对您所处的位置和目前的工作产生负面影响？,我很高兴来到我所在的地方,我对我的生活很满意,我感谢我拥有的一切,为了保持内容的感觉，您可能对制定协议感兴趣？,听完您所说的，我了解到您的感受是 {}，我的理解是否正确？,很抱歉我误解了这一点。请问您从下面的列表中选择更准确地反映您的感受的情绪吗？,我非常感谢您所花费的时间以及您与我分享的所有内容。我希望很快能再次联系。,,,,,
男性,30-39,,,,,,,,,,,,,,,,,,,,,,,,,,,,,,,我担心我的职业,,,,,,,,,你觉得你对另一个人或其他人完全负责吗？,谢谢，我明白了。在您看来，您是否认为自己会因为自己的感受而责怪他人？,您是否认为您可能以某种方式控制或试图控制另一个人？,当出现问题时，你是否总是承担责任，即使它可能根本不是你的错？,谢谢你。回想一下您进行过的其他对话，您是否认为自己充分听取并考虑了其他人的观点？,你觉得你现在正在经历人生中的一段艰难时期吗？,感觉真好,非常感谢您的提问,都好,听到这个消息我很高兴。您是否有兴趣查看可以尝试的协议？,明白了，谢谢分享。我认为您有 {} 的感觉，我这样说是否正确？,对此我感到非常抱歉。你能从下面的情绪中突出你现在真正感受到的情绪吗？,我真的很感谢你的努力，谢谢你的参与。让我们很快再谈。,,,,,
女性,18-24,,,,,,,,,,,,,,,,,,,,,,,,,,,,,,,我感到害怕，因为我今天必须做演讲,我真的很担心我的求职面试,我很担心我男朋友不理我的消息,,,,,,,谢谢你。如果您能够拯救他人或帮助他们摆脱困境，您是否觉得自己的生活会更快乐？,谢谢，如果可以的话，我想问一个后续问题。我可以问你是否觉得其他人可能是你消极情绪的原因，而不是你自己的行为或行为？,我明白了，谢谢，我还有一个问题想问。你有没有觉得生活中有些事情或人太难以预测了，并希望你能对它们有更多的控制？,谢谢，请注意，如果可以的话，让我们进一步探索。有时事情可能会出错或无法解决；当这种情况发生时，你是否觉得自己总是有错？,现在，我希望您回想一下您与朋友、家人或同事的对话。你觉得你善于倾听别人的意见，理解所有的观点吗？,请问您目前在生活中是否遇到了特别的困难或困难，可能会导致您过度担心或痛苦？,我今天在公园散步时表现很好,我很高兴因为我和我的朋友出去了,我今天感觉很好，因为我完成了我所有的工作,听到这个消息我很高兴！我可以建议一种可能有助于增强您的积极情绪的协议，确保您尽可能长时间地感觉良好。,从您的回复看来，您今天感觉{}，我说的对吗？,哦不，我好像误会了，我很抱歉。让我再试一次：请看下面的列表，然后选择哪种情绪最能代表您今天的感受。,今天到此结束，感谢您与我交谈，我希望这次谈话对您有所帮助。期待很快再次见到您。,,,,,
男性,18-24,,,,,,,,,,,,,,,,,,,,,,,,,,,,,,,我怕我女朋友出轨,我觉得我女朋友一直在骗我，这让我很焦虑,我担心我的女朋友可能有外遇,,,,,,,谢谢你。如果我问，你觉得你必须总是帮助别人吗？,当你情绪低落时，你是否发现自己曾经责怪别人？,你有没有觉得你在试图控制别人？,当事情出错时，您是否总是觉得要自责？,我明白。你觉得你可以倾听别人的意见来帮助你度过难关吗？,您是否正在经历一些让您感到疲倦或让您感到压力的事情？,我感觉很好,是的，我很甜,我很好谢谢,很高兴你很好。我可以给你一个协议，你可以尝试让这种良好的感觉产生更持久的影响吗？,根据我们的讨论，我认为您可能会感觉到 {}，这听起来对吗？,对不起，我一定是误会了。请从下面最能反映您感受的情绪中选择一种。,感谢您今天的耐心等待。再见！,,,,,
男性,30-39,,,,,,,,,,,,,,,,,,,,,,,,,,,,,,,我很好，但我觉得我们可能会失去足球比赛,我不好，我害怕反对派,我很好，但我有一种奇怪的感觉，好像有什么可怕的事情要发生在我身上,,,,,,,你可能认为在你目前的情况下你应该能够拯救别人吗？,你可能觉得自己是一个受害者，你是否觉得你的焦虑背后有人？,您是否有任何想法表明您可能希望对某个人有更多的控制权？,你是否总是倾向于为生活中的错误而责备自己？,你有没有考虑过在之前的谈话中呈现给你的其他观点？,您是否有个人问题，例如与所爱的人有困难或与朋友分手？,我很好，谢谢你，感谢上帝赐予我生命,我很好，我不能抱怨,我很好，谢谢，上帝很好，生活很美好,那太好了。你能让我沉迷于你可以尝试增强感觉的协议吗？,根据您告诉我的情况，您可能感觉 {}，我这样说是否正确？,请原谅我。在不引导你的情况下，请从我给你的清单中选择你的感受。,我真的很想花时间感谢您成为如此出色的参与者。很高兴能很快再次见到你。,,,,,
女性,50-59,,,,,,,,,,,,,,,,,,,,,,,,,,,,,,,我有些害怕，因为城里所有的骚乱让我担心自己会出事，否则我将无法获得食物和必需品。,我感觉有点压力，因为我忘记付信用卡了。,我担心我所做的一个项目，因为我担心我可能犯了错误。,,,,,,,我了解您感到焦虑。你认为你的焦虑可能是因为你试图拯救一个可能不需要拯救的人吗？,您可能会因为将自己视为受害者而有这种感觉吗？,我能理解焦虑是什么感觉，有时焦虑会让我们觉得某人没有按照他们应该的方式行事。可能是你试图控制某人，甚至没有意识到吗？,明白了，谢谢你是否认为，当出现问题时，你总是责怪自己？,我理解您的感受并且不想以任何方式冒犯您，但我确实需要询问您如何与其他人及其想法打交道。在之前的讨论中，您是否考虑过其他人关于这个问题和其他主题的观点？,谢谢你对我敞开心扉，我真的很感激。请问您是否遇到与亲人或朋友的一些问题，或者您是否处理过任何其他重大的痛苦事件？,我感觉很棒，谢谢，我刚刚被告知我被提名一个奖项。,我很好，谢谢，此刻对我的生活感到非常满意 - 我刚刚遇到了一个了不起的人。你今天感觉如何？,我今天很开心，我刚升职加薪。,我很高兴听到这个。我认为这将是尝试可能让您感觉更好的协议的最佳时机。,谢谢，我只是想确保我理解正确。我想您感觉 {}，这听起来对吗？,哦不，我很抱歉。如果您不介意，请从此列表中选择您的感受：,非常感谢您在本次会议上与我共度时光。我真的很期待很快见到你。,,,,,
男性,18-24,,,,,,,,,,,,,,,,,,,,,,,,,,,,,,,有点担心。,有点紧张,稍微在边缘。,,,,,,,也许你给自己施加了太多的压力来帮助别人。你觉得别人太依赖你了吗？,那么这样的话，我想知道，也许你觉得你太依赖别人的认可了。你认为你的负面情绪部分是由他人造成的吗？,你觉得对别人有任何责任吗？你会说你试图过多地影响他们的生活吗？,也许你对自己太苛刻了。当出现问题时，您是否总是发现自己有错？,当您与他人交谈时，您通常会尝试了解他们的观点吗？,最近发生了什么可能影响你情绪的事情吗？例如与某人的关系发生变化。,伟大的,我很好，谢谢,我感觉很好,听到这个消息我很高兴！让我们尝试一个协议，看看我们是否可以继续这样做，你怎么说？,谢谢，我只是想确保我们在同一页面上。您认为 {} 最能描述您现在的感受吗？,我为我的误会道歉。您认为以下哪一项最接近您目前的感受？,非常感谢您的时间和努力。祝你有美好的一天！,,,,,
女性,30-39,,,,,,,,,,,,,,,,,,,,,,,,,,,,,,,我今天真的很不舒服。等待我的结果正盯着我吓坏了！,今天醒来感觉不到自己，这让我感到害怕。每当我有这种感觉时，总会发生一些不好的事情。,我们国家正在发生的抢劫让我担心我的生命和我所爱的人。,,,,,,,我想进一步调查一下是什么造成了这种感觉。你认为你应该成为别人的救世主吗？,好的，如果您能与我分享更多信息，我将不胜感激。你可能认为自己是受害者吗？你会因为你的负面情绪而责怪别人吗？,我明白了，谢谢你，让我们继续下一个问题，试图找到你感受的根源。也许你觉得你在试图控制某人？,好的谢谢。你会说你最近总是在责备自己，每次出了什么问题吗？,请告诉我，您通常容易参与对话并听取他人意见吗？,请记住这是一个安全的空间，我在这里帮助您感觉更好。如果我问，您是否觉得您现在正在经历个人危机（例如与亲人相处困难或与朋友闹翻）？,太阳出来了，我有一种感觉，这将是美好的一天！,今天，我欣喜若狂。我的结果是阴性的。,今天，我恰好是活着的最幸福的人。你知道为什么？仅仅因为我已经让它看到另一天。,那太棒了！我可以推荐一个您可以尝试增强这种积极感觉的协议吗？,感谢您通过分享您的感受来信任我。从你告诉我的情况来看，我相信你有 {} 的感觉？,我很抱歉造成误解。请从下面反映您感受的情绪中选择一种来纠正我：,感谢您的合作和参与本次会议。期待很快见到你。,,,,,
男性,40-49,,,,,,,,,,,,,,,,,,,,,,,,,,,,,,,我感到压力和焦虑,我感觉不太好，有焦虑,我只想离开这里,,,,,,,很抱歉听到您的麻烦，让我们尝试深入了解它。你相信你是在让某人失望吗？,你认为你有坏事吗？,你想从某人身上得到特定的东西吗？,当事情没有按计划进行时，你总是责备自己吗？,你考虑过别人的想法吗？,在您的生活中是否有一些特别令人痛苦的事情会影响您的感受？,伟大的,惊奇球,真的很好,我可以推荐一个协议来增强它吗？,谢谢，如果我错了，请原谅我。我相信您是 {}，我的想法是否正确？,啊，我道歉。此列表中的哪种情绪最能描述您的经历？,真的非常感谢你。我希望很快能见到你。,,,,,
女性,50-59,,,,,,,,,,,,,,,,,,,,,,,,,,,,,,,我感觉不太好，我有一种伴随焦虑而来的下沉感。,我觉得可能会发生一些不好的事情，而且我担心它会发生。,我真的感觉不是很好，我有一种恐惧的感觉在我的肚子里。,,,,,,,如果你帮助别人，你认为对你有帮助吗？,我想知道你是否觉得别人的行为让你有这种感觉。你会因为你现在的感受而责怪别人吗？,是否希望你能影响某人或某事？,很抱歉，您感觉不太好，我想知道您是否为此将责任归咎于自己。你认为你总是为每一个问题责备自己吗？,你会说你在和别人聊天的时候总是能考虑到别人的观点和意见吗？,我担心你的感受。此刻您的生活中是否有特别艰难的时刻？,我感觉很好谢谢,一切顺利，我很高兴地说,谢谢你的提问，我在一个好地方,很高兴听到这个。我正在考虑一项可能会让您感觉更好的协议，您想听更多吗？,我想说您现在感觉{}，您认为这是对您当前心情的合理描述吗？,我真的很抱歉我做错了。也许以下情绪之一会更准确地描述它？,我很高兴你能参加。我希望我们能尽快联系，再次感谢。,,,,,
男性,30-39,,,,,,,,,,,,,,,,,,,,,,,,,,,,,,,今天是漫长的一天，会议的进展让我对我在这家公司的未来感到茫然,现在在抢劫袭击后我的生活极度紧张,担心我的测试结果会是什么,,,,,,,我知道你现在正在经历一个艰难的时刻，但请让我调查一下，看看是否有更深层次的原因。你认为你可能有试图拯救其他人的倾向吗？,没关系，谢谢。你会因为发生在你身上的事情而责怪任何人吗？你认为自己是这一切的受害者吗？,我很感激你对我敞开心扉。在这一切中，您是否看到自己试图影响或控制他人的行为？,谢谢，你的情绪和感觉是有效的，我想了解更多。您是否总是觉得生活中的任何困境或问题都应该归咎于您？,谢谢，我很欣赏你的诚实，在我看来你是一个非常开放的人，但是有时很容易过于执着于我们的信念，这会阻止我们作为个人成长。老实说，您是否觉得自己一直能够接受其他人的观点？,感谢您迄今为止分享的一切。如果我问您，您是否觉得自己正在经历特别困难的情况，无论是与家人、朋友还是亲人？,我做得很好，我得到了期待已久的晋升,这一天过得很好，我儿子拿到了冠军,我感觉自己在世界之巅，这是我的结婚纪念日,,阅读您告诉我的内容后，我相信您会感觉到 {}，这是否足够接近？,哦，对不起，我误会了你。从列出的情绪中，您能否选择最能定义您当前感受的情绪？,谢谢你，你很棒，很高兴能一起解决这个问题。我希望你能很快回来。,,,,,
女性,18-24,,,,,,,,,,,,,,,,,,,,,,,,,,,,,,,我感到有点害怕,我感到很不安,我现在很担心,,,,,,,很抱歉让您感到焦虑，如果还有其他因素在起作用，我希望尝试更好地理解。你现在的感觉是否是因为相信你应该在他们需要帮助的时候帮助他们？,我明白。你是否觉得别人有错，就好像他们让你有这种感觉一样？,我明白。也许您生活中的某个人没有按照您认为的那样行事，而您可能正在鼓励他们改变自己的方式？,我知道了。看看你自己，你会说你总是觉得有责任感还是在出现问题时责备自己？,在过去与朋友或亲人的对话中，每当他们与您分享时，您是否总是考虑过他们的观点？,如果这些问题听起来有点私人，我深表歉意。您是否正在经历某种个人危机或紧急情况，这是否是您情绪的原因？,我感到开心,我感到欣喜若狂,我对我的生活感到满意,太棒了，我很高兴听到它。我可以推荐一种治疗方案来增强您的积极情绪吗？,谢谢你对我敞开心扉。我假设您感觉 {} 是否正确？,我深表歉意。请从下面的列表中选择最能描述您的感受的情绪：,我很感激你的参与。我希望很快能再次与你合作。,,,,,
男性,50-59,,,,,,,,,,,,,,,,,,,,,,,,,,,,,,,我害怕。我找不到我的儿子。,我很担心，我的电话打不通。,我很害怕！一个疯狂的斧头杀人犯在我家。,,,,,,,你认为帮助别人是你的责任吗？,你认为人们对你不公平吗？,当有人做了你希望他们不会做的事情时，你真的很生气吗？,当出现问题时，您是否总是对自己感到难过？,你总是听每个人和你说话吗？,你觉得你现在可能正在经历个人危机吗？,我很好。,我很高兴。,我太棒了。,极好的！ Dio 你认为你今天可能想尝试一个协议？,我想您可能会感觉到 {}，您认为这是真的吗？,我很抱歉，我的错。在您看来，您目前正在感受这些情绪中的哪些？,谢谢，你今天很棒。我希望我能很快见到你，再见！,,,,,
女性,30-39,,,,,,,,,,,,,,,,,,,,,,,,,,,,,,,我对自己的 COVID 检测结果呈阳性感到担忧和恐惧。,我感到不安和不安，我不明白为什么。,我害怕在我的工作中不成功，感觉自己像个冒名顶替者。,,,,,,,您是否认为有时您会优先考虑其他人的问题并试图拯救他们而不是处理自己的问题？,您是否认为自己可能会无意中发现自己将他人视为消极情绪的来源，并因此而觉得自己是受害者？,您认为在管理您的负面情绪时，您是否可能对生活中的某个人表现出控制性行为？,当出现问题时，您是否发现自己总是向内看，并指责和指责自己？,在过去的谈话中，你是否认为你一直都充分考虑了别人提出的观点？,您现在的个人生活中是否有任何事情造成了额外的压力？,我太棒了，觉得我今天取得了很多成就。,我很高兴我刚刚通过了考试。,我很高兴，因为我刚被大学录取。,很高兴听到！我可以给你看一个可能会增强你现在感觉的协议吗？,听你说，你好像感觉{}，我理解正确吗？,对于误会，我深表歉意。如果您可以在下方选择一种真正反映您感受的情绪，那将非常有帮助。,非常感谢你的合作。我希望很快能在见到你。,,,,,
女性,18-24,,,,,,,,,,,,,,,,,,,,,,,,,,,,,,,我今天很焦虑。,我今天真的很紧张。,我脑子里想了很多。,,,,,,,您是否觉得自己有责任帮助他人？,您是否觉得自己受到了他人行为的负面影响？,您是否认为您可能会试图控制另一个人，无论您是否有意？,你是否发现你总是为出错的事情责备自己，即使它们是你无法控制的？,老实说，您是否也考虑过他人因您的言行而可能会有的感受，并且您是否考虑过他们的观点？,如果我问，您目前是否正在经历一些可能导致您度过困难时期的个人问题？,我很好！,我感觉好极了。,我感谢我现在所处的位置。,那挺好的！如果您愿意，我有一些协议建议可以帮助您感觉更好。,听完您的担忧后，我认为您的感觉是 {}，这是真的吗？,我很抱歉误解了你的感受。请告诉我您的感受，以便我更好地理解。,非常感谢你向我敞开心扉，告诉我你的感受。我很高兴我们可以进行这次聊天，如果您需要我，我会在这里。,,,,,
男性,40-49,,,,,,,,,,,,,,,,,,,,,,,,,,,,,,,我感到焦虑,我感到害怕,目前感觉不太好，因为我有焦虑,,,,,,,你认为自己是一个同理心的人吗，总是为他人着想对你来说很重要吗？,你会说你的感受是因为别人吗？,在你生命的这个阶段，你觉得有必要控制任何人吗？,当事情出错时，你总是倾向于责备自己吗？,老实说，你会说你有能力从别人的角度看问题吗？,你在生活中经历过任何个人创伤吗？,我感觉很神奇！,我在世界之巅！,感觉很好谢谢！,那太棒了！如果你想听一听，我仍然可以推荐一个可以帮助建立这种良好感觉的协议。,我想您可能会感觉到 {}，您同意吗？,很抱歉对于这个误会。你会说你此刻的感受是什么？,非常感谢您参与其中。我希望很快能见到你。,,,,,
男性,18-24,,,,,,,,,,,,,,,,,,,,,,,,,,,,,,,我今天真的感觉不像我自己，我感到害怕和害怕,我只是今天感觉不对，我有这种严重的焦虑,我昨晚因为焦虑而睡不着,,,,,,,听到您感到焦虑，我很抱歉，我想尝试找出您有这种感觉的原因。你有没有觉得大部分时间你可能把别人放在自己之前？,好吧，这是可以理解的。你觉得别人是你这种感觉的原因吗？,好的，谢谢你。你认为你经常负责生活中的人或事吗？,好吧，没关系。有了这样的感觉，当事情不顺心时，你是否发现自己总是自责或沮丧？,好的谢谢。在过去的谈话中，你有没有尝试过从对方的角度看问题，试图更好地理解情况？,谢谢你的坦率和诚实，我想确保你没事。考虑到正在发生的一切，您的社交和个人福祉目前是否受到特别严重的影响？,我感觉真的很好！,我准备好了，我等不及要开始新的一天了！,今天将是美好的一天，我能感觉到,这真的很好，我很高兴听到它。如果你愿意，我可以建议一个协议来提升你的情绪。,综合你刚才告诉我的一切，我相信你今天感觉{}，你认为这样说公平吗？,对不起，也许我不是最擅长阅读人的。如果你不介意我问一下，你今天感觉如何，你能从下面的列表中选择你觉得最接近你当前心情的吗？,感谢您的时间。我相信我们会再次穿越的！,,,,,
女性,40-49,,,,,,,,,,,,,,,,,,,,,,,,,,,,,,,我今天感到很担心，因为我可能会失去工作。,今天心情很紧张，要去面试。,我今天感到很害怕，因为我必须上法庭。,,,,,,,我想让你知道我完全理解这种感觉是什么感觉，我接下来的问题可能会帮助我理解表面之下发生的事情。你认为你可以试图成为别人的救援者吗？,好的，让我们进一步探讨一下。你认为你可能会让别人对你对自己的感觉负责，可能将自己视为受害者吗？,谢谢你和我谈论这个。另一种可能性是，您可能试图控制他人以减少焦虑，您认为情况可能是这样吗？,谢谢你，如果你同意的话，我希望我们能深入挖掘一下。当事情没有按照你想要的方式发展时，你认为你总是为此责备自己吗？,你认为从另一个人的角度看事情对你有帮助吗？,在您的个人生活中是否有任何事情让您感到困难？,我今天感觉很好，阳光明媚，是美好的一天。,精彩的 ！我有一份新工作。,我今天感到非常高兴。,我真的很高兴你有这种感觉。我想我可以推荐一个可以让你感觉更快乐的协议，你想听听吗？,我听到的是您感觉 {}，是吗？,哦，对不起，我误会了。请选择您认同的情绪：,我们已经结束了会议，我要感谢您抽出时间与我一起解决这个问题。再见。,,,,,
男性,18-24,,,,,,,,,,,,,,,,,,,,,,,,,,,,,,,我今天感到害怕和不安。,老实说，我今天感到很焦虑。,我有点紧张。也许这只是我的焦虑。,,,,,,,我知道您现在感到有些不安和焦虑。你能告诉我更多关于你的感受吗？您是否觉得需要帮助生活中的其他人以使自己感觉更好？,那就好，谢谢解答。我想问一下，如果您不介意，您是否觉得自己受到了伤害和/或其他人对您的负面情绪负责？,出于某种原因，想要控制生活中的事物或人是很常见的，尤其是当我们正在经历一段艰难的时期并觉得没有任何进展时。你有没有可能试图控制你认识的人？,您是否感觉到每当出现问题时，您总是倾向于责备和指责自己？,我希望你仔细思考并诚实地告诉我，如果你认为你最近一直在充分听取其他人的建议，并认为值得采纳这些建议。,虽然在生活中遇到一些困难是正常的，但与亲人分手或与朋友闹翻等重大事件有时会导致个人危机。你认为你现在可能正在经历一场严重的危机吗？,我感觉很好，我在我快乐的地方。,我做得很好，我今天感到很高兴。,今天心情很好，好久没有这么开心了。,我很高兴你心情很好。我可以向您推荐一个协议，您可以尝试让自己感觉更好！你怎么认为？,根据你告诉我的内容，你似乎感觉{}，你认为这是准确的吗？,对不起，也许我误解了你的感受。我认为如果您能挑选出您认为最能代表您的情况的情感，那可能是最好的：,我要真诚地感谢您参与其中。我希望很快能见到你！,,,,,
女性,18-24,,,,,,,,,,,,,,,,,,,,,,,,,,,,,,,我做得不好，我只是无法面对这一天。,不好。我害怕即将发生的事情。,我就是无法面对这一天。抱歉。我现在需要一个人。,,,,,,,你是否觉得你最近有一种强烈的帮助他人的愿望，你可能会过度扩展自己，以至于影响到你自己的生活？,你觉得有人可能对你目前的感受负责吗？,当您应该接受事物的现状并允许事物流动时，您是否觉得您可能正在尝试控制情况的结果？,你是否总是让自己为发生的任何事情负责，并为任何失败归咎于自己？,一般来说，你认为你总是倾听别人的观点并注意他们为什么做他们所做的事情吗？,我想问你关于你生活中的事情的总体情况。现在，您是否觉得与朋友或家人有未解决的问题？,我感觉很棒,我很好，准备好迎接这一天了。,我很好谢谢！,太好了，我为你高兴！我可以推荐一个协议供您尝试吗？,谢谢你。我说您感觉 {} 是否正确？,哦，对不起。能否请您告诉我您的感受：,谢谢你今天和我分享。想谈什么就回来找我。,,,,,
男性,40-49,,,,,,,,,,,,,,,,,,,,,,,,,,,,,,,我今天感觉真的很不舒服，就像我一直被跟踪一样。,心都快跳出来了，今天好着急,我今天心情不好，就像有什么东西紧紧抓住我的心，挤压着它,,,,,,,你相信你有能力在任何时候拯救每一个人吗？,你认为别人对你的负面情绪有过错吗？,你相信你可以操纵别人吗，即使那不是你的本意？,当事情没有按照应有的方式发展时，您是否总是要受到责备？当事情出错时，你会成为被指责的人吗？,你有没有想过其他人可能提出的建议，哪些现在对你有帮助？,最近您和另一个人之间是否有让您感到不适或沮丧的事件？,我今天感觉好极了，没有什么可以让我失望。,今天会很精彩,今天对我来说将是一个愉快的好日子，我感觉很棒！,很高兴听到你心情很好。我实际上有一个有益的协议，你可以试试。,感谢你的分享。我的印象是你今天是 {}，这是正确的吗？,抱歉，那我一定是弄错了。请告诉我，您正在经历以下哪种情绪？,谢谢，非常感谢您参加本次活动。我期待着在不久的将来见到你。,,,,,
女性,50-59,,,,,,,,,,,,,,,,,,,,,,,,,,,,,,,我担心我会在发薪日之前用完钱。,我很焦虑，因为我需要解决一些家庭问题。,我怕我的猫生病。,,,,,,,您是否担心并担心让别人更快乐是您的工作？,你有没有可能觉得别人的行为让你不开心，而不是你自己的过错？,您是否认为您正处于试图影响他人行为方式的位置？,当出现问题时，您可能总是认为自己有错，您认为这是真的吗？,有时很容易只看到争论的一方面。您是否觉得自己总是以开放的心态进行对话？,我希望你能足够信任我，如果你需要帮助，请告诉我。你觉得你现在正在经历一段非常艰难的时期吗？,我今天很高兴，因为明天我放假了。,今天发生了很多好事，所以我特别高兴。,我肯定很满足，因为我昨晚睡得很好。,太好了，您似乎朝着更快乐迈出了一大步！我们要不要一起选择一个协议来保持这种状态？,谢谢你，让我仔细检查一下你刚刚告诉我的。据我所知，您的感受是 {}，准确吗？,对不起，我拿错了棍子的一端。如果你看这个列表，你可以指出你正在感受哪种情绪，那么就不会有误解。,我很高兴我们能一起度过这段时光，希望对你有帮助。想多聊几句的时候可以回来。,,,,,
男性,40-49,,,,,,,,,,,,,,,,,,,,,,,,,,,,,,,我想我会惊恐发作。,我很害怕今天得到结果。,我感到很焦虑，我认为我无法应付。,,,,,,,你认为至少你的一些焦虑可能是因为你有责任拯救别人吗？,好的，谢谢你的回答。你认为你的负面情绪是由别人对你的行为引起的吗？,您是否可能因为觉得别人做了您应该更多控制的事情而感到焦虑？,当事情出错时，你总是认为是你自己的错吗？,请回想一下之前与其他人的对话。在你之前的谈话中，你是否考虑过对方的观点，即使他们与你自己的不同？,当人们的个人生活不顺利时，人们变得焦虑是很常见的。您的个人生活是否比平时压力更大（例如，与亲人或朋友的问题）？,在世界之巅，伙计！,不能更快乐。,事情进展得很顺利，谢谢。,很高兴听到你感觉很好。你目前的幸福状态真的会给你一个很好的基础来尝试一种协议，它可以帮助你巩固和建立你生活中的积极因素，帮助你最大限度地发挥幸福的潜力，我们可以试试吗？,感谢您的回答。在我看来，您现在是 {}，该描述与您的感受相符吗？,对不起，我真的很想了解你的感受。您能帮我从列表中选择最符合您感受的选项吗？,非常感谢您参加本次会议，我非常感谢您的时间和您提供的深思熟虑的意见，希望本次会议对您有所帮助。我期待很快再次见到你，保重。,,,,,
女性,40-49,,,,,,,,,,,,,,,,,,,,,,,,,,,,,,,我今天感觉不太好。我非常焦虑和不安。,不是很好。我担心我的安全。,我想有人一直在跟踪我，我很害怕。,,,,,,,您是否认为您可能正在寻求改变某人而不是专注于自己？,有时我们可能会觉得其他人要为我们的感受负责。您认为现在有人正在引起您的焦虑吗？,很难接受我们无法控制他人的想法或行为。你最近有没有发现自己试图控制某人？请放心，我不会因此评判你。,你认为你总是对自己很苛刻吗？,您是否同意对同一主题的不同看法可以为我们打开其他可能性？,生活中是否有任何重大事件让您感到焦虑？,我感觉很棒。,我现在很开心。,目前对我来说一切都很顺利。,伟大的！如果您愿意，让我们通过协议来探索更多关于这些感受的信息。,如果我理解正确，您的感受是 {}，这是否足够准确地描述它？,我很抱歉。让我们来看看这个列表，看看什么最能反映你现在的感受。,很高兴与您交谈，感谢您抽出宝贵时间。暂时再见。,,,,,
男性,18-24,,,,,,,,,,,,,,,,,,,,,,,,,,,,,,,我不舒服。我正在为即将到来的考试感到压力。,我很害怕，虐待我的前任试图再次联系我。,我很紧张，我的课堂报告是明天，我讨厌在人群面前演讲。,,,,,,,我可以理解你现在的感受，并想看看这里是否有更深层次的因素在起作用。你认为自己是那种想要或需要拯救他人的人吗？,你是否觉得你现在的感受不应该归咎于你，而某人或某事是原因？,您是否觉得您现在可能正在尝试影响生活中的其他人？,当事情不顺利时，您是否总是觉得自己将所有责任都归咎于自己？,在与他人交谈时，您是否觉得自己考虑了他们的意见？,我想知道你生活中的其他事情和人际关系现在进展如何。您目前是否正在经历一个特别艰难的时期，或者正面临重大问题？,我很好，谢谢！刚刚开始我的假期，很放松。,伟大的！我的考试成绩出炉了，我考得很好！,很好，能够在周末探望家人，并与他们共进晚餐。,精彩的！如果您愿意，我可以推荐一个协议来帮助您感觉更好。,根据您告诉我的情况，您感觉 {} 是这样吗？,我很抱歉。如果可以，请从以下列表中选择，告诉我您的感受：,谢谢，感谢您的合作。很快再见！,,,,,
女性,30-39,,,,,,,,,,,,,,,,,,,,,,,,,,,,,,,我今天有点着急，等待一些结果,我害怕我会失败,我很担心会发生什么,,,,,,,谢谢你。您是否觉得其他人过于依赖您的支持？,谢谢你让我知道。你认为别人的行为让你有这种感觉吗？,谢谢，我明白了。您是否发现自己想要引导他人的行为或行动朝着正确的方向发展？,我只想询问您可能正在经历的任何罪责感。你是不是总觉得一切都是你的错？,我明白了，谢谢你，以及你如何与他人相处。你能不能坦率地说，你考虑到了别人的感受，仔细倾听了他们对你说的话？,再次感谢您，我只是想确保一切正常。最近生活中有没有让你感到困扰的部分？,我很好，非常感谢，我度过了愉快的一天,我感觉棒极了，我刚刚减掉了一件衣服尺码,当然，锻炼后我感到精力充沛,太棒了，总是很高兴听到。你想让我给你一个协议，让你感觉更满足吗？,我觉得你今天感觉很{}，是吗？,我很抱歉，我不是故意误判的。你有这些情绪吗？如果是这样，请通过选择它让我知道：,非常感谢你跟我说话。我期待很快再次发言。,,,,,
男性,50-59,,,,,,,,,,,,,,,,,,,,,,,,,,,,,,,我今天感到压力很大。我有太多太多的事情要做，但时间太少了。,我对即将到来的医生预约感到焦虑。,我担心我不会通过我的驾驶考试。,,,,,,,是不是您觉得有必要尝试拯救他人，而这可能是您感到焦虑的根源？,是不是你觉得你的负面情绪可能要归咎于其他人，这会导致你的焦虑？,谢谢你，我想帮助你感觉好些，因为我知道焦虑很难。您是否有可能试图控制某人，这是否会导致您感到压力很大？,我会尽力提供更多帮助，如果你觉得没问题，因为我看到了你的痛苦。会不会是你对自己太苛刻了，出事时总是自责自责？,我想知道，您是否尝试过仔细聆听并考虑您所爱的人提出的其他观点？,也许你的压力源于你个人正在经历的一些困难。您在与亲人或朋友相处时遇到任何困难吗？,我今天感觉很好，谢谢！,今天感觉很满足，谢谢！,我今天感到非常幸福和感激，谢谢。,哦，我很高兴听到这个消息！感觉快乐/满足是我们都想保持的东西，所以我可以推荐一个治疗方案，你可以用来增强和保持这种积极的感觉吗？,现在，我想澄清一下您的感受是 {}，对吗？,对于误解您的实际感受，我深表歉意。请您从下面的情绪中选择最能反映您的感受的情绪，以便我更好地理解它？,非常感谢您在本次会议期间的时间和合作。我期待很快的另一场会议。,,,,,
男性,40-49,,,,,,,,,,,,,,,,,,,,,,,,,,,,,,,我担心我的工作,我的孩子生病了,我没钱,,,,,,,你有时会觉得你是在试图拯救每个人吗？,你是否因为自己的感受而以任何方式责备他人？,你认为你的行为方式有可能被解释为控制吗？,您是否认为当事情不顺利时，您可能总是在责备自己？,你是否总是倾听生活中的人的意见，并在与他们交谈时考虑他们对事情的看法？,谢谢，我想更多地了解您的总体感受。您目前是否有任何机会遇到个人困难？,太好了，我刚中了乐透,太好了，今天是我的生日,太棒了，我刚升职,这真是太棒了。你想尝试一个协议吗？,谢谢你。我的印象是你感觉{}，对吗？,对于那个很抱歉。请阅读以下情绪并选择最适合您的感受：,我很高兴你参加了今天的会议。一会儿再说。,,,,,
女性,30-39,,,,,,,,,,,,,,,,,,,,,,,,,,,,,,,我感到有点压力，因为我必须在全校面前演讲。,我确实感到有点焦虑，因为我即将做一些我以前从未做过的事情。,今天我有点害怕我今天晚些时候的考试成绩不会有好成绩。,,,,,,,您是否觉得自己必须成为他人的救星，还是他人总是期待您的帮助？,您是否觉得好像是其他人造成了您的负面情绪？,你是否感觉好像你需要控制别人，因为你觉得自己失去了控制？,你是否总是觉得你的负面感受或经历是你自己的错？,你总是愿意听取别人的建议吗？,你现在有特别困难的时候吗？你觉得你需要帮助吗？,非常好。,我很好。,优秀的。,很好，让我们找到一种方法来保持这种感觉！我可以推荐一个协议供您尝试吗？,您今天似乎感觉{}，这是否足以准确描述您的感受？,我很抱歉。您想通过自己选择来帮助我了解您的感受吗？,我很感激你和我一起度过了这段时间。我希望很快能见到你。,,,,,
男性,40-49,,,,,,,,,,,,,,,,,,,,,,,,,,,,,,,我现在无法回答，需要离开。,你问我这个干嘛？,我非常担心气候变化,,,,,,,你认为你有什么重要的东西可以提供给别人吗？,你是否因为你觉得别人对你做过的事情而受伤？,你有没有可能强迫别人，也许是你关心的人，按照你想要的方式行事？,当您认为事情不顺利时，您是否觉得自己可能总是在无意中伤害自己？,回想起来，你是否一直试图把自己放在别人的位置上？,在这个困难时期，您是否觉得您崇拜和关心的人不了解您正在经历的事情？,生活很好。,活着真是神奇的一天！,又是美好的一天。,真是太好听了！您想尝试一种符合您心情的协议吗？我希望它可以激励你，让你的一天更加明亮。,感谢您对我的信任并分享您的感受。如果我理解正确，您现在感觉{}，您会说这是真的吗？,我的错。你能通过从下面的列表中选择正确的情绪来告诉我你的感受吗？,感谢你今天勇敢地分享你的感受，我很感激。我期待我们的下一次会议。,,,,,
女性,18-24,,,,,,,,,,,,,,,,,,,,,,,,,,,,,,,我今天感觉很糟糕，我的焦虑来自屋顶。,太可怕了我做了一个非常可怕的梦，这让我感到非常焦虑。,我没事，只是对未来有些担忧。,,,,,,,你觉得你想拯救别人并让他们感觉更好吗？,你是否觉得别人故意让你感觉不好？,您最近是否发现自己想要更多地控制他人，或者希望您可以改变他们的行为？,你是否觉得你总是让自己成为事情出错的原因？,你会说你一直乐于听取别人的意见吗？,你生活中现在有没有什么大事让你有这种感觉？,我今天感觉很棒！谢谢你。,今天是个好日子，你好吗？,我今天感觉真好！,那太棒了！为了保持这种状态，我可以向您展示一个您可以执行的协议吗？,我可以看出您可能会感觉到 {}，这准确吗？,对不起。请从这个列表中选出你感受到的情绪，帮助我理解：,非常感谢您今天的诚实和努力，非常感谢。很快再见！,,,,,
女性,30-39,,,,,,,,,,,,,,,,,,,,,,,,,,,,,,,我不喜欢在人群中，这让我真的很焦虑，有点害怕,我刚刚惊恐发作，感觉很糟糕,我颤抖着，有一种恐惧的感觉,,,,,,,你是不是总觉得必须把别人放在自己之前？,最近，你是否觉得人们“想要抓住你”？,您是否觉得对其他人负责，以至于您可能试图改变或纠正他们的行为？,您是否总是觉得出现问题是您的错？,你觉得别人的意见有道理，你听他们的吗？,你的生活中有什么特别紧张的事情吗？,充满希望,兴奋的,伟大的,如果您有兴趣，我认为您会喜欢的协议。,感谢您的开放和与我分享。你今天看起来像 {}，你也会这么说吗？,对不起。请告诉我你的真实感受。,我真的很感谢你和我说话，谈论一个人的感受需要勇气。我期待与您再次交谈！,,,,,
男性,60-69,,,,,,,,,,,,,,,,,,,,,,,,,,,,,,,我感到压力和担心，因为我的生意下降了,由于covid-19，我的健康状况恶化，我非常担心,由于一些财务问题，我感到非常焦虑,,,,,,,我知道您今天感觉不舒服，想进一步调查是什么困扰着您。你有这种感觉是因为你试图帮助你关心的人吗？,有没有人伤害过你，或者担心过你，你是否因为他们给你带来了这么多麻烦而对他们感到不安？,也许你是想帮助太多，而这个人不会听你的？,谢谢你。这里没有正确或错误的答案，探索事物是好的。当事情不像你想要的那样发展时，你认为你总是要负责吗？,你认为你已经足够仔细地倾听了别人一直试图告诉你的事情吗？,你现在一定很困难，所以我想知道有没有什么大事发生。在你的生活中，有没有什么事情感觉比平常更重要？,这是美好的一天，我感觉很棒。,昨晚我睡得很好，我感到平静和休息，精神状态最好。,我感觉很好，谢谢，你好吗？,很高兴看到你今天如此积极。我可以推荐一个适合您当前心情的协议吗？,感谢您与我分享您的想法。我有一种感觉，你是 {}，是这样吗？,抱歉，有时很难准确评估别人的感受。您想从这份清单中挑选出您正在感受的情绪吗？,我要感谢您今天与我分享您的想法和感受。我真的很想很快再见到你，所以请你有空的时候过来看看。,,,,,
女性,40-49,,,,,,,,,,,,,,,,,,,,,,,,,,,,,,,谢谢你的提问，今天很困难，有点焦虑，它变成了恐惧,此刻焦虑和恐惧加剧了，谢谢你想我。,我继续与我的焦虑作斗争，这是我内心不断的恐惧,,,,,,,我真的很想更多地了解你此刻的生活。你是不是总觉得你必须在意或拯救别人？,好的我明白了。您是否在生活中感受到其他人的压力，或以任何方式受到伤害？,您是否正在体验一种控制感，例如想要控制某个情况或某个人？,当情况出现问题时，您是否觉得自己总是要承担责任？,您是否完全了解您当前情况的另一面，您是否知道或曾经考虑过对他人的影响？,这是您目前生活中特别具有挑战性的时期吗？,世界之巅,再飞一次，谢天谢地,内容与我的很多,杰出的！我们可以看看一些现在可以尝试的协议吗？,感谢你的分享。我相信您是 {}，我这样说是否正确？,哦，对不起。那么最好说你是：,非常感谢您无偿地付出时间。我很快就会再见到你。,,,,,
男性,40-49,,,,,,,,,,,,,,,,,,,,,,,,,,,,,,,老实说，我今天感到压力很大，我担心我在面试中表现不佳，然后我又回到了原点。,不错，谢谢，有点紧张，害怕我不会得到这份工作，只是跑掉了工厂的神经。,更好的伙伴，在这次重要的工作面试中压力很大，我真的需要这份工作，我知道这对我来说是完美的。,,,,,,,首先，让我告诉你，我完全理解你来自哪里以及拥有这些感觉是什么感觉。我想知道，在你的内心深处，你认为总是把别人放在第一位是合理的还是健康的？,说别人经常对你的负面情绪和想法负责，你对此有些无能为力，是否公平？,是否可能是您潜意识地试图引导或指导他人的行为？,你相信当事情没有按计划进行时你应该总是对自己严格吗？,请帮助我理解，因为我想尽我所能支持你。你觉得你通常善于考虑别人的观点吗？,说您目前在个人生活中遇到困难的情况是否准确，例如与亲人或朋友的关系？,我做得很好，谢谢你的提问！,很好，谢谢，你自己呢？,很长一段时间以来我第一次说我对事情感觉非常好。,这是一种很棒的感觉。我可以建议一个协议来帮助增强和保持良好的感觉，它可能真的有帮助吗？,如果我理解正确，您会认为是 {}，这是一个公平的评估吗？,哦，糟糕，对不起；我误解了信号。为避免进一步混淆，请从以下最能反映您当前感受的情绪中选择：,您的参与非常宝贵，非常感谢您的参与。我希望很快能见到你。,,,,,
女性,50-59,,,,,,,,,,,,,,,,,,,,,,,,,,,,,,,我担心进城,我担心袭击我的人会再次跟踪我,,,,,,,,您认为其他人会从您的帮助中受益吗？,其他人可以为你的感受负责吗？,你愿意在人际关系中起带头作用吗？,你是否总是承担责任，即使这可能不是你的错？,你通常会考虑其他人的考虑吗？,你现在最亲近的人有什么重大问题或影响吗？,升职了我感到很开心,一切都很美好谢谢,我很好，感觉很好,极好的！我有一个协议建议让你感觉良好，你想看看吗？,谢谢你。根据您告诉我的情况，我了解到您的感受是 {}，您认为这或多或少地描述了您的感受吗？,我道歉，我一定是误会了。也许您可以从下面的列表中指出哪种情绪最能代表您的感受？,我非常感谢您在这方面花费的时间。我希望能再次见到你。,,,,,
女性,40-49,,,,,,,,,,,,,,,,,,,,,,,,,,,,,,,我现在感觉很紧张。,不太好，现在事情真的让我感到不安。,,,,,,,,您是否认为有时您可能会觉得有必要帮助某人？,你是否有时觉得别人的行为是你感觉的原因？,您是否认为有时您会鼓励人们按照您认为应该的方式行事？,你是否总是觉得你要为实际上不在你控制范围内的事情负责？,你认为你很容易听取与你不同的意见吗？,你现在的生活中是否有一些事情让你特别挣扎？,我感觉很好，谢谢！,太好了，我今天过得很愉快！,嗯，我现在过得很好，谢谢！,真是太棒了！我可以建议一个非常适合保持积极情绪的协议。,非常感谢您的意见。在我看来，您现在感觉{}，这听起来准确吗？,我很抱歉，我很想更好地了解你的感受。你能选择你认为合适的情绪吗？,谢谢，很高兴与你进行这次谈话。我希望我们能很快再见面。,,,,,
男性,40-49,,,,,,,,,,,,,,,,,,,,,,,,,,,,,,,我感觉不太好。我的生活中发生的事情太多了。,我错过了我的作业截止日期，所以我感到非常焦虑。,今天只是我不期待的那些日子之一。,,,,,,,在你的生活中，是否有人觉得可能需要你的帮助？,有人为难你吗？,在不打扰的情况下，我可以问一下你生活中是否有人觉得你的行为不像你希望的那样？,你是否总是对生活中的事情负责？,你认为自己是一个愿意听取别人意见的人吗？,你是否与生活中的人关系紧张，这给你带来了巨大的痛苦？,我感觉好极了。,我很好。,我再好不过了。,精彩的！我向您推荐一个协议，以确保您珍惜这种积极的感觉如何？,谢谢你的开放。从您的回复来看，我认为您有 {} 的感觉，我这样说是否正确？,我真诚地道歉。请您从下面的列表中选择您的实际感受。,我很感谢你今天的参与。我期待在未来与您进行更富有成效的合作。,,,,,
女性,30-39,,,,,,,,,,,,,,,,,,,,,,,,,,,,,,,我对今天的考试感到很焦虑。,我怕我考试不及格。,我不确定我是否已经为考试而学习了足够的知识。,,,,,,,在内心深处，你相信你应该总是帮助别人吗？,你是否发现自己最近总是把你的问题归咎于别人？,您是否认为您可能想要更多地控制其他人，也许是某个因您认为错误的行为而让您感到焦虑的人？,你是否总是认为事情的错误或失败应该归咎于你？,你认为你总是能够考虑别人对问题和事情的看法吗？,您目前在生活中是否有任何个人问题或困难？,我度过了美好的一天。,我真的很高兴，因为今天没有下雨。,我感觉很好，因为我晚上睡得很好。,这真是太好了！如果您愿意，我可以建议一个协议来改善您当前的情绪。,我明白。我相信您有 {} 的感觉，您认为这是正确的吗？,我很抱歉那是不正确的。看看下面的列表，你能告诉我你的感受吗？,谢谢你今天的时间。我希望你能回来多聊几句。,,,,,
女性,18-24,,,,,,,,,,,,,,,,,,,,,,,,,,,,,,,我在孤立中感到焦虑。,我感到非常害怕我周围的世界。,我感到害怕，导致我的焦虑非常高。,,,,,,,你认为自己是一个把别人的需要放在自己之前的人吗？,您个人会认为自己会受到周围其他人的情绪和行为的影响吗？,你相信你对他人的行为和情绪有很大的影响吗？,当出现问题时，你是否把事情放在心上，往往会因为任何错误而责怪自己？,在最近与人的谈话中，你是否充分考虑了他们的观点和观点，并试图通过他们的眼睛来看待情况？,此时此刻，你的生活有没有什么重大的冲突？,很开心，心里很充实。,我自己很满足，我感觉精神抖擞。,非常平静和快乐，我没有任何消极的想法。,很高兴听到你有这种感觉。我有一个协议可以增强这种积极的感觉，你想试试吗？,考虑到您所说的所有内容，我相信您会感觉到 {}，是这种情况吗？如果没有，请随时纠正我。,我很抱歉听到我误解了。请用您自己的话说，您能具体说明您的感受吗？,感谢您在本次会议中信任我。每当您想多说话时，请回来。,,,,,
